{
"type": "FeatureCollection",
"name": "Admin_Kec",
"crs": { "type": "name", "properties": { "name": "urn:ogc:def:crs:OGC:1.3:CRS84" } },
"features": [
{ "type": "Feature", "properties": { "KAB": "KAB SUKOHARJO", "KEC": "KEC. MOJOLABAN", "Sumber": "RTRW Kab. Sukoharjo & Verifikasi Desa", "Tahun": "2014", "Label": "Kec. Mojolaban", "Luas": 3829.2721594999998 }, "geometry": { "type": "Polygon", "coordinates": [ [ [ 110.86626, -7.567528 ], [ 110.86634, -7.567535 ], [ 110.866421, -7.567534 ], [ 110.866502, -7.567528 ], [ 110.866555, -7.567505 ], [ 110.866604, -7.567475 ], [ 110.86665, -7.567439 ], [ 110.866691, -7.567398 ], [ 110.866727, -7.567353 ], [ 110.866757, -7.567303 ], [ 110.866773, -7.567277 ], [ 110.866794, -7.567253 ], [ 110.866818, -7.567233 ], [ 110.866845, -7.567217 ], [ 110.866874, -7.567206 ], [ 110.866905, -7.567199 ], [ 110.866936, -7.567198 ], [ 110.866967, -7.567202 ], [ 110.866997, -7.567211 ], [ 110.867025, -7.567224 ], [ 110.867025, -7.567224 ], [ 110.867051, -7.567242 ], [ 110.867082, -7.567281 ], [ 110.867109, -7.567324 ], [ 110.867129, -7.567369 ], [ 110.867143, -7.567417 ], [ 110.86715, -7.567464 ], [ 110.867163, -7.56751 ], [ 110.86718, -7.567554 ], [ 110.867203, -7.567595 ], [ 110.867231, -7.567633 ], [ 110.867245, -7.567649 ], [ 110.867263, -7.567668 ], [ 110.867336, -7.567696 ], [ 110.867405, -7.567721 ], [ 110.867566, -7.567782 ], [ 110.867607, -7.567796 ], [ 110.867645, -7.567815 ], [ 110.867673, -7.567835 ], [ 110.86768, -7.567841 ], [ 110.86771, -7.567871 ], [ 110.867735, -7.567906 ], [ 110.867755, -7.567944 ], [ 110.867768, -7.567985 ], [ 110.867771, -7.568005 ], [ 110.867774, -7.568028 ], [ 110.867774, -7.568071 ], [ 110.867768, -7.568176 ], [ 110.867764, -7.568239 ], [ 110.867772, -7.56832 ], [ 110.867781, -7.568423 ], [ 110.867783, -7.56845 ], [ 110.867819, -7.568698 ], [ 110.867821, -7.568705 ], [ 110.867869, -7.568936 ], [ 110.867884, -7.569007 ], [ 110.867899, -7.569038 ], [ 110.867923, -7.569025 ], [ 110.868059, -7.568944 ], [ 110.868178, -7.568807 ], [ 110.86825, -7.568682 ], [ 110.868251, -7.568682 ], [ 110.868266, -7.568661 ], [ 110.868308, -7.568603 ], [ 110.868448, -7.568436 ], [ 110.868521, -7.568349 ], [ 110.868761, -7.568066 ], [ 110.868806, -7.568007 ], [ 110.868934, -7.567839 ], [ 110.869072, -7.567657 ], [ 110.869333, -7.567313 ], [ 110.869458, -7.567132 ], [ 110.869459, -7.567132 ], [ 110.869459, -7.567132 ], [ 110.869492, -7.567147 ], [ 110.87043, -7.567553 ], [ 110.87068, -7.567661 ], [ 110.87155, -7.568037 ], [ 110.87167, -7.568089 ], [ 110.871794, -7.568143 ], [ 110.872184, -7.568312 ], [ 110.872913, -7.568627 ], [ 110.872915, -7.568625 ], [ 110.873176, -7.568812 ], [ 110.873201, -7.568829 ], [ 110.873328, -7.568929 ], [ 110.873357, -7.568952 ], [ 110.873578, -7.569085 ], [ 110.873748, -7.569187 ], [ 110.874029, -7.569348 ], [ 110.874134, -7.569406 ], [ 110.874678, -7.569706 ], [ 110.87493, -7.569854 ], [ 110.875053, -7.569922 ], [ 110.875139, -7.569968 ], [ 110.875565, -7.570154 ], [ 110.876165, -7.570441 ], [ 110.876172, -7.570445 ], [ 110.876387, -7.570525 ], [ 110.876982, -7.570755 ], [ 110.877263, -7.570864 ], [ 110.878104, -7.571169 ], [ 110.878204, -7.571206 ], [ 110.878566, -7.571337 ], [ 110.879143, -7.571547 ], [ 110.87937, -7.571637 ], [ 110.879627, -7.571739 ], [ 110.880426, -7.572056 ], [ 110.880558, -7.572112 ], [ 110.880916, -7.572266 ], [ 110.881643, -7.572579 ], [ 110.881689, -7.572599 ], [ 110.882177, -7.572814 ], [ 110.882751, -7.57306 ], [ 110.883423, -7.573348 ], [ 110.883646, -7.573457 ], [ 110.885063, -7.574063 ], [ 110.885449, -7.574227 ], [ 110.885508, -7.574252 ], [ 110.885945, -7.574436 ], [ 110.886058, -7.574484 ], [ 110.886682, -7.574747 ], [ 110.886749, -7.574776 ], [ 110.886912, -7.574844 ], [ 110.887133, -7.574938 ], [ 110.887302, -7.575009 ], [ 110.887396, -7.575049 ], [ 110.887723, -7.575187 ], [ 110.888021, -7.575313 ], [ 110.888555, -7.575495 ], [ 110.888694, -7.575542 ], [ 110.889291, -7.575745 ], [ 110.889771, -7.575909 ], [ 110.889932, -7.575963 ], [ 110.890157, -7.576042 ], [ 110.890819, -7.576272 ], [ 110.890994, -7.576333 ], [ 110.891228, -7.576415 ], [ 110.892071, -7.57671 ], [ 110.892412, -7.576824 ], [ 110.892474, -7.576844 ], [ 110.893055, -7.577038 ], [ 110.893464, -7.577176 ], [ 110.89403, -7.577366 ], [ 110.894103, -7.57739 ], [ 110.894336, -7.577469 ], [ 110.894867, -7.577647 ], [ 110.89505, -7.577711 ], [ 110.895475, -7.577861 ], [ 110.896161, -7.578101 ], [ 110.896228, -7.578124 ], [ 110.896606, -7.578254 ], [ 110.896855, -7.57834 ], [ 110.897133, -7.578446 ], [ 110.897525, -7.57859 ], [ 110.898094, -7.578799 ], [ 110.898637, -7.578998 ], [ 110.898651, -7.579003 ], [ 110.899227, -7.579207 ], [ 110.899988, -7.579478 ], [ 110.900406, -7.579626 ], [ 110.900692, -7.579728 ], [ 110.901089, -7.579869 ], [ 110.901173, -7.579899 ], [ 110.901532, -7.58004 ], [ 110.901653, -7.580088 ], [ 110.902283, -7.580337 ], [ 110.902472, -7.580412 ], [ 110.903299, -7.580739 ], [ 110.903309, -7.580743 ], [ 110.903494, -7.580817 ], [ 110.90453, -7.581231 ], [ 110.90489, -7.581376 ], [ 110.905456, -7.581602 ], [ 110.905726, -7.58171 ], [ 110.906074, -7.581845 ], [ 110.906598, -7.582047 ], [ 110.906951, -7.582184 ], [ 110.90704, -7.582218 ], [ 110.907227, -7.582292 ], [ 110.907745, -7.582495 ], [ 110.907926, -7.582561 ], [ 110.908094, -7.582626 ], [ 110.908516, -7.582789 ], [ 110.909183, -7.583048 ], [ 110.909732, -7.58326 ], [ 110.910152, -7.583423 ], [ 110.910827, -7.583684 ], [ 110.911277, -7.583858 ], [ 110.91174, -7.584037 ], [ 110.912429, -7.584304 ], [ 110.912399, -7.58439 ], [ 110.912317, -7.584666 ], [ 110.912296, -7.584737 ], [ 110.912244, -7.584931 ], [ 110.912231, -7.585023 ], [ 110.912212, -7.585174 ], [ 110.912168, -7.585339 ], [ 110.912134, -7.585531 ], [ 110.912097, -7.585737 ], [ 110.912055, -7.585976 ], [ 110.911924, -7.586496 ], [ 110.911793, -7.587073 ], [ 110.911633, -7.587689 ], [ 110.911518, -7.588175 ], [ 110.911352, -7.588891 ], [ 110.911168, -7.589589 ], [ 110.911096, -7.589951 ], [ 110.910985, -7.590451 ], [ 110.91093, -7.590814 ], [ 110.910847, -7.590915 ], [ 110.910825, -7.591024 ], [ 110.91076, -7.59119 ], [ 110.910329, -7.592004 ], [ 110.909885, -7.592864 ], [ 110.909408, -7.593727 ], [ 110.909362, -7.593805 ], [ 110.909315, -7.593912 ], [ 110.909197, -7.594336 ], [ 110.909193, -7.594345 ], [ 110.909023, -7.594686 ], [ 110.908885, -7.594902 ], [ 110.908796, -7.595043 ], [ 110.90876, -7.595133 ], [ 110.908666, -7.595368 ], [ 110.908635, -7.595493 ], [ 110.908575, -7.595738 ], [ 110.908574, -7.595744 ], [ 110.908512, -7.596062 ], [ 110.908468, -7.596287 ], [ 110.908451, -7.596379 ], [ 110.908363, -7.597048 ], [ 110.908289, -7.597521 ], [ 110.908274, -7.597614 ], [ 110.908184, -7.598151 ], [ 110.908056, -7.599116 ], [ 110.907854, -7.60033 ], [ 110.907841, -7.600423 ], [ 110.907839, -7.600441 ], [ 110.907742, -7.601144 ], [ 110.907596, -7.602001 ], [ 110.907474, -7.602962 ], [ 110.907295, -7.604059 ], [ 110.907099, -7.605297 ], [ 110.906991, -7.606082 ], [ 110.906943, -7.606325 ], [ 110.906732, -7.607146 ], [ 110.906488, -7.607907 ], [ 110.906279, -7.608657 ], [ 110.906164, -7.609042 ], [ 110.905781, -7.610015 ], [ 110.905674, -7.610519 ], [ 110.904955, -7.610381 ], [ 110.904734, -7.610865 ], [ 110.904712, -7.610915 ], [ 110.904592, -7.611151 ], [ 110.904692, -7.61123 ], [ 110.904728, -7.611249 ], [ 110.904776, -7.611269 ], [ 110.904851, -7.611291 ], [ 110.904916, -7.611302 ], [ 110.905005, -7.611307 ], [ 110.905093, -7.611311 ], [ 110.905208, -7.611305 ], [ 110.90529, -7.611293 ], [ 110.905318, -7.611283 ], [ 110.905385, -7.611261 ], [ 110.905406, -7.611256 ], [ 110.905455, -7.611253 ], [ 110.905478, -7.611252 ], [ 110.90549, -7.611252 ], [ 110.90552, -7.611259 ], [ 110.905573, -7.611284 ], [ 110.905596, -7.611311 ], [ 110.905624, -7.61136 ], [ 110.905645, -7.611411 ], [ 110.905661, -7.611482 ], [ 110.905676, -7.611551 ], [ 110.905721, -7.611679 ], [ 110.905825, -7.611775 ], [ 110.905907, -7.61186 ], [ 110.905925, -7.611877 ], [ 110.905932, -7.611881 ], [ 110.90594, -7.611902 ], [ 110.905746, -7.611989 ], [ 110.90545, -7.612124 ], [ 110.905204, -7.612151 ], [ 110.905169, -7.612453 ], [ 110.90511, -7.612922 ], [ 110.905026, -7.613152 ], [ 110.904924, -7.613597 ], [ 110.904829, -7.614006 ], [ 110.904788, -7.614182 ], [ 110.904784, -7.614185 ], [ 110.904782, -7.614187 ], [ 110.904774, -7.614194 ], [ 110.904483, -7.614264 ], [ 110.904348, -7.614286 ], [ 110.904285, -7.614297 ], [ 110.90413, -7.614322 ], [ 110.903873, -7.614364 ], [ 110.903803, -7.614376 ], [ 110.903537, -7.614424 ], [ 110.903224, -7.614481 ], [ 110.903122, -7.6145 ], [ 110.903099, -7.614504 ], [ 110.902704, -7.614576 ], [ 110.902661, -7.614579 ], [ 110.902048, -7.61461 ], [ 110.901849, -7.61462 ], [ 110.90184, -7.61462 ], [ 110.901305, -7.614655 ], [ 110.90104, -7.614679 ], [ 110.900906, -7.614691 ], [ 110.900886, -7.614694 ], [ 110.900307, -7.614758 ], [ 110.900235, -7.614771 ], [ 110.900204, -7.614777 ], [ 110.90018, -7.614759 ], [ 110.89977, -7.61481 ], [ 110.899616, -7.614828 ], [ 110.899331, -7.61487 ], [ 110.899042, -7.614913 ], [ 110.89887, -7.614938 ], [ 110.898811, -7.61493 ], [ 110.898715, -7.614916 ], [ 110.898348, -7.614863 ], [ 110.897891, -7.614797 ], [ 110.897748, -7.614778 ], [ 110.897539, -7.61475 ], [ 110.897154, -7.614698 ], [ 110.897097, -7.61469 ], [ 110.89698, -7.614675 ], [ 110.89689, -7.614675 ], [ 110.89675, -7.614676 ], [ 110.896453, -7.614677 ], [ 110.896399, -7.614677 ], [ 110.896203, -7.614644 ], [ 110.896155, -7.614636 ], [ 110.89597, -7.614585 ], [ 110.895807, -7.614541 ], [ 110.895498, -7.614456 ], [ 110.895469, -7.614448 ], [ 110.895397, -7.614428 ], [ 110.895314, -7.614406 ], [ 110.894957, -7.614308 ], [ 110.894929, -7.614305 ], [ 110.894766, -7.614287 ], [ 110.894368, -7.614241 ], [ 110.894073, -7.614174 ], [ 110.893968, -7.61415 ], [ 110.893565, -7.614058 ], [ 110.89356, -7.614057 ], [ 110.893329, -7.613999 ], [ 110.89261, -7.613817 ], [ 110.892582, -7.61381 ], [ 110.89248, -7.613785 ], [ 110.892424, -7.61377 ], [ 110.892295, -7.613766 ], [ 110.892155, -7.613736 ], [ 110.89161, -7.613558 ], [ 110.891566, -7.613542 ], [ 110.89093, -7.613316 ], [ 110.890928, -7.613304 ], [ 110.890929, -7.613303 ], [ 110.890707, -7.61322 ], [ 110.89059, -7.613176 ], [ 110.890478, -7.613134 ], [ 110.890235, -7.613044 ], [ 110.890056, -7.612978 ], [ 110.889949, -7.612938 ], [ 110.889613, -7.612814 ], [ 110.889553, -7.61279 ], [ 110.889506, -7.612771 ], [ 110.889429, -7.612742 ], [ 110.889094, -7.612616 ], [ 110.888581, -7.612424 ], [ 110.888541, -7.612409 ], [ 110.888229, -7.61229 ], [ 110.887843, -7.612143 ], [ 110.887755, -7.612109 ], [ 110.887375, -7.611983 ], [ 110.88724, -7.611939 ], [ 110.886677, -7.611752 ], [ 110.886565, -7.611715 ], [ 110.886127, -7.61157 ], [ 110.886021, -7.611551 ], [ 110.886006, -7.611549 ], [ 110.885678, -7.611506 ], [ 110.885278, -7.611454 ], [ 110.885069, -7.611427 ], [ 110.884918, -7.611407 ], [ 110.884641, -7.61137 ], [ 110.884352, -7.611331 ], [ 110.884174, -7.611307 ], [ 110.883836, -7.611262 ], [ 110.883418, -7.611206 ], [ 110.883005, -7.611151 ], [ 110.882549, -7.61109 ], [ 110.882324, -7.611062 ], [ 110.882144, -7.61104 ], [ 110.881577, -7.610969 ], [ 110.881412, -7.610949 ], [ 110.881261, -7.610931 ], [ 110.881211, -7.611142 ], [ 110.881086, -7.611663 ], [ 110.881357, -7.611778 ], [ 110.881395, -7.611884 ], [ 110.881381, -7.612073 ], [ 110.88135, -7.612324 ], [ 110.881266, -7.612633 ], [ 110.881237, -7.612745 ], [ 110.880842, -7.612656 ], [ 110.880614, -7.612601 ], [ 110.880463, -7.612599 ], [ 110.88037, -7.612611 ], [ 110.88027, -7.612608 ], [ 110.879989, -7.612516 ], [ 110.879963, -7.612512 ], [ 110.879837, -7.613274 ], [ 110.879757, -7.613861 ], [ 110.879752, -7.613899 ], [ 110.879737, -7.614009 ], [ 110.879729, -7.614067 ], [ 110.879641, -7.614547 ], [ 110.879612, -7.614707 ], [ 110.8796, -7.614759 ], [ 110.87945, -7.615398 ], [ 110.87933, -7.616028 ], [ 110.879296, -7.616206 ], [ 110.879282, -7.616275 ], [ 110.879278, -7.616294 ], [ 110.879609, -7.61633 ], [ 110.879873, -7.616393 ], [ 110.880002, -7.616454 ], [ 110.88005, -7.616489 ], [ 110.880106, -7.61651 ], [ 110.880323, -7.616535 ], [ 110.880353, -7.617031 ], [ 110.88035, -7.617133 ], [ 110.880274, -7.617638 ], [ 110.880159, -7.617984 ], [ 110.880069, -7.618226 ], [ 110.879908, -7.618373 ], [ 110.879833, -7.618417 ], [ 110.879816, -7.618455 ], [ 110.879816, -7.618461 ], [ 110.879874, -7.618474 ], [ 110.880007, -7.618505 ], [ 110.880058, -7.618517 ], [ 110.880115, -7.61853 ], [ 110.880583, -7.618639 ], [ 110.880699, -7.618666 ], [ 110.880844, -7.618697 ], [ 110.881499, -7.61884 ], [ 110.881687, -7.61888 ], [ 110.881723, -7.618888 ], [ 110.881752, -7.618894 ], [ 110.881792, -7.618901 ], [ 110.881823, -7.618906 ], [ 110.88212, -7.618959 ], [ 110.882577, -7.619039 ], [ 110.882597, -7.619043 ], [ 110.88264, -7.619051 ], [ 110.882701, -7.619068 ], [ 110.88272, -7.619076 ], [ 110.882756, -7.61909 ], [ 110.88277, -7.619097 ], [ 110.882817, -7.619123 ], [ 110.882855, -7.619149 ], [ 110.882869, -7.619159 ], [ 110.882918, -7.6192 ], [ 110.882952, -7.619237 ], [ 110.882969, -7.619253 ], [ 110.882997, -7.619284 ], [ 110.883013, -7.619305 ], [ 110.883061, -7.619357 ], [ 110.883155, -7.619461 ], [ 110.883201, -7.619499 ], [ 110.883251, -7.619531 ], [ 110.883305, -7.619557 ], [ 110.883321, -7.619563 ], [ 110.883361, -7.619577 ], [ 110.883419, -7.61959 ], [ 110.883503, -7.619618 ], [ 110.883585, -7.619651 ], [ 110.883664, -7.61969 ], [ 110.883717, -7.61972 ], [ 110.883741, -7.619734 ], [ 110.884029, -7.619881 ], [ 110.884355, -7.620047 ], [ 110.884591, -7.620168 ], [ 110.884698, -7.620222 ], [ 110.884897, -7.620309 ], [ 110.885118, -7.620418 ], [ 110.885129, -7.620427 ], [ 110.885335, -7.620615 ], [ 110.88535, -7.620629 ], [ 110.885522, -7.620786 ], [ 110.885564, -7.620824 ], [ 110.885568, -7.620828 ], [ 110.88534, -7.621176 ], [ 110.885313, -7.621216 ], [ 110.885242, -7.621324 ], [ 110.885171, -7.621436 ], [ 110.885106, -7.621533 ], [ 110.885105, -7.621535 ], [ 110.885046, -7.621678 ], [ 110.885026, -7.621728 ], [ 110.884937, -7.621943 ], [ 110.884925, -7.621997 ], [ 110.884897, -7.622137 ], [ 110.88489, -7.622173 ], [ 110.884867, -7.622289 ], [ 110.884807, -7.622597 ], [ 110.884791, -7.622689 ], [ 110.884702, -7.623207 ], [ 110.884689, -7.623285 ], [ 110.884605, -7.623777 ], [ 110.884595, -7.623839 ], [ 110.884584, -7.623913 ], [ 110.884577, -7.623973 ], [ 110.884571, -7.623997 ], [ 110.884543, -7.624182 ], [ 110.884542, -7.624196 ], [ 110.884543, -7.624211 ], [ 110.884547, -7.624224 ], [ 110.884547, -7.624224 ], [ 110.884532, -7.624349 ], [ 110.88442, -7.624672 ], [ 110.884288, -7.624746 ], [ 110.884142, -7.624778 ], [ 110.884103, -7.624786 ], [ 110.883973, -7.62477 ], [ 110.883915, -7.624778 ], [ 110.883862, -7.624785 ], [ 110.883823, -7.624723 ], [ 110.883801, -7.624689 ], [ 110.883736, -7.624608 ], [ 110.883667, -7.624532 ], [ 110.883593, -7.62446 ], [ 110.883514, -7.624393 ], [ 110.883431, -7.624331 ], [ 110.883345, -7.624274 ], [ 110.883255, -7.624223 ], [ 110.883162, -7.624177 ], [ 110.883076, -7.62415 ], [ 110.883053, -7.624144 ], [ 110.882988, -7.624127 ], [ 110.882942, -7.624118 ], [ 110.882899, -7.624109 ], [ 110.882809, -7.624096 ], [ 110.882718, -7.624088 ], [ 110.882666, -7.624076 ], [ 110.882612, -7.624072 ], [ 110.882559, -7.624074 ], [ 110.882506, -7.624083 ], [ 110.882454, -7.624098 ], [ 110.882405, -7.62412 ], [ 110.882359, -7.624148 ], [ 110.882317, -7.624181 ], [ 110.88228, -7.62422 ], [ 110.882247, -7.624262 ], [ 110.882221, -7.624309 ], [ 110.882203, -7.624349 ], [ 110.882201, -7.624352 ], [ 110.88218, -7.624386 ], [ 110.882151, -7.62442 ], [ 110.882118, -7.624449 ], [ 110.882081, -7.624473 ], [ 110.882041, -7.624491 ], [ 110.881999, -7.624503 ], [ 110.881955, -7.624509 ], [ 110.881911, -7.624509 ], [ 110.881868, -7.624502 ], [ 110.881834, -7.624492 ], [ 110.881825, -7.624489 ], [ 110.881786, -7.62447 ], [ 110.881711, -7.624409 ], [ 110.881653, -7.624362 ], [ 110.881631, -7.624344 ], [ 110.881537, -7.624267 ], [ 110.881493, -7.624216 ], [ 110.881444, -7.624169 ], [ 110.881405, -7.624139 ], [ 110.88139, -7.624128 ], [ 110.881333, -7.624091 ], [ 110.881273, -7.624061 ], [ 110.88121, -7.624036 ], [ 110.881145, -7.624017 ], [ 110.881094, -7.624008 ], [ 110.881079, -7.624005 ], [ 110.881011, -7.623999 ], [ 110.880944, -7.624 ], [ 110.880877, -7.624007 ], [ 110.88081, -7.62402 ], [ 110.880746, -7.62404 ], [ 110.880683, -7.624066 ], [ 110.880624, -7.624098 ], [ 110.880567, -7.624135 ], [ 110.880553, -7.624146 ], [ 110.880447, -7.624249 ], [ 110.880327, -7.624409 ], [ 110.880145, -7.624832 ], [ 110.88013, -7.624881 ], [ 110.880111, -7.624941 ], [ 110.880088, -7.625011 ], [ 110.880083, -7.625121 ], [ 110.880061, -7.625523 ], [ 110.880039, -7.625598 ], [ 110.880012, -7.625669 ], [ 110.880004, -7.62569 ], [ 110.879965, -7.62577 ], [ 110.87992, -7.625847 ], [ 110.8799, -7.625876 ], [ 110.879869, -7.625919 ], [ 110.879813, -7.625988 ], [ 110.879751, -7.626051 ], [ 110.879684, -7.62611 ], [ 110.879613, -7.626163 ], [ 110.879558, -7.626197 ], [ 110.879538, -7.62621 ], [ 110.879459, -7.626251 ], [ 110.879414, -7.62627 ], [ 110.879377, -7.626285 ], [ 110.879293, -7.626313 ], [ 110.879272, -7.626318 ], [ 110.879206, -7.626334 ], [ 110.879119, -7.626348 ], [ 110.87903, -7.626355 ], [ 110.878941, -7.626355 ], [ 110.878873, -7.62635 ], [ 110.878853, -7.626348 ], [ 110.878616, -7.626315 ], [ 110.878552, -7.626274 ], [ 110.878442, -7.626202 ], [ 110.878415, -7.626158 ], [ 110.878394, -7.626111 ], [ 110.878392, -7.626106 ], [ 110.878378, -7.626062 ], [ 110.878369, -7.626012 ], [ 110.878366, -7.625961 ], [ 110.878369, -7.62591 ], [ 110.878378, -7.625859 ], [ 110.878394, -7.62581 ], [ 110.878415, -7.625764 ], [ 110.878442, -7.62572 ], [ 110.878505, -7.625609 ], [ 110.878616, -7.62541 ], [ 110.878853, -7.624989 ], [ 110.878873, -7.624954 ], [ 110.878875, -7.62495 ], [ 110.878886, -7.62493 ], [ 110.878898, -7.624857 ], [ 110.878911, -7.624784 ], [ 110.878974, -7.624407 ], [ 110.878982, -7.624359 ], [ 110.878969, -7.624242 ], [ 110.878968, -7.624233 ], [ 110.878944, -7.624015 ], [ 110.878922, -7.623823 ], [ 110.878896, -7.623775 ], [ 110.878865, -7.62373 ], [ 110.878847, -7.623709 ], [ 110.878829, -7.623688 ], [ 110.878789, -7.62365 ], [ 110.878768, -7.623635 ], [ 110.878745, -7.623618 ], [ 110.878698, -7.62359 ], [ 110.878648, -7.623567 ], [ 110.878595, -7.62355 ], [ 110.878542, -7.623539 ], [ 110.878476, -7.623536 ], [ 110.878395, -7.623531 ], [ 110.878248, -7.623524 ], [ 110.877783, -7.623572 ], [ 110.877735, -7.623579 ], [ 110.877688, -7.623593 ], [ 110.877643, -7.623613 ], [ 110.877602, -7.623638 ], [ 110.877564, -7.623669 ], [ 110.87753, -7.623704 ], [ 110.877501, -7.623743 ], [ 110.877478, -7.623786 ], [ 110.87746, -7.623832 ], [ 110.877449, -7.623879 ], [ 110.877449, -7.623884 ], [ 110.877444, -7.623928 ], [ 110.877393, -7.624236 ], [ 110.877348, -7.624296 ], [ 110.877344, -7.624302 ], [ 110.877289, -7.624364 ], [ 110.877229, -7.624421 ], [ 110.877165, -7.624473 ], [ 110.877097, -7.624519 ], [ 110.877025, -7.624559 ], [ 110.87695, -7.624594 ], [ 110.876872, -7.624622 ], [ 110.876831, -7.624633 ], [ 110.876792, -7.624643 ], [ 110.876711, -7.624658 ], [ 110.876629, -7.624666 ], [ 110.876546, -7.624667 ], [ 110.876464, -7.624661 ], [ 110.876382, -7.624648 ], [ 110.876304, -7.624639 ], [ 110.875885, -7.624588 ], [ 110.875845, -7.624571 ], [ 110.875564, -7.624448 ], [ 110.875528, -7.624433 ], [ 110.875422, -7.624357 ], [ 110.875381, -7.624327 ], [ 110.875264, -7.624244 ], [ 110.875131, -7.624125 ], [ 110.875, -7.624008 ], [ 110.874795, -7.623789 ], [ 110.874765, -7.623769 ], [ 110.874599, -7.623696 ], [ 110.874567, -7.623689 ], [ 110.874536, -7.623687 ], [ 110.874504, -7.62369 ], [ 110.874473, -7.623698 ], [ 110.874444, -7.623712 ], [ 110.874418, -7.623729 ], [ 110.874395, -7.623751 ], [ 110.874376, -7.623777 ], [ 110.874361, -7.623805 ], [ 110.874351, -7.623835 ], [ 110.874347, -7.623867 ], [ 110.874335, -7.624133 ], [ 110.874329, -7.624164 ], [ 110.874318, -7.624194 ], [ 110.874303, -7.624222 ], [ 110.874283, -7.624247 ], [ 110.874259, -7.624268 ], [ 110.874233, -7.624285 ], [ 110.874203, -7.624297 ], [ 110.874173, -7.624305 ], [ 110.874144, -7.624307 ], [ 110.874141, -7.624307 ], [ 110.874109, -7.624304 ], [ 110.874079, -7.624296 ], [ 110.87405, -7.624283 ], [ 110.873998, -7.624243 ], [ 110.873786, -7.624079 ], [ 110.873779, -7.624076 ], [ 110.873588, -7.623998 ], [ 110.87324, -7.623968 ], [ 110.872724, -7.623783 ], [ 110.87267, -7.623743 ], [ 110.872557, -7.62366 ], [ 110.872319, -7.623447 ], [ 110.872206, -7.623345 ], [ 110.87211, -7.623259 ], [ 110.871918, -7.623124 ], [ 110.871845, -7.623095 ], [ 110.87177, -7.623072 ], [ 110.871693, -7.623055 ], [ 110.871657, -7.623051 ], [ 110.871615, -7.623045 ], [ 110.871536, -7.623041 ], [ 110.871458, -7.623044 ], [ 110.871425, -7.623047 ], [ 110.87138, -7.623053 ], [ 110.871302, -7.623068 ], [ 110.871227, -7.62309 ], [ 110.871153, -7.623118 ], [ 110.870955, -7.623229 ], [ 110.870816, -7.623406 ], [ 110.870813, -7.623411 ], [ 110.870768, -7.623518 ], [ 110.870688, -7.623707 ], [ 110.870658, -7.623832 ], [ 110.870655, -7.623845 ], [ 110.870656, -7.623853 ], [ 110.870663, -7.623921 ], [ 110.870677, -7.623996 ], [ 110.870696, -7.624069 ], [ 110.870721, -7.624141 ], [ 110.870654, -7.624145 ], [ 110.870622, -7.624147 ], [ 110.870425, -7.624134 ], [ 110.869918, -7.624102 ], [ 110.869879, -7.624302 ], [ 110.869866, -7.624426 ], [ 110.869836, -7.624706 ], [ 110.869819, -7.624699 ], [ 110.869819, -7.624703 ], [ 110.869634, -7.624691 ], [ 110.868401, -7.624613 ], [ 110.865868, -7.624465 ], [ 110.863824, -7.62436 ], [ 110.861371, -7.624209 ], [ 110.860863, -7.624194 ], [ 110.860906, -7.623939 ], [ 110.860864, -7.623868 ], [ 110.860696, -7.62381 ], [ 110.860442, -7.623733 ], [ 110.859936, -7.623556 ], [ 110.859142, -7.623223 ], [ 110.858725, -7.623027 ], [ 110.858619, -7.622919 ], [ 110.858585, -7.622857 ], [ 110.858514, -7.622811 ], [ 110.858418, -7.622773 ], [ 110.858343, -7.622742 ], [ 110.85829, -7.622716 ], [ 110.858274, -7.622637 ], [ 110.85825, -7.62256 ], [ 110.858163, -7.622502 ], [ 110.858019, -7.622471 ], [ 110.85777, -7.622395 ], [ 110.857547, -7.622332 ], [ 110.857405, -7.622272 ], [ 110.857322, -7.622198 ], [ 110.857228, -7.622064 ], [ 110.857134, -7.622016 ], [ 110.856967, -7.622016 ], [ 110.856801, -7.621999 ], [ 110.856662, -7.621973 ], [ 110.856607, -7.621904 ], [ 110.856602, -7.621786 ], [ 110.856624, -7.621722 ], [ 110.856703, -7.621652 ], [ 110.856727, -7.621605 ], [ 110.856681, -7.621542 ], [ 110.856592, -7.621514 ], [ 110.856391, -7.621552 ], [ 110.856151, -7.621583 ], [ 110.856038, -7.621566 ], [ 110.855911, -7.621528 ], [ 110.85582, -7.621475 ], [ 110.85571, -7.621446 ], [ 110.855609, -7.621446 ], [ 110.855568, -7.621434 ], [ 110.855569, -7.621429 ], [ 110.85556, -7.621416 ], [ 110.855554, -7.621408 ], [ 110.855602, -7.62119 ], [ 110.855615, -7.621131 ], [ 110.855689, -7.620795 ], [ 110.855691, -7.620786 ], [ 110.855755, -7.620489 ], [ 110.855772, -7.620409 ], [ 110.855969, -7.61949 ], [ 110.856056, -7.619054 ], [ 110.856096, -7.61885 ], [ 110.856137, -7.618643 ], [ 110.856137, -7.618638 ], [ 110.856166, -7.618491 ], [ 110.856287, -7.617873 ], [ 110.856344, -7.617581 ], [ 110.856434, -7.617142 ], [ 110.856554, -7.616561 ], [ 110.856564, -7.616512 ], [ 110.856581, -7.616427 ], [ 110.856713, -7.615772 ], [ 110.856744, -7.615659 ], [ 110.856776, -7.615508 ], [ 110.856962, -7.614639 ], [ 110.857165, -7.613684 ], [ 110.857186, -7.613588 ], [ 110.857245, -7.613304 ], [ 110.857327, -7.612916 ], [ 110.857467, -7.612244 ], [ 110.857492, -7.612126 ], [ 110.857499, -7.612091 ], [ 110.857501, -7.612085 ], [ 110.857544, -7.611877 ], [ 110.857615, -7.611539 ], [ 110.857676, -7.611249 ], [ 110.857685, -7.611205 ], [ 110.857748, -7.610903 ], [ 110.857752, -7.610886 ], [ 110.857778, -7.610762 ], [ 110.857784, -7.610734 ], [ 110.857805, -7.61063 ], [ 110.857808, -7.610619 ], [ 110.857809, -7.61061 ], [ 110.857802, -7.610605 ], [ 110.857749, -7.610576 ], [ 110.85773, -7.610573 ], [ 110.857547, -7.610547 ], [ 110.857323, -7.610507 ], [ 110.857204, -7.610455 ], [ 110.857035, -7.610444 ], [ 110.85676, -7.61044 ], [ 110.856595, -7.610432 ], [ 110.856442, -7.610419 ], [ 110.856066, -7.610363 ], [ 110.85574, -7.61026 ], [ 110.855467, -7.61015 ], [ 110.855264, -7.610068 ], [ 110.855103, -7.609997 ], [ 110.854918, -7.609932 ], [ 110.854615, -7.609836 ], [ 110.854435, -7.609849 ], [ 110.854291, -7.609899 ], [ 110.854164, -7.609957 ], [ 110.853988, -7.609974 ], [ 110.853546, -7.609947 ], [ 110.853174, -7.609899 ], [ 110.852827, -7.609866 ], [ 110.852635, -7.609851 ], [ 110.852481, -7.609835 ], [ 110.852397, -7.609845 ], [ 110.852345, -7.609891 ], [ 110.852247, -7.61018 ], [ 110.852042, -7.610687 ], [ 110.85193, -7.610875 ], [ 110.851865, -7.611036 ], [ 110.851761, -7.611443 ], [ 110.851579, -7.612226 ], [ 110.85146, -7.612232 ], [ 110.851245, -7.612211 ], [ 110.851181, -7.612347 ], [ 110.851124, -7.61245 ], [ 110.850966, -7.61255 ], [ 110.850692, -7.61263 ], [ 110.850423, -7.612741 ], [ 110.850237, -7.612756 ], [ 110.85016, -7.612768 ], [ 110.849997, -7.613114 ], [ 110.850341, -7.613224 ], [ 110.850306, -7.613382 ], [ 110.850291, -7.613524 ], [ 110.850189, -7.613823 ], [ 110.850166, -7.61394 ], [ 110.850342, -7.614016 ], [ 110.850762, -7.614112 ], [ 110.850899, -7.614164 ], [ 110.851012, -7.614191 ], [ 110.851054, -7.614218 ], [ 110.850983, -7.614396 ], [ 110.850897, -7.614597 ], [ 110.850866, -7.614713 ], [ 110.850783, -7.614857 ], [ 110.850724, -7.61497 ], [ 110.850697, -7.615039 ], [ 110.850729, -7.615085 ], [ 110.851689, -7.615323 ], [ 110.851894, -7.61539 ], [ 110.851925, -7.615422 ], [ 110.851909, -7.615529 ], [ 110.851907, -7.615713 ], [ 110.851925, -7.615807 ], [ 110.851923, -7.616108 ], [ 110.851886, -7.616221 ], [ 110.851859, -7.616311 ], [ 110.851838, -7.616462 ], [ 110.851819, -7.616592 ], [ 110.851765, -7.616636 ], [ 110.8516, -7.616638 ], [ 110.851404, -7.616613 ], [ 110.851243, -7.616573 ], [ 110.85103, -7.616511 ], [ 110.850886, -7.616458 ], [ 110.850616, -7.616285 ], [ 110.850508, -7.61618 ], [ 110.850414, -7.61609 ], [ 110.850357, -7.616048 ], [ 110.850315, -7.616086 ], [ 110.850263, -7.616276 ], [ 110.850238, -7.616364 ], [ 110.850123, -7.616297 ], [ 110.849017, -7.615768 ], [ 110.848896, -7.616158 ], [ 110.848622, -7.616953 ], [ 110.848074, -7.618655 ], [ 110.848069, -7.618655 ], [ 110.847971, -7.618657 ], [ 110.847764, -7.618647 ], [ 110.847637, -7.618707 ], [ 110.847517, -7.618796 ], [ 110.847409, -7.618863 ], [ 110.847309, -7.618853 ], [ 110.847256, -7.618781 ], [ 110.847184, -7.618654 ], [ 110.847059, -7.618546 ], [ 110.846978, -7.618525 ], [ 110.846858, -7.618542 ], [ 110.846767, -7.618546 ], [ 110.846668, -7.618513 ], [ 110.846623, -7.618472 ], [ 110.846577, -7.61834 ], [ 110.846541, -7.618252 ], [ 110.846488, -7.618197 ], [ 110.846409, -7.618154 ], [ 110.846311, -7.618144 ], [ 110.846237, -7.61818 ], [ 110.846205, -7.618285 ], [ 110.846201, -7.618415 ], [ 110.846196, -7.618515 ], [ 110.846164, -7.618551 ], [ 110.846112, -7.618556 ], [ 110.846028, -7.618553 ], [ 110.845968, -7.618565 ], [ 110.845925, -7.618615 ], [ 110.845898, -7.61869 ], [ 110.845769, -7.618955 ], [ 110.84567, -7.619106 ], [ 110.845584, -7.619187 ], [ 110.845512, -7.619206 ], [ 110.845337, -7.619163 ], [ 110.845207, -7.619099 ], [ 110.845104, -7.618996 ], [ 110.845039, -7.61891 ], [ 110.844979, -7.618718 ], [ 110.844931, -7.618598 ], [ 110.844852, -7.618543 ], [ 110.844766, -7.618498 ], [ 110.84426, -7.618213 ], [ 110.844061, -7.618124 ], [ 110.843886, -7.618088 ], [ 110.843792, -7.618119 ], [ 110.843615, -7.618292 ], [ 110.843545, -7.618404 ], [ 110.84342, -7.618579 ], [ 110.843219, -7.619045 ], [ 110.843123, -7.619321 ], [ 110.843007, -7.619565 ], [ 110.842894, -7.619801 ], [ 110.842767, -7.619935 ], [ 110.84264, -7.619974 ], [ 110.842552, -7.619977 ], [ 110.842501, -7.619978 ], [ 110.842419, -7.619923 ], [ 110.842336, -7.619794 ], [ 110.842283, -7.619729 ], [ 110.842187, -7.619691 ], [ 110.84205, -7.61965 ], [ 110.841858, -7.619588 ], [ 110.841539, -7.619452 ], [ 110.840978, -7.619195 ], [ 110.840757, -7.619157 ], [ 110.840561, -7.619188 ], [ 110.84033, -7.619133 ], [ 110.840091, -7.619027 ], [ 110.839906, -7.618984 ], [ 110.84071, -7.617163 ], [ 110.841426, -7.615534 ], [ 110.841947, -7.614371 ], [ 110.840526, -7.614554 ], [ 110.839418, -7.614853 ], [ 110.838065, -7.615221 ], [ 110.837957, -7.615207 ], [ 110.837113, -7.614927 ], [ 110.835319, -7.614363 ], [ 110.834591, -7.614126 ], [ 110.834503, -7.614097 ], [ 110.834168, -7.61399 ], [ 110.834072, -7.613968 ], [ 110.833951, -7.614452 ], [ 110.833919, -7.614576 ], [ 110.833862, -7.614804 ], [ 110.833829, -7.614934 ], [ 110.833812, -7.615092 ], [ 110.833775, -7.615421 ], [ 110.833764, -7.615511 ], [ 110.83375, -7.61564 ], [ 110.833767, -7.616123 ], [ 110.833764, -7.616142 ], [ 110.833763, -7.616148 ], [ 110.83376, -7.616173 ], [ 110.833751, -7.616232 ], [ 110.833718, -7.616468 ], [ 110.833693, -7.616598 ], [ 110.833652, -7.616805 ], [ 110.833615, -7.616995 ], [ 110.833603, -7.617072 ], [ 110.8336, -7.617071 ], [ 110.833504, -7.617042 ], [ 110.833428, -7.617019 ], [ 110.833125, -7.616927 ], [ 110.832737, -7.616808 ], [ 110.832697, -7.616951 ], [ 110.832695, -7.616955 ], [ 110.832593, -7.617318 ], [ 110.832258, -7.617214 ], [ 110.832193, -7.617194 ], [ 110.832119, -7.617171 ], [ 110.83206, -7.617152 ], [ 110.831962, -7.617122 ], [ 110.831955, -7.61712 ], [ 110.831955, -7.617119 ], [ 110.83193, -7.61711 ], [ 110.831977, -7.616904 ], [ 110.832031, -7.616394 ], [ 110.832036, -7.616343 ], [ 110.832009, -7.615916 ], [ 110.831966, -7.6157 ], [ 110.831868, -7.61521 ], [ 110.831805, -7.615091 ], [ 110.831688, -7.61489 ], [ 110.831534, -7.614678 ], [ 110.831339, -7.614407 ], [ 110.831148, -7.6141 ], [ 110.831041, -7.61358 ], [ 110.831036, -7.613244 ], [ 110.831039, -7.612969 ], [ 110.831063, -7.612816 ], [ 110.831107, -7.612673 ], [ 110.831208, -7.612505 ], [ 110.83139, -7.612261 ], [ 110.831438, -7.612205 ], [ 110.831644, -7.611964 ], [ 110.83169, -7.611918 ], [ 110.831807, -7.611797 ], [ 110.831881, -7.611758 ], [ 110.831916, -7.61174 ], [ 110.832065, -7.611673 ], [ 110.832593, -7.611369 ], [ 110.832651, -7.611319 ], [ 110.832737, -7.611245 ], [ 110.832864, -7.611118 ], [ 110.833105, -7.61088 ], [ 110.833159, -7.61081 ], [ 110.833207, -7.610747 ], [ 110.83327, -7.610587 ], [ 110.833308, -7.610431 ], [ 110.833289, -7.61024 ], [ 110.833238, -7.6101 ], [ 110.833167, -7.609905 ], [ 110.833005, -7.609342 ], [ 110.832957, -7.609107 ], [ 110.832839, -7.608338 ], [ 110.832751, -7.607099 ], [ 110.832721, -7.606212 ], [ 110.832724, -7.606185 ], [ 110.832769, -7.605676 ], [ 110.832849, -7.605324 ], [ 110.832978, -7.604965 ], [ 110.833213, -7.604459 ], [ 110.833294, -7.60434 ], [ 110.833461, -7.604097 ], [ 110.833819, -7.60372 ], [ 110.834053, -7.603423 ], [ 110.834239, -7.603186 ], [ 110.834346, -7.603049 ], [ 110.834404, -7.602923 ], [ 110.834426, -7.602622 ], [ 110.83441, -7.602521 ], [ 110.834382, -7.602342 ], [ 110.834208, -7.601529 ], [ 110.8342, -7.601491 ], [ 110.83384, -7.600539 ], [ 110.833691, -7.600168 ], [ 110.833653, -7.600072 ], [ 110.833326, -7.599419 ], [ 110.83311, -7.599006 ], [ 110.83288, -7.59852 ], [ 110.832822, -7.598396 ], [ 110.832784, -7.598317 ], [ 110.832696, -7.598076 ], [ 110.832675, -7.598019 ], [ 110.832666, -7.597974 ], [ 110.832636, -7.597828 ], [ 110.832676, -7.59752 ], [ 110.83278, -7.597308 ], [ 110.832812, -7.597278 ], [ 110.833187, -7.596924 ], [ 110.833921, -7.596328 ], [ 110.834663, -7.595788 ], [ 110.834813, -7.595679 ], [ 110.835569, -7.595198 ], [ 110.836512, -7.594558 ], [ 110.836709, -7.594424 ], [ 110.837348, -7.593894 ], [ 110.837732, -7.593402 ], [ 110.838386, -7.592565 ], [ 110.839097, -7.591669 ], [ 110.839205, -7.591515 ], [ 110.839533, -7.591049 ], [ 110.839542, -7.591036 ], [ 110.839727, -7.59078 ], [ 110.839793, -7.590689 ], [ 110.839986, -7.590422 ], [ 110.840125, -7.590273 ], [ 110.840145, -7.590251 ], [ 110.840266, -7.590116 ], [ 110.840381, -7.589939 ], [ 110.840487, -7.589695 ], [ 110.840532, -7.589493 ], [ 110.840555, -7.589445 ], [ 110.840621, -7.58929 ], [ 110.84068, -7.589133 ], [ 110.840734, -7.588974 ], [ 110.840781, -7.588813 ], [ 110.840822, -7.588651 ], [ 110.840857, -7.588487 ], [ 110.840897, -7.588253 ], [ 110.840927, -7.588076 ], [ 110.841188, -7.586543 ], [ 110.841275, -7.586031 ], [ 110.841322, -7.585663 ], [ 110.841429, -7.58483 ], [ 110.841477, -7.584452 ], [ 110.841461, -7.584339 ], [ 110.841343, -7.583541 ], [ 110.841298, -7.583234 ], [ 110.841262, -7.582987 ], [ 110.841246, -7.582883 ], [ 110.841237, -7.582778 ], [ 110.841235, -7.582672 ], [ 110.84124, -7.582567 ], [ 110.841253, -7.582462 ], [ 110.841272, -7.582359 ], [ 110.841299, -7.582257 ], [ 110.841333, -7.582157 ], [ 110.841373, -7.582059 ], [ 110.84142, -7.581965 ], [ 110.841473, -7.581874 ], [ 110.841532, -7.581787 ], [ 110.841598, -7.581704 ], [ 110.841668, -7.581625 ], [ 110.841744, -7.581552 ], [ 110.841825, -7.581484 ], [ 110.841877, -7.581446 ], [ 110.841946, -7.581407 ], [ 110.842022, -7.581376 ], [ 110.842132, -7.581323 ], [ 110.842238, -7.581265 ], [ 110.84234, -7.581199 ], [ 110.842372, -7.581176 ], [ 110.842438, -7.581129 ], [ 110.842532, -7.581052 ], [ 110.842622, -7.58097 ], [ 110.842706, -7.580883 ], [ 110.842785, -7.58079 ], [ 110.842858, -7.580694 ], [ 110.842925, -7.580593 ], [ 110.842986, -7.580489 ], [ 110.843041, -7.580381 ], [ 110.84309, -7.58027 ], [ 110.843131, -7.580156 ], [ 110.843166, -7.58004 ], [ 110.843194, -7.579922 ], [ 110.843215, -7.579803 ], [ 110.843229, -7.579683 ], [ 110.843235, -7.579562 ], [ 110.843235, -7.579441 ], [ 110.843336, -7.57832 ], [ 110.843378, -7.57821 ], [ 110.843426, -7.578103 ], [ 110.843438, -7.578081 ], [ 110.843481, -7.577999 ], [ 110.843542, -7.577898 ], [ 110.84361, -7.577801 ], [ 110.843683, -7.577708 ], [ 110.843761, -7.57762 ], [ 110.843845, -7.577537 ], [ 110.843934, -7.57746 ], [ 110.843981, -7.577423 ], [ 110.844027, -7.577387 ], [ 110.844125, -7.577321 ], [ 110.844226, -7.577261 ], [ 110.844331, -7.577207 ], [ 110.844439, -7.577159 ], [ 110.84455, -7.577118 ], [ 110.844663, -7.577084 ], [ 110.844778, -7.577057 ], [ 110.844894, -7.577037 ], [ 110.845012, -7.577024 ], [ 110.84513, -7.577019 ], [ 110.845248, -7.57702 ], [ 110.845366, -7.577029 ], [ 110.845465, -7.577006 ], [ 110.845562, -7.576977 ], [ 110.845601, -7.576962 ], [ 110.845657, -7.576941 ], [ 110.845749, -7.576899 ], [ 110.845838, -7.57685 ], [ 110.845924, -7.576795 ], [ 110.846005, -7.576735 ], [ 110.846082, -7.576669 ], [ 110.846155, -7.576598 ], [ 110.846222, -7.576522 ], [ 110.846284, -7.576442 ], [ 110.846341, -7.576358 ], [ 110.846391, -7.57627 ], [ 110.846435, -7.576178 ], [ 110.846473, -7.576084 ], [ 110.846504, -7.575988 ], [ 110.846528, -7.575889 ], [ 110.846546, -7.57579 ], [ 110.846557, -7.575689 ], [ 110.84656, -7.575588 ], [ 110.846557, -7.575486 ], [ 110.846547, -7.575385 ], [ 110.846529, -7.575286 ], [ 110.846505, -7.575187 ], [ 110.846495, -7.575155 ], [ 110.846474, -7.575091 ], [ 110.846446, -7.5741 ], [ 110.846466, -7.573991 ], [ 110.846493, -7.573884 ], [ 110.846527, -7.573779 ], [ 110.846567, -7.573677 ], [ 110.846614, -7.573577 ], [ 110.846667, -7.57348 ], [ 110.846669, -7.573477 ], [ 110.846726, -7.573387 ], [ 110.846791, -7.573298 ], [ 110.846862, -7.573214 ], [ 110.846938, -7.573134 ], [ 110.847019, -7.573059 ], [ 110.847105, -7.572989 ], [ 110.847195, -7.572925 ], [ 110.847289, -7.572867 ], [ 110.847386, -7.572815 ], [ 110.847486, -7.572769 ], [ 110.84759, -7.57273 ], [ 110.847695, -7.572697 ], [ 110.847803, -7.572672 ], [ 110.847912, -7.572653 ], [ 110.848021, -7.572641 ], [ 110.848085, -7.572638 ], [ 110.848132, -7.572636 ], [ 110.848242, -7.572639 ], [ 110.848352, -7.572648 ], [ 110.848462, -7.572664 ], [ 110.84857, -7.572688 ], [ 110.848676, -7.572718 ], [ 110.84878, -7.572755 ], [ 110.848881, -7.572798 ], [ 110.84898, -7.572848 ], [ 110.849075, -7.572904 ], [ 110.849166, -7.572966 ], [ 110.849743, -7.573283 ], [ 110.850184, -7.573525 ], [ 110.851652, -7.573908 ], [ 110.851777, -7.573895 ], [ 110.851902, -7.573889 ], [ 110.852028, -7.57389 ], [ 110.852153, -7.573897 ], [ 110.852278, -7.573912 ], [ 110.852283, -7.573912 ], [ 110.852402, -7.573932 ], [ 110.852525, -7.57396 ], [ 110.852645, -7.573994 ], [ 110.852764, -7.574034 ], [ 110.852881, -7.574081 ], [ 110.852995, -7.574134 ], [ 110.853106, -7.574193 ], [ 110.853144, -7.574265 ], [ 110.85317, -7.574304 ], [ 110.853398, -7.574506 ], [ 110.853693, -7.574695 ], [ 110.85371, -7.574701 ], [ 110.853789, -7.57472 ], [ 110.853869, -7.574732 ], [ 110.85395, -7.574738 ], [ 110.854031, -7.574737 ], [ 110.854112, -7.57473 ], [ 110.854192, -7.574715 ], [ 110.854271, -7.574694 ], [ 110.854347, -7.574667 ], [ 110.854421, -7.574633 ], [ 110.854492, -7.574593 ], [ 110.854559, -7.574548 ], [ 110.854622, -7.574497 ], [ 110.854681, -7.574441 ], [ 110.854735, -7.57438 ], [ 110.854784, -7.574315 ], [ 110.854804, -7.574282 ], [ 110.854827, -7.574246 ], [ 110.854864, -7.574174 ], [ 110.854894, -7.574099 ], [ 110.854919, -7.574022 ], [ 110.854945, -7.573902 ], [ 110.854965, -7.57378 ], [ 110.854979, -7.573658 ], [ 110.854986, -7.573535 ], [ 110.854986, -7.573412 ], [ 110.854979, -7.57329 ], [ 110.854966, -7.573167 ], [ 110.854946, -7.573046 ], [ 110.85492, -7.572926 ], [ 110.854888, -7.572807 ], [ 110.854849, -7.572691 ], [ 110.854803, -7.572577 ], [ 110.854752, -7.572465 ], [ 110.854695, -7.572356 ], [ 110.854632, -7.57225 ], [ 110.854563, -7.572166 ], [ 110.854499, -7.572077 ], [ 110.85444, -7.571985 ], [ 110.854386, -7.57189 ], [ 110.854343, -7.571804 ], [ 110.854338, -7.571792 ], [ 110.854295, -7.571692 ], [ 110.854258, -7.571589 ], [ 110.854227, -7.571485 ], [ 110.854201, -7.571378 ], [ 110.854182, -7.571271 ], [ 110.854169, -7.571163 ], [ 110.854162, -7.571054 ], [ 110.854164, -7.570995 ], [ 110.854275, -7.570569 ], [ 110.854288, -7.570543 ], [ 110.854332, -7.570466 ], [ 110.854383, -7.570393 ], [ 110.854439, -7.570324 ], [ 110.8545, -7.57026 ], [ 110.854566, -7.570202 ], [ 110.854637, -7.570148 ], [ 110.854712, -7.570101 ], [ 110.854791, -7.57006 ], [ 110.854872, -7.570025 ], [ 110.854957, -7.569997 ], [ 110.855043, -7.569975 ], [ 110.85513, -7.569961 ], [ 110.855219, -7.569954 ], [ 110.855308, -7.569954 ], [ 110.855396, -7.569961 ], [ 110.855484, -7.569975 ], [ 110.85557, -7.569996 ], [ 110.855654, -7.570024 ], [ 110.855736, -7.570058 ], [ 110.855838, -7.570144 ], [ 110.855945, -7.570224 ], [ 110.856056, -7.570299 ], [ 110.856171, -7.570367 ], [ 110.856289, -7.570429 ], [ 110.856411, -7.570485 ], [ 110.856473, -7.57051 ], [ 110.856535, -7.570535 ], [ 110.856661, -7.570578 ], [ 110.85679, -7.570614 ], [ 110.85692, -7.570644 ], [ 110.857052, -7.570666 ], [ 110.857177, -7.570681 ], [ 110.857804, -7.570641 ], [ 110.857892, -7.570628 ], [ 110.858082, -7.570593 ], [ 110.85827, -7.570551 ], [ 110.858456, -7.570503 ], [ 110.85864, -7.570448 ], [ 110.858823, -7.570386 ], [ 110.859003, -7.570318 ], [ 110.85918, -7.570244 ], [ 110.859355, -7.570163 ], [ 110.859526, -7.570076 ], [ 110.859695, -7.569983 ], [ 110.85986, -7.569883 ], [ 110.860021, -7.569778 ], [ 110.860149, -7.569688 ], [ 110.860217, -7.569584 ], [ 110.860292, -7.569468 ], [ 110.860331, -7.569377 ], [ 110.860439, -7.569124 ], [ 110.860476, -7.568968 ], [ 110.860526, -7.568832 ], [ 110.860599, -7.568617 ], [ 110.860639, -7.568489 ], [ 110.860623, -7.568483 ], [ 110.860709, -7.568249 ], [ 110.860727, -7.568183 ], [ 110.860783, -7.567964 ], [ 110.861035, -7.567361 ], [ 110.861086, -7.567239 ], [ 110.861438, -7.567613 ], [ 110.861515, -7.567735 ], [ 110.861532, -7.567763 ], [ 110.861553, -7.567787 ], [ 110.861578, -7.567808 ], [ 110.861606, -7.567825 ], [ 110.861636, -7.567837 ], [ 110.861668, -7.567843 ], [ 110.861669, -7.567843 ], [ 110.86169, -7.567844 ], [ 110.8617, -7.567845 ], [ 110.861732, -7.567841 ], [ 110.861764, -7.567833 ], [ 110.861793, -7.567819 ], [ 110.86182, -7.567801 ], [ 110.861843, -7.567778 ], [ 110.861881, -7.567738 ], [ 110.861906, -7.567724 ], [ 110.861945, -7.567671 ], [ 110.86205, -7.567599 ], [ 110.862119, -7.567575 ], [ 110.862189, -7.567558 ], [ 110.862261, -7.567546 ], [ 110.862334, -7.567541 ], [ 110.862407, -7.567541 ], [ 110.862479, -7.567548 ], [ 110.862551, -7.567561 ], [ 110.862632, -7.56759 ], [ 110.86271, -7.567626 ], [ 110.862785, -7.567669 ], [ 110.862857, -7.567717 ], [ 110.862924, -7.567771 ], [ 110.862986, -7.567831 ], [ 110.863043, -7.567895 ], [ 110.863095, -7.567964 ], [ 110.863141, -7.568037 ], [ 110.86316, -7.568083 ], [ 110.863186, -7.568125 ], [ 110.863217, -7.568164 ], [ 110.863253, -7.568198 ], [ 110.863294, -7.568226 ], [ 110.863338, -7.568249 ], [ 110.863385, -7.568265 ], [ 110.863438, -7.568272 ], [ 110.863491, -7.568274 ], [ 110.863543, -7.568268 ], [ 110.863595, -7.568256 ], [ 110.863644, -7.568238 ], [ 110.863691, -7.568214 ], [ 110.863735, -7.568184 ], [ 110.863774, -7.568148 ], [ 110.864133, -7.567906 ], [ 110.864194, -7.567881 ], [ 110.864257, -7.567862 ], [ 110.864322, -7.567847 ], [ 110.864388, -7.567839 ], [ 110.864454, -7.567836 ], [ 110.86452, -7.567838 ], [ 110.864586, -7.567847 ], [ 110.864718, -7.567883 ], [ 110.864798, -7.567909 ], [ 110.864912, -7.567946 ], [ 110.864934, -7.567962 ], [ 110.864959, -7.567974 ], [ 110.864985, -7.567981 ], [ 110.865013, -7.567985 ], [ 110.86504, -7.567984 ], [ 110.865067, -7.567978 ], [ 110.865093, -7.567969 ], [ 110.865116, -7.567955 ], [ 110.865138, -7.567938 ], [ 110.865156, -7.567918 ], [ 110.865171, -7.567895 ], [ 110.865228, -7.567669 ], [ 110.865246, -7.567479 ], [ 110.86525, -7.567351 ], [ 110.865267, -7.567286 ], [ 110.865276, -7.567265 ], [ 110.865289, -7.567246 ], [ 110.865304, -7.567229 ], [ 110.865322, -7.567215 ], [ 110.865342, -7.567204 ], [ 110.865363, -7.567196 ], [ 110.865436, -7.56718 ], [ 110.86548, -7.567172 ], [ 110.865509, -7.567168 ], [ 110.865576, -7.567132 ], [ 110.865631, -7.567098 ], [ 110.865634, -7.567097 ], [ 110.865662, -7.567088 ], [ 110.865692, -7.567083 ], [ 110.865722, -7.567083 ], [ 110.865752, -7.567087 ], [ 110.865781, -7.567096 ], [ 110.865808, -7.56711 ], [ 110.865832, -7.567127 ], [ 110.865845, -7.567138 ], [ 110.865854, -7.567147 ], [ 110.865871, -7.5672 ], [ 110.865883, -7.567254 ], [ 110.865891, -7.567309 ], [ 110.865893, -7.567331 ], [ 110.865895, -7.567364 ], [ 110.86592, -7.567398 ], [ 110.86595, -7.567428 ], [ 110.865983, -7.567453 ], [ 110.86602, -7.567473 ], [ 110.866057, -7.567487 ], [ 110.866064, -7.567492 ], [ 110.866162, -7.567511 ], [ 110.86618, -7.567516 ], [ 110.866196, -7.567518 ], [ 110.86626, -7.567528 ] ] ] } },
{ "type": "Feature", "properties": { "KAB": "KAB SUKOHARJO", "KEC": "KEC. BAKI", "Sumber": "RTRW Kab. Sukoharjo & Verifikasi Desa", "Tahun": "2014", "Label": "Kec. Baki", "Luas": 2339.9670586000002 }, "geometry": { "type": "Polygon", "coordinates": [ [ [ 110.773043, -7.569599 ], [ 110.773122, -7.56966 ], [ 110.773175, -7.569723 ], [ 110.773248, -7.569857 ], [ 110.773343, -7.569988 ], [ 110.773357, -7.570009 ], [ 110.773384, -7.570051 ], [ 110.773404, -7.570083 ], [ 110.773436, -7.570134 ], [ 110.773448, -7.570152 ], [ 110.773557, -7.570348 ], [ 110.773588, -7.570409 ], [ 110.773612, -7.57045 ], [ 110.773616, -7.570457 ], [ 110.773642, -7.570485 ], [ 110.773691, -7.570537 ], [ 110.773755, -7.570602 ], [ 110.773858, -7.570709 ], [ 110.773898, -7.57075 ], [ 110.77399, -7.570834 ], [ 110.774098, -7.570931 ], [ 110.774236, -7.571054 ], [ 110.774294, -7.571114 ], [ 110.77437, -7.571192 ], [ 110.774405, -7.571225 ], [ 110.774552, -7.571359 ], [ 110.774572, -7.571378 ], [ 110.774572, -7.571377 ], [ 110.774661, -7.571327 ], [ 110.774669, -7.571322 ], [ 110.774719, -7.571321 ], [ 110.775004, -7.571406 ], [ 110.775362, -7.571485 ], [ 110.775593, -7.571545 ], [ 110.775557, -7.571738 ], [ 110.775569, -7.571771 ], [ 110.775576, -7.571776 ], [ 110.775606, -7.571799 ], [ 110.775617, -7.571808 ], [ 110.775711, -7.571846 ], [ 110.775792, -7.571879 ], [ 110.775861, -7.571904 ], [ 110.775928, -7.571917 ], [ 110.775963, -7.571925 ], [ 110.776014, -7.571942 ], [ 110.776075, -7.571963 ], [ 110.776144, -7.571972 ], [ 110.776234, -7.57198 ], [ 110.776246, -7.571984 ], [ 110.776329, -7.572011 ], [ 110.776386, -7.572026 ], [ 110.776396, -7.572029 ], [ 110.776423, -7.572039 ], [ 110.776443, -7.572046 ], [ 110.776469, -7.572066 ], [ 110.77647, -7.572068 ], [ 110.776475, -7.572071 ], [ 110.776489, -7.572078 ], [ 110.776537, -7.572104 ], [ 110.776591, -7.572124 ], [ 110.776622, -7.572136 ], [ 110.776668, -7.572152 ], [ 110.776702, -7.572167 ], [ 110.776728, -7.572179 ], [ 110.776756, -7.572199 ], [ 110.776784, -7.572218 ], [ 110.776925, -7.572284 ], [ 110.776936, -7.572291 ], [ 110.77704, -7.572351 ], [ 110.77721, -7.572458 ], [ 110.777211, -7.572458 ], [ 110.777348, -7.572544 ], [ 110.777357, -7.57255 ], [ 110.777363, -7.572553 ], [ 110.777399, -7.572568 ], [ 110.777562, -7.572638 ], [ 110.777803, -7.572746 ], [ 110.77785, -7.572793 ], [ 110.777974, -7.572916 ], [ 110.77802, -7.572983 ], [ 110.778024, -7.572989 ], [ 110.778132, -7.573146 ], [ 110.7781, -7.573254 ], [ 110.77808, -7.573319 ], [ 110.778053, -7.573405 ], [ 110.778012, -7.573575 ], [ 110.777948, -7.573843 ], [ 110.777862, -7.574112 ], [ 110.777936, -7.574157 ], [ 110.778021, -7.574185 ], [ 110.778192, -7.574242 ], [ 110.778562, -7.574319 ], [ 110.77868, -7.574346 ], [ 110.778856, -7.574385 ], [ 110.778954, -7.574414 ], [ 110.77911, -7.57446 ], [ 110.779257, -7.574529 ], [ 110.779407, -7.574678 ], [ 110.779475, -7.574746 ], [ 110.779524, -7.574821 ], [ 110.779581, -7.574909 ], [ 110.779599, -7.574952 ], [ 110.779603, -7.574961 ], [ 110.779738, -7.57528 ], [ 110.779799, -7.575333 ], [ 110.779852, -7.575379 ], [ 110.780023, -7.57547 ], [ 110.780404, -7.575551 ], [ 110.781295, -7.575714 ], [ 110.781297, -7.575715 ], [ 110.781344, -7.575724 ], [ 110.781801, -7.575814 ], [ 110.78211, -7.575878 ], [ 110.7824, -7.57596 ], [ 110.78246, -7.575834 ], [ 110.782564, -7.575865 ], [ 110.782725, -7.575913 ], [ 110.782857, -7.57594 ], [ 110.782959, -7.575951 ], [ 110.783047, -7.575946 ], [ 110.783155, -7.575932 ], [ 110.783228, -7.575932 ], [ 110.783356, -7.575938 ], [ 110.783627, -7.575961 ], [ 110.783799, -7.575977 ], [ 110.784131, -7.575992 ], [ 110.784371, -7.576008 ], [ 110.78473, -7.576034 ], [ 110.784763, -7.57604 ], [ 110.784845, -7.576065 ], [ 110.785001, -7.576088 ], [ 110.785325, -7.576094 ], [ 110.785384, -7.576095 ], [ 110.785374, -7.576193 ], [ 110.785355, -7.576304 ], [ 110.785338, -7.576414 ], [ 110.785329, -7.576454 ], [ 110.785283, -7.57654 ], [ 110.785223, -7.576658 ], [ 110.785148, -7.576837 ], [ 110.785124, -7.576945 ], [ 110.785112, -7.577055 ], [ 110.78511, -7.577182 ], [ 110.785206, -7.577184 ], [ 110.785361, -7.5772 ], [ 110.785446, -7.577208 ], [ 110.785638, -7.577254 ], [ 110.785968, -7.577328 ], [ 110.786223, -7.577376 ], [ 110.786235, -7.577426 ], [ 110.786244, -7.57751 ], [ 110.786261, -7.577553 ], [ 110.786297, -7.577596 ], [ 110.786335, -7.57763 ], [ 110.786321, -7.578039 ], [ 110.786318, -7.578106 ], [ 110.786688, -7.578126 ], [ 110.787599, -7.578157 ], [ 110.787599, -7.5781 ], [ 110.787601, -7.578055 ], [ 110.787606, -7.577946 ], [ 110.787611, -7.577819 ], [ 110.787618, -7.577675 ], [ 110.78762, -7.577425 ], [ 110.78779, -7.577413 ], [ 110.787788, -7.577434 ], [ 110.787793, -7.577491 ], [ 110.787803, -7.577515 ], [ 110.787833, -7.577592 ], [ 110.787856, -7.577663 ], [ 110.787899, -7.577789 ], [ 110.787965, -7.577981 ], [ 110.788048, -7.578211 ], [ 110.788086, -7.578323 ], [ 110.788159, -7.578539 ], [ 110.78823, -7.578758 ], [ 110.788267, -7.57885 ], [ 110.788305, -7.578946 ], [ 110.788364, -7.579108 ], [ 110.788394, -7.579205 ], [ 110.788414, -7.579261 ], [ 110.788456, -7.579382 ], [ 110.788461, -7.579398 ], [ 110.788518, -7.579546 ], [ 110.788576, -7.579643 ], [ 110.788635, -7.579785 ], [ 110.788674, -7.579878 ], [ 110.788697, -7.579926 ], [ 110.788704, -7.579953 ], [ 110.788706, -7.579993 ], [ 110.788702, -7.580082 ], [ 110.788694, -7.580105 ], [ 110.788662, -7.580191 ], [ 110.78865, -7.580261 ], [ 110.788635, -7.580402 ], [ 110.78862, -7.58056 ], [ 110.788613, -7.580651 ], [ 110.78861, -7.580683 ], [ 110.788603, -7.580802 ], [ 110.788611, -7.580835 ], [ 110.788618, -7.580852 ], [ 110.788659, -7.580891 ], [ 110.788729, -7.580962 ], [ 110.78882, -7.581045 ], [ 110.788892, -7.581109 ], [ 110.788922, -7.581131 ], [ 110.788965, -7.581154 ], [ 110.789038, -7.581194 ], [ 110.789074, -7.581211 ], [ 110.789173, -7.581251 ], [ 110.789261, -7.581273 ], [ 110.78931, -7.581277 ], [ 110.789393, -7.581279 ], [ 110.789469, -7.581275 ], [ 110.789515, -7.58127 ], [ 110.78957, -7.581259 ], [ 110.789655, -7.581244 ], [ 110.789703, -7.581231 ], [ 110.789741, -7.581222 ], [ 110.789742, -7.581222 ], [ 110.789759, -7.581218 ], [ 110.789818, -7.581208 ], [ 110.789852, -7.581204 ], [ 110.789878, -7.58121 ], [ 110.789891, -7.581223 ], [ 110.789891, -7.581224 ], [ 110.789897, -7.581252 ], [ 110.789897, -7.581297 ], [ 110.789895, -7.581372 ], [ 110.789894, -7.581423 ], [ 110.789889, -7.581515 ], [ 110.789886, -7.58158 ], [ 110.789882, -7.581664 ], [ 110.789877, -7.581745 ], [ 110.789874, -7.581806 ], [ 110.789879, -7.581851 ], [ 110.789887, -7.581891 ], [ 110.789904, -7.581968 ], [ 110.789914, -7.582037 ], [ 110.789922, -7.5821 ], [ 110.789923, -7.582113 ], [ 110.789929, -7.58216 ], [ 110.789934, -7.582226 ], [ 110.789937, -7.582276 ], [ 110.789938, -7.582326 ], [ 110.789938, -7.582355 ], [ 110.789938, -7.58241 ], [ 110.789941, -7.582442 ], [ 110.789946, -7.582466 ], [ 110.789976, -7.582554 ], [ 110.789993, -7.58261 ], [ 110.790007, -7.58266 ], [ 110.790022, -7.582704 ], [ 110.790022, -7.582715 ], [ 110.790025, -7.582797 ], [ 110.79003, -7.582861 ], [ 110.790034, -7.582909 ], [ 110.790036, -7.582987 ], [ 110.790036, -7.582994 ], [ 110.790035, -7.583062 ], [ 110.790035, -7.583132 ], [ 110.790042, -7.583167 ], [ 110.790055, -7.583229 ], [ 110.790066, -7.583292 ], [ 110.790071, -7.583323 ], [ 110.790073, -7.583337 ], [ 110.790076, -7.583385 ], [ 110.790078, -7.583453 ], [ 110.790081, -7.583484 ], [ 110.79009, -7.583508 ], [ 110.790099, -7.583524 ], [ 110.790112, -7.583529 ], [ 110.790128, -7.583532 ], [ 110.790141, -7.583535 ], [ 110.790084, -7.583566 ], [ 110.790023, -7.583577 ], [ 110.78989, -7.583599 ], [ 110.789782, -7.583589 ], [ 110.789712, -7.583583 ], [ 110.789539, -7.58356 ], [ 110.789479, -7.583552 ], [ 110.789428, -7.583558 ], [ 110.789362, -7.583563 ], [ 110.789345, -7.583565 ], [ 110.789269, -7.583541 ], [ 110.789264, -7.583582 ], [ 110.789172, -7.584241 ], [ 110.789099, -7.584239 ], [ 110.789055, -7.584233 ], [ 110.789003, -7.584214 ], [ 110.788944, -7.584185 ], [ 110.788913, -7.584178 ], [ 110.788882, -7.584184 ], [ 110.788822, -7.584215 ], [ 110.78882, -7.584216 ], [ 110.788813, -7.58422 ], [ 110.788793, -7.584222 ], [ 110.788769, -7.584226 ], [ 110.788745, -7.584234 ], [ 110.788717, -7.584249 ], [ 110.788699, -7.584253 ], [ 110.788691, -7.584255 ], [ 110.788651, -7.584259 ], [ 110.788605, -7.584264 ], [ 110.78856, -7.584276 ], [ 110.788537, -7.584295 ], [ 110.788497, -7.584336 ], [ 110.788465, -7.584364 ], [ 110.788445, -7.584381 ], [ 110.788419, -7.584407 ], [ 110.788401, -7.584437 ], [ 110.788395, -7.58445 ], [ 110.788391, -7.584466 ], [ 110.788387, -7.584494 ], [ 110.788387, -7.584501 ], [ 110.788387, -7.584527 ], [ 110.788385, -7.584556 ], [ 110.788383, -7.584581 ], [ 110.788371, -7.584597 ], [ 110.788352, -7.584604 ], [ 110.788321, -7.584605 ], [ 110.788294, -7.584599 ], [ 110.788291, -7.584599 ], [ 110.788266, -7.584594 ], [ 110.788226, -7.5846 ], [ 110.788202, -7.584614 ], [ 110.788188, -7.584657 ], [ 110.788183, -7.584691 ], [ 110.788183, -7.584695 ], [ 110.788174, -7.584723 ], [ 110.788157, -7.584742 ], [ 110.788137, -7.584751 ], [ 110.788107, -7.584754 ], [ 110.78807, -7.584753 ], [ 110.788042, -7.584743 ], [ 110.788002, -7.584726 ], [ 110.78797, -7.584721 ], [ 110.787925, -7.584728 ], [ 110.7879, -7.584748 ], [ 110.787883, -7.584761 ], [ 110.787854, -7.584782 ], [ 110.787812, -7.584812 ], [ 110.787765, -7.58483 ], [ 110.787732, -7.584838 ], [ 110.787692, -7.584839 ], [ 110.787663, -7.584847 ], [ 110.787631, -7.584863 ], [ 110.787607, -7.584881 ], [ 110.787569, -7.584933 ], [ 110.787525, -7.584992 ], [ 110.78748, -7.585051 ], [ 110.787467, -7.58507 ], [ 110.78745, -7.58509 ], [ 110.787431, -7.585122 ], [ 110.787407, -7.585155 ], [ 110.787378, -7.585178 ], [ 110.78734, -7.585188 ], [ 110.787291, -7.585187 ], [ 110.78725, -7.585177 ], [ 110.787201, -7.585155 ], [ 110.787158, -7.585118 ], [ 110.787111, -7.585086 ], [ 110.787102, -7.585081 ], [ 110.787069, -7.585062 ], [ 110.787022, -7.585051 ], [ 110.786969, -7.585052 ], [ 110.786912, -7.585064 ], [ 110.786893, -7.585081 ], [ 110.786868, -7.585103 ], [ 110.786814, -7.585132 ], [ 110.786776, -7.585155 ], [ 110.786744, -7.58519 ], [ 110.786718, -7.585228 ], [ 110.786708, -7.585248 ], [ 110.786696, -7.585272 ], [ 110.786669, -7.58531 ], [ 110.786646, -7.585331 ], [ 110.786609, -7.585339 ], [ 110.786567, -7.585338 ], [ 110.786533, -7.585336 ], [ 110.786498, -7.585333 ], [ 110.786452, -7.585328 ], [ 110.786369, -7.58532 ], [ 110.786315, -7.585314 ], [ 110.786306, -7.585313 ], [ 110.786297, -7.585313 ], [ 110.786288, -7.585312 ], [ 110.786184, -7.585302 ], [ 110.786128, -7.5853 ], [ 110.786077, -7.585307 ], [ 110.786012, -7.585345 ], [ 110.785942, -7.585384 ], [ 110.785905, -7.5854 ], [ 110.785833, -7.585412 ], [ 110.785823, -7.585414 ], [ 110.785742, -7.585414 ], [ 110.785697, -7.585396 ], [ 110.785644, -7.585363 ], [ 110.785592, -7.585316 ], [ 110.785551, -7.585278 ], [ 110.785506, -7.585247 ], [ 110.78549, -7.585237 ], [ 110.785407, -7.585188 ], [ 110.785345, -7.585161 ], [ 110.785296, -7.585151 ], [ 110.785264, -7.585144 ], [ 110.785224, -7.585143 ], [ 110.785209, -7.585143 ], [ 110.785162, -7.585158 ], [ 110.785148, -7.585176 ], [ 110.785118, -7.585222 ], [ 110.785087, -7.585262 ], [ 110.785075, -7.585271 ], [ 110.785043, -7.585297 ], [ 110.78498, -7.585339 ], [ 110.784934, -7.585367 ], [ 110.784913, -7.585379 ], [ 110.784856, -7.585408 ], [ 110.784815, -7.585428 ], [ 110.784726, -7.585479 ], [ 110.784699, -7.585503 ], [ 110.784688, -7.585516 ], [ 110.784681, -7.585532 ], [ 110.784673, -7.585549 ], [ 110.784671, -7.585554 ], [ 110.784638, -7.585586 ], [ 110.784594, -7.585616 ], [ 110.784555, -7.585633 ], [ 110.784534, -7.585637 ], [ 110.784512, -7.585641 ], [ 110.784466, -7.58563 ], [ 110.784415, -7.585612 ], [ 110.784395, -7.585588 ], [ 110.784383, -7.585574 ], [ 110.784355, -7.585527 ], [ 110.784333, -7.58548 ], [ 110.784321, -7.585453 ], [ 110.784266, -7.585333 ], [ 110.784264, -7.585331 ], [ 110.784186, -7.585159 ], [ 110.784172, -7.585137 ], [ 110.784156, -7.585126 ], [ 110.784125, -7.585125 ], [ 110.784105, -7.585135 ], [ 110.784074, -7.585159 ], [ 110.784039, -7.585201 ], [ 110.784025, -7.585228 ], [ 110.784021, -7.58524 ], [ 110.784012, -7.585271 ], [ 110.783998, -7.585326 ], [ 110.783986, -7.585355 ], [ 110.783964, -7.585361 ], [ 110.783924, -7.585347 ], [ 110.783902, -7.585332 ], [ 110.783883, -7.585332 ], [ 110.783868, -7.585336 ], [ 110.783849, -7.585354 ], [ 110.783809, -7.585368 ], [ 110.783791, -7.585395 ], [ 110.783776, -7.585427 ], [ 110.783776, -7.585485 ], [ 110.783782, -7.585543 ], [ 110.783793, -7.585577 ], [ 110.783814, -7.585614 ], [ 110.783824, -7.585644 ], [ 110.783824, -7.585817 ], [ 110.783827, -7.586024 ], [ 110.783833, -7.586051 ], [ 110.783868, -7.586065 ], [ 110.783911, -7.586084 ], [ 110.783911, -7.586084 ], [ 110.783925, -7.58609 ], [ 110.783922, -7.5861 ], [ 110.78391, -7.586149 ], [ 110.783906, -7.586165 ], [ 110.783889, -7.586235 ], [ 110.783879, -7.586275 ], [ 110.783885, -7.586304 ], [ 110.783888, -7.586318 ], [ 110.783902, -7.586382 ], [ 110.783905, -7.586392 ], [ 110.783909, -7.586446 ], [ 110.783911, -7.586483 ], [ 110.783913, -7.586502 ], [ 110.783918, -7.586574 ], [ 110.783918, -7.586596 ], [ 110.783918, -7.586616 ], [ 110.783919, -7.586715 ], [ 110.783919, -7.58674 ], [ 110.783919, -7.586865 ], [ 110.783919, -7.586901 ], [ 110.78392, -7.58692 ], [ 110.783924, -7.587003 ], [ 110.783924, -7.587007 ], [ 110.783928, -7.587106 ], [ 110.783928, -7.587122 ], [ 110.783939, -7.587137 ], [ 110.783941, -7.587204 ], [ 110.783943, -7.5873 ], [ 110.783945, -7.587396 ], [ 110.783949, -7.587558 ], [ 110.783949, -7.587559 ], [ 110.783949, -7.58757 ], [ 110.783949, -7.587572 ], [ 110.783954, -7.587676 ], [ 110.783955, -7.587696 ], [ 110.783955, -7.587697 ], [ 110.783951, -7.587752 ], [ 110.783946, -7.587823 ], [ 110.783944, -7.587863 ], [ 110.783938, -7.587952 ], [ 110.783935, -7.588003 ], [ 110.783933, -7.58805 ], [ 110.783921, -7.588151 ], [ 110.783916, -7.588197 ], [ 110.783906, -7.588279 ], [ 110.7839, -7.58834 ], [ 110.783897, -7.58837 ], [ 110.783892, -7.588425 ], [ 110.783889, -7.588448 ], [ 110.78388, -7.588479 ], [ 110.783879, -7.588481 ], [ 110.783872, -7.588505 ], [ 110.783868, -7.58852 ], [ 110.783863, -7.588586 ], [ 110.783861, -7.588618 ], [ 110.783861, -7.588618 ], [ 110.783852, -7.588752 ], [ 110.783848, -7.588813 ], [ 110.783849, -7.588862 ], [ 110.78385, -7.588958 ], [ 110.783851, -7.589067 ], [ 110.783852, -7.589087 ], [ 110.783852, -7.589103 ], [ 110.783853, -7.589198 ], [ 110.783855, -7.589307 ], [ 110.783855, -7.589344 ], [ 110.783855, -7.589397 ], [ 110.783854, -7.589483 ], [ 110.783854, -7.589504 ], [ 110.783853, -7.589558 ], [ 110.783852, -7.589636 ], [ 110.784022, -7.589643 ], [ 110.784037, -7.589646 ], [ 110.78418, -7.589661 ], [ 110.784305, -7.589669 ], [ 110.784447, -7.589677 ], [ 110.784581, -7.589696 ], [ 110.784657, -7.589721 ], [ 110.784691, -7.589731 ], [ 110.78474, -7.589746 ], [ 110.784803, -7.589743 ], [ 110.784863, -7.589722 ], [ 110.784938, -7.589725 ], [ 110.785027, -7.589776 ], [ 110.785135, -7.58986 ], [ 110.785247, -7.589913 ], [ 110.785293, -7.589918 ], [ 110.785334, -7.589918 ], [ 110.785399, -7.589987 ], [ 110.78546, -7.590051 ], [ 110.785506, -7.590106 ], [ 110.785513, -7.590198 ], [ 110.785597, -7.590294 ], [ 110.785608, -7.590304 ], [ 110.785684, -7.590371 ], [ 110.78571, -7.590425 ], [ 110.785714, -7.590431 ], [ 110.785735, -7.590462 ], [ 110.785736, -7.590473 ], [ 110.785737, -7.590488 ], [ 110.785735, -7.590498 ], [ 110.785731, -7.590518 ], [ 110.785719, -7.590574 ], [ 110.785699, -7.590668 ], [ 110.785684, -7.590716 ], [ 110.785645, -7.590841 ], [ 110.785607, -7.590963 ], [ 110.78559, -7.591016 ], [ 110.785549, -7.591149 ], [ 110.785541, -7.591176 ], [ 110.785522, -7.59124 ], [ 110.7855, -7.591316 ], [ 110.785489, -7.591353 ], [ 110.785461, -7.59145 ], [ 110.785456, -7.591467 ], [ 110.785422, -7.591576 ], [ 110.785406, -7.59163 ], [ 110.785401, -7.591645 ], [ 110.785375, -7.591733 ], [ 110.78534, -7.591854 ], [ 110.785338, -7.59186 ], [ 110.785336, -7.591867 ], [ 110.785319, -7.591923 ], [ 110.785318, -7.591929 ], [ 110.785321, -7.59196 ], [ 110.785331, -7.591963 ], [ 110.785437, -7.592005 ], [ 110.785523, -7.59204 ], [ 110.785534, -7.592044 ], [ 110.785532, -7.592062 ], [ 110.785527, -7.592116 ], [ 110.785518, -7.5922 ], [ 110.785508, -7.5923 ], [ 110.785505, -7.592329 ], [ 110.785494, -7.592451 ], [ 110.785493, -7.592455 ], [ 110.785492, -7.59247 ], [ 110.785491, -7.592475 ], [ 110.78548, -7.592533 ], [ 110.785477, -7.592551 ], [ 110.78548, -7.592581 ], [ 110.785488, -7.592657 ], [ 110.785488, -7.592659 ], [ 110.785545, -7.592726 ], [ 110.785656, -7.592824 ], [ 110.785668, -7.592835 ], [ 110.785705, -7.592868 ], [ 110.785758, -7.592913 ], [ 110.785841, -7.592965 ], [ 110.785973, -7.593049 ], [ 110.786118, -7.593148 ], [ 110.786539, -7.593473 ], [ 110.786755, -7.59364 ], [ 110.787346, -7.59405 ], [ 110.787528, -7.594177 ], [ 110.787648, -7.59426 ], [ 110.787715, -7.594307 ], [ 110.78778, -7.594375 ], [ 110.787784, -7.594383 ], [ 110.787795, -7.594404 ], [ 110.787816, -7.594447 ], [ 110.787816, -7.594452 ], [ 110.787816, -7.594482 ], [ 110.787815, -7.594584 ], [ 110.787815, -7.594584 ], [ 110.787813, -7.594594 ], [ 110.787799, -7.594605 ], [ 110.787796, -7.594608 ], [ 110.787772, -7.5946 ], [ 110.787728, -7.594586 ], [ 110.787657, -7.594563 ], [ 110.787591, -7.594554 ], [ 110.787567, -7.59456 ], [ 110.787533, -7.594651 ], [ 110.787498, -7.594743 ], [ 110.78733, -7.595236 ], [ 110.787265, -7.595419 ], [ 110.787424, -7.595465 ], [ 110.787537, -7.595499 ], [ 110.787641, -7.595527 ], [ 110.787737, -7.595555 ], [ 110.787775, -7.595563 ], [ 110.787848, -7.595575 ], [ 110.787913, -7.59559 ], [ 110.787992, -7.595609 ], [ 110.78808, -7.595625 ], [ 110.788089, -7.595627 ], [ 110.788147, -7.59564 ], [ 110.788222, -7.595663 ], [ 110.788413, -7.595725 ], [ 110.7885, -7.595749 ], [ 110.788538, -7.595764 ], [ 110.788539, -7.595765 ], [ 110.788585, -7.595792 ], [ 110.788648, -7.595832 ], [ 110.788679, -7.595845 ], [ 110.788841, -7.595895 ], [ 110.788964, -7.595929 ], [ 110.789178, -7.595991 ], [ 110.789266, -7.59602 ], [ 110.789346, -7.596051 ], [ 110.789407, -7.596075 ], [ 110.789424, -7.596081 ], [ 110.789457, -7.596085 ], [ 110.789534, -7.596095 ], [ 110.789622, -7.596105 ], [ 110.789678, -7.59611 ], [ 110.789752, -7.596122 ], [ 110.789884, -7.59615 ], [ 110.790028, -7.596182 ], [ 110.790085, -7.596198 ], [ 110.790141, -7.59622 ], [ 110.790203, -7.596257 ], [ 110.790281, -7.596315 ], [ 110.790412, -7.596404 ], [ 110.790445, -7.596428 ], [ 110.7905, -7.596457 ], [ 110.790506, -7.59646 ], [ 110.790612, -7.596517 ], [ 110.790734, -7.596571 ], [ 110.790771, -7.596592 ], [ 110.790782, -7.596611 ], [ 110.790784, -7.596635 ], [ 110.790777, -7.596669 ], [ 110.790733, -7.596792 ], [ 110.790707, -7.596857 ], [ 110.790662, -7.596954 ], [ 110.790614, -7.597074 ], [ 110.790593, -7.597138 ], [ 110.790592, -7.597171 ], [ 110.790598, -7.597208 ], [ 110.790614, -7.59723 ], [ 110.790678, -7.59728 ], [ 110.790746, -7.597321 ], [ 110.79089, -7.597388 ], [ 110.790936, -7.597411 ], [ 110.79098, -7.597429 ], [ 110.791042, -7.597441 ], [ 110.791086, -7.597445 ], [ 110.791135, -7.597444 ], [ 110.791177, -7.597445 ], [ 110.791249, -7.597458 ], [ 110.791279, -7.597465 ], [ 110.791309, -7.597469 ], [ 110.791349, -7.597473 ], [ 110.791415, -7.597471 ], [ 110.791481, -7.597468 ], [ 110.791505, -7.597468 ], [ 110.791632, -7.5975 ], [ 110.791693, -7.597523 ], [ 110.791878, -7.597591 ], [ 110.791961, -7.597618 ], [ 110.791991, -7.597622 ], [ 110.792031, -7.597626 ], [ 110.792077, -7.597637 ], [ 110.792115, -7.597655 ], [ 110.792174, -7.597683 ], [ 110.79226, -7.597728 ], [ 110.792301, -7.597755 ], [ 110.792317, -7.597775 ], [ 110.792318, -7.597797 ], [ 110.792312, -7.597812 ], [ 110.792302, -7.597839 ], [ 110.792253, -7.597934 ], [ 110.792227, -7.597981 ], [ 110.792214, -7.598017 ], [ 110.792183, -7.598099 ], [ 110.792129, -7.598258 ], [ 110.792088, -7.59837 ], [ 110.792062, -7.598448 ], [ 110.792057, -7.598463 ], [ 110.792057, -7.598478 ], [ 110.79206, -7.598488 ], [ 110.792068, -7.598497 ], [ 110.792086, -7.598508 ], [ 110.792104, -7.598514 ], [ 110.792121, -7.598521 ], [ 110.792149, -7.598547 ], [ 110.792171, -7.598569 ], [ 110.792197, -7.598587 ], [ 110.792253, -7.598617 ], [ 110.792321, -7.59865 ], [ 110.792348, -7.598672 ], [ 110.792439, -7.598755 ], [ 110.79246, -7.598775 ], [ 110.792474, -7.598793 ], [ 110.792488, -7.598807 ], [ 110.792522, -7.598826 ], [ 110.792532, -7.598835 ], [ 110.792545, -7.598855 ], [ 110.792556, -7.598872 ], [ 110.792565, -7.598878 ], [ 110.792582, -7.598887 ], [ 110.792605, -7.598891 ], [ 110.792633, -7.598892 ], [ 110.792668, -7.598895 ], [ 110.792694, -7.5989 ], [ 110.792767, -7.598914 ], [ 110.792822, -7.598919 ], [ 110.792885, -7.598925 ], [ 110.792926, -7.598928 ], [ 110.792961, -7.598927 ], [ 110.792991, -7.598924 ], [ 110.793036, -7.598916 ], [ 110.793107, -7.59889 ], [ 110.793137, -7.598884 ], [ 110.793179, -7.598877 ], [ 110.793208, -7.598875 ], [ 110.793239, -7.598876 ], [ 110.793258, -7.598879 ], [ 110.793301, -7.598902 ], [ 110.793332, -7.598916 ], [ 110.793414, -7.598951 ], [ 110.793475, -7.598976 ], [ 110.793517, -7.598991 ], [ 110.79356, -7.599005 ], [ 110.793607, -7.599021 ], [ 110.793648, -7.599041 ], [ 110.793681, -7.599061 ], [ 110.793708, -7.599079 ], [ 110.793764, -7.599097 ], [ 110.793797, -7.599109 ], [ 110.793841, -7.599133 ], [ 110.79386, -7.59914 ], [ 110.793902, -7.599155 ], [ 110.793924, -7.59916 ], [ 110.793941, -7.599165 ], [ 110.793954, -7.599177 ], [ 110.79396, -7.599191 ], [ 110.793957, -7.599216 ], [ 110.793947, -7.59924 ], [ 110.793912, -7.599298 ], [ 110.793888, -7.59934 ], [ 110.793879, -7.599364 ], [ 110.793869, -7.599398 ], [ 110.793866, -7.599416 ], [ 110.793866, -7.599451 ], [ 110.793867, -7.599463 ], [ 110.793872, -7.599471 ], [ 110.79389, -7.59949 ], [ 110.7939, -7.599497 ], [ 110.793906, -7.599502 ], [ 110.793946, -7.599514 ], [ 110.793995, -7.599525 ], [ 110.794051, -7.599536 ], [ 110.794081, -7.599541 ], [ 110.79418, -7.599546 ], [ 110.794267, -7.599549 ], [ 110.794342, -7.599553 ], [ 110.794435, -7.599571 ], [ 110.794504, -7.599583 ], [ 110.794512, -7.599589 ], [ 110.794554, -7.599629 ], [ 110.794577, -7.599646 ], [ 110.794594, -7.599653 ], [ 110.794616, -7.599659 ], [ 110.79463, -7.599658 ], [ 110.794676, -7.599648 ], [ 110.794728, -7.599634 ], [ 110.79475, -7.599632 ], [ 110.794781, -7.59963 ], [ 110.794795, -7.599629 ], [ 110.794815, -7.599633 ], [ 110.794836, -7.599644 ], [ 110.794899, -7.599682 ], [ 110.794988, -7.599735 ], [ 110.795049, -7.599772 ], [ 110.79507, -7.599783 ], [ 110.795099, -7.599795 ], [ 110.79512, -7.599804 ], [ 110.79514, -7.599819 ], [ 110.795164, -7.599839 ], [ 110.795197, -7.59986 ], [ 110.795212, -7.599876 ], [ 110.795246, -7.599929 ], [ 110.795279, -7.599965 ], [ 110.795309, -7.599988 ], [ 110.795364, -7.600031 ], [ 110.795435, -7.600067 ], [ 110.795512, -7.600098 ], [ 110.795568, -7.60012 ], [ 110.795639, -7.600164 ], [ 110.795682, -7.600193 ], [ 110.795708, -7.600204 ], [ 110.795747, -7.600212 ], [ 110.79578, -7.600213 ], [ 110.795834, -7.600209 ], [ 110.795922, -7.600186 ], [ 110.796004, -7.600166 ], [ 110.796051, -7.600162 ], [ 110.796074, -7.600163 ], [ 110.796106, -7.60017 ], [ 110.796133, -7.600187 ], [ 110.796165, -7.600205 ], [ 110.7962, -7.600216 ], [ 110.796263, -7.600234 ], [ 110.796484, -7.600289 ], [ 110.796599, -7.600315 ], [ 110.796671, -7.600329 ], [ 110.796668, -7.600339 ], [ 110.796649, -7.600406 ], [ 110.796512, -7.600891 ], [ 110.796275, -7.601649 ], [ 110.796215, -7.60163 ], [ 110.796192, -7.601623 ], [ 110.795976, -7.601556 ], [ 110.795939, -7.601545 ], [ 110.79585, -7.601517 ], [ 110.795716, -7.601475 ], [ 110.795689, -7.601467 ], [ 110.795552, -7.601424 ], [ 110.795502, -7.601409 ], [ 110.795346, -7.601361 ], [ 110.795332, -7.601357 ], [ 110.795331, -7.601356 ], [ 110.795314, -7.601351 ], [ 110.795182, -7.601305 ], [ 110.795161, -7.6013 ], [ 110.794756, -7.601183 ], [ 110.794413, -7.601084 ], [ 110.794018, -7.60097 ], [ 110.793987, -7.600962 ], [ 110.793944, -7.601042 ], [ 110.793741, -7.601497 ], [ 110.793431, -7.602183 ], [ 110.793331, -7.60239 ], [ 110.793291, -7.602487 ], [ 110.792965, -7.603218 ], [ 110.792758, -7.603708 ], [ 110.792779, -7.603716 ], [ 110.793036, -7.603806 ], [ 110.793477, -7.603965 ], [ 110.793753, -7.604068 ], [ 110.793856, -7.604106 ], [ 110.794128, -7.6042 ], [ 110.794197, -7.604224 ], [ 110.79459, -7.604362 ], [ 110.794841, -7.604444 ], [ 110.795195, -7.60455 ], [ 110.795195, -7.60455 ], [ 110.795224, -7.604561 ], [ 110.795199, -7.604574 ], [ 110.795111, -7.604622 ], [ 110.795062, -7.604649 ], [ 110.794951, -7.604709 ], [ 110.794431, -7.605012 ], [ 110.794215, -7.605152 ], [ 110.794039, -7.605269 ], [ 110.793886, -7.605357 ], [ 110.793696, -7.605484 ], [ 110.79349, -7.60559 ], [ 110.793345, -7.605669 ], [ 110.793226, -7.605721 ], [ 110.793153, -7.605747 ], [ 110.793045, -7.605773 ], [ 110.79279, -7.605814 ], [ 110.79262, -7.60584 ], [ 110.792566, -7.605848 ], [ 110.792528, -7.605853 ], [ 110.792449, -7.605865 ], [ 110.792307, -7.605886 ], [ 110.792075, -7.605919 ], [ 110.79193, -7.605942 ], [ 110.791839, -7.605955 ], [ 110.79166, -7.605979 ], [ 110.791638, -7.605982 ], [ 110.791442, -7.606007 ], [ 110.791415, -7.606011 ], [ 110.7914, -7.606013 ], [ 110.791444, -7.606055 ], [ 110.791512, -7.606089 ], [ 110.791872, -7.606203 ], [ 110.791967, -7.606236 ], [ 110.792117, -7.606287 ], [ 110.792417, -7.606389 ], [ 110.792481, -7.606411 ], [ 110.792793, -7.606517 ], [ 110.792797, -7.606519 ], [ 110.793086, -7.606621 ], [ 110.79337, -7.606721 ], [ 110.793638, -7.606815 ], [ 110.793752, -7.606855 ], [ 110.793966, -7.606922 ], [ 110.794264, -7.607016 ], [ 110.794522, -7.607097 ], [ 110.794591, -7.607119 ], [ 110.794813, -7.607194 ], [ 110.795109, -7.607294 ], [ 110.795388, -7.607388 ], [ 110.795414, -7.607397 ], [ 110.795544, -7.607451 ], [ 110.795738, -7.607514 ], [ 110.79588, -7.60756 ], [ 110.796181, -7.607658 ], [ 110.796311, -7.607702 ], [ 110.796586, -7.607794 ], [ 110.797016, -7.607938 ], [ 110.797211, -7.608004 ], [ 110.797301, -7.608034 ], [ 110.797345, -7.60805 ], [ 110.797415, -7.608075 ], [ 110.797623, -7.608148 ], [ 110.797743, -7.60819 ], [ 110.798226, -7.608361 ], [ 110.798379, -7.608415 ], [ 110.798688, -7.608523 ], [ 110.798861, -7.60858 ], [ 110.799095, -7.608656 ], [ 110.799487, -7.608784 ], [ 110.7997, -7.608853 ], [ 110.800239, -7.609029 ], [ 110.800203, -7.609084 ], [ 110.800092, -7.609314 ], [ 110.799691, -7.610317 ], [ 110.799451, -7.610875 ], [ 110.799561, -7.610911 ], [ 110.800765, -7.611355 ], [ 110.801681, -7.611781 ], [ 110.802291, -7.612054 ], [ 110.802552, -7.612171 ], [ 110.802628, -7.612205 ], [ 110.80263, -7.612206 ], [ 110.802649, -7.612215 ], [ 110.802631, -7.612257 ], [ 110.802572, -7.612395 ], [ 110.802559, -7.612426 ], [ 110.802494, -7.612578 ], [ 110.80249, -7.612587 ], [ 110.802457, -7.612664 ], [ 110.802416, -7.612755 ], [ 110.802398, -7.612793 ], [ 110.802353, -7.612892 ], [ 110.802313, -7.612978 ], [ 110.802305, -7.612989 ], [ 110.802252, -7.613064 ], [ 110.802165, -7.613187 ], [ 110.802162, -7.613191 ], [ 110.802154, -7.613202 ], [ 110.802154, -7.613202 ], [ 110.802054, -7.613342 ], [ 110.802043, -7.613358 ], [ 110.80204, -7.613362 ], [ 110.80204, -7.613363 ], [ 110.801902, -7.613291 ], [ 110.801867, -7.613273 ], [ 110.801779, -7.613227 ], [ 110.801765, -7.613219 ], [ 110.801703, -7.613187 ], [ 110.8017, -7.613185 ], [ 110.801637, -7.613149 ], [ 110.801591, -7.613117 ], [ 110.801475, -7.613067 ], [ 110.801345, -7.613019 ], [ 110.801273, -7.612994 ], [ 110.801223, -7.612977 ], [ 110.801068, -7.612923 ], [ 110.801054, -7.612918 ], [ 110.800974, -7.61289 ], [ 110.800892, -7.612858 ], [ 110.80089, -7.612858 ], [ 110.800878, -7.612858 ], [ 110.800868, -7.612858 ], [ 110.800856, -7.612871 ], [ 110.800839, -7.612911 ], [ 110.800773, -7.613058 ], [ 110.800756, -7.613095 ], [ 110.800734, -7.613137 ], [ 110.800707, -7.613188 ], [ 110.800662, -7.613273 ], [ 110.800662, -7.613273 ], [ 110.800636, -7.613316 ], [ 110.800628, -7.613328 ], [ 110.800616, -7.613347 ], [ 110.800594, -7.613382 ], [ 110.800584, -7.613399 ], [ 110.800517, -7.613513 ], [ 110.800505, -7.613544 ], [ 110.80045, -7.613677 ], [ 110.800398, -7.613805 ], [ 110.800392, -7.61382 ], [ 110.800318, -7.614001 ], [ 110.800293, -7.614062 ], [ 110.800266, -7.614127 ], [ 110.800212, -7.614259 ], [ 110.800178, -7.614342 ], [ 110.800163, -7.614373 ], [ 110.799984, -7.614753 ], [ 110.799933, -7.614858 ], [ 110.799998, -7.614893 ], [ 110.80017, -7.614984 ], [ 110.800198, -7.614997 ], [ 110.800341, -7.615066 ], [ 110.800317, -7.615104 ], [ 110.800306, -7.615123 ], [ 110.800176, -7.615364 ], [ 110.800005, -7.615677 ], [ 110.799991, -7.61572 ], [ 110.799975, -7.615769 ], [ 110.799966, -7.615794 ], [ 110.799961, -7.61581 ], [ 110.799957, -7.615878 ], [ 110.799943, -7.616032 ], [ 110.799943, -7.616034 ], [ 110.799938, -7.616098 ], [ 110.799905, -7.616097 ], [ 110.79983, -7.616095 ], [ 110.799756, -7.616092 ], [ 110.799645, -7.616079 ], [ 110.799596, -7.616086 ], [ 110.799573, -7.61609 ], [ 110.799542, -7.616092 ], [ 110.79953, -7.616085 ], [ 110.799515, -7.616078 ], [ 110.799454, -7.616052 ], [ 110.799441, -7.616047 ], [ 110.799383, -7.616031 ], [ 110.799333, -7.616033 ], [ 110.7993, -7.616043 ], [ 110.799292, -7.616052 ], [ 110.79928, -7.616064 ], [ 110.799266, -7.616093 ], [ 110.799255, -7.616123 ], [ 110.799246, -7.616152 ], [ 110.799239, -7.616191 ], [ 110.799236, -7.616215 ], [ 110.799217, -7.616257 ], [ 110.799209, -7.616288 ], [ 110.799205, -7.616309 ], [ 110.79919, -7.616329 ], [ 110.799151, -7.616362 ], [ 110.799119, -7.616386 ], [ 110.799068, -7.616363 ], [ 110.798908, -7.61629 ], [ 110.798908, -7.61629 ], [ 110.798858, -7.616374 ], [ 110.798778, -7.616511 ], [ 110.798714, -7.616619 ], [ 110.798559, -7.616881 ], [ 110.798484, -7.617161 ], [ 110.798467, -7.617349 ], [ 110.798447, -7.617565 ], [ 110.798425, -7.617558 ], [ 110.798328, -7.617532 ], [ 110.798202, -7.617526 ], [ 110.798055, -7.617525 ], [ 110.798042, -7.617525 ], [ 110.797886, -7.617531 ], [ 110.797856, -7.617532 ], [ 110.797781, -7.617529 ], [ 110.797722, -7.617527 ], [ 110.797651, -7.617511 ], [ 110.797476, -7.617431 ], [ 110.797467, -7.617427 ], [ 110.797263, -7.617357 ], [ 110.797217, -7.617342 ], [ 110.797196, -7.617335 ], [ 110.797058, -7.617293 ], [ 110.797029, -7.617284 ], [ 110.796934, -7.617264 ], [ 110.796728, -7.617221 ], [ 110.796515, -7.617201 ], [ 110.796509, -7.6172 ], [ 110.796439, -7.617196 ], [ 110.796391, -7.617188 ], [ 110.796388, -7.617188 ], [ 110.796382, -7.617185 ], [ 110.79635, -7.617174 ], [ 110.796349, -7.617174 ], [ 110.796338, -7.617168 ], [ 110.796295, -7.61715 ], [ 110.796229, -7.617136 ], [ 110.79617, -7.617133 ], [ 110.796128, -7.617133 ], [ 110.796094, -7.617145 ], [ 110.796075, -7.617166 ], [ 110.796054, -7.617215 ], [ 110.796023, -7.617293 ], [ 110.796016, -7.617311 ], [ 110.796003, -7.617343 ], [ 110.795897, -7.617602 ], [ 110.795883, -7.617637 ], [ 110.795877, -7.617651 ], [ 110.795854, -7.617703 ], [ 110.795775, -7.617885 ], [ 110.795774, -7.617888 ], [ 110.795602, -7.618325 ], [ 110.79558, -7.618379 ], [ 110.795556, -7.618438 ], [ 110.795555, -7.618442 ], [ 110.795518, -7.618531 ], [ 110.795469, -7.618649 ], [ 110.795426, -7.61879 ], [ 110.795384, -7.618926 ], [ 110.795371, -7.618969 ], [ 110.795307, -7.619176 ], [ 110.795143, -7.619704 ], [ 110.795103, -7.619838 ], [ 110.795, -7.620175 ], [ 110.794934, -7.620395 ], [ 110.794856, -7.620641 ], [ 110.794816, -7.620769 ], [ 110.794758, -7.620953 ], [ 110.794751, -7.620975 ], [ 110.794487, -7.621022 ], [ 110.794484, -7.621023 ], [ 110.794367, -7.621044 ], [ 110.794347, -7.621047 ], [ 110.794144, -7.621084 ], [ 110.794085, -7.621094 ], [ 110.793809, -7.621144 ], [ 110.79372, -7.62116 ], [ 110.793548, -7.621191 ], [ 110.793123, -7.62126 ], [ 110.79308, -7.621267 ], [ 110.792816, -7.621309 ], [ 110.792722, -7.621328 ], [ 110.792657, -7.621364 ], [ 110.792643, -7.621374 ], [ 110.792497, -7.621483 ], [ 110.792379, -7.621581 ], [ 110.792346, -7.621609 ], [ 110.792232, -7.621703 ], [ 110.792188, -7.621739 ], [ 110.792109, -7.621804 ], [ 110.791918, -7.62196 ], [ 110.791864, -7.622 ], [ 110.791733, -7.622097 ], [ 110.791718, -7.622109 ], [ 110.791619, -7.622182 ], [ 110.791619, -7.622182 ], [ 110.791445, -7.622312 ], [ 110.791351, -7.622382 ], [ 110.7913, -7.622423 ], [ 110.791278, -7.62244 ], [ 110.791279, -7.62244 ], [ 110.791335, -7.622493 ], [ 110.791561, -7.622708 ], [ 110.791865, -7.622985 ], [ 110.792227, -7.623312 ], [ 110.792561, -7.623619 ], [ 110.79279, -7.623835 ], [ 110.793081, -7.624097 ], [ 110.793403, -7.624412 ], [ 110.79362, -7.624661 ], [ 110.793771, -7.624846 ], [ 110.793871, -7.624984 ], [ 110.793954, -7.625156 ], [ 110.793998, -7.625279 ], [ 110.794028, -7.625361 ], [ 110.794049, -7.625477 ], [ 110.794049, -7.625497 ], [ 110.794055, -7.625721 ], [ 110.794038, -7.625919 ], [ 110.794018, -7.626008 ], [ 110.794015, -7.626024 ], [ 110.793988, -7.626148 ], [ 110.793691, -7.626116 ], [ 110.793433, -7.626046 ], [ 110.793421, -7.62608 ], [ 110.793403, -7.626133 ], [ 110.793315, -7.626102 ], [ 110.79306, -7.626016 ], [ 110.792888, -7.625977 ], [ 110.792643, -7.626773 ], [ 110.792875, -7.626889 ], [ 110.793011, -7.626958 ], [ 110.793007, -7.626983 ], [ 110.79299, -7.627087 ], [ 110.792983, -7.627127 ], [ 110.792961, -7.627257 ], [ 110.792971, -7.627286 ], [ 110.792986, -7.627331 ], [ 110.793007, -7.627394 ], [ 110.793053, -7.627532 ], [ 110.79306, -7.627554 ], [ 110.793312, -7.627695 ], [ 110.793369, -7.627727 ], [ 110.793726, -7.627949 ], [ 110.793834, -7.627987 ], [ 110.793844, -7.627961 ], [ 110.793927, -7.627777 ], [ 110.794218, -7.627131 ], [ 110.794227, -7.627117 ], [ 110.794324, -7.627216 ], [ 110.794476, -7.627384 ], [ 110.794605, -7.62753 ], [ 110.794745, -7.627681 ], [ 110.794873, -7.627832 ], [ 110.795039, -7.628039 ], [ 110.795226, -7.628254 ], [ 110.795435, -7.628496 ], [ 110.795658, -7.628764 ], [ 110.795889, -7.629028 ], [ 110.796077, -7.629241 ], [ 110.796224, -7.629401 ], [ 110.796265, -7.629445 ], [ 110.79634, -7.629526 ], [ 110.796429, -7.629616 ], [ 110.79659, -7.629787 ], [ 110.796727, -7.629971 ], [ 110.796795, -7.630048 ], [ 110.796806, -7.630059 ], [ 110.796956, -7.63024 ], [ 110.797123, -7.630449 ], [ 110.797281, -7.630655 ], [ 110.797366, -7.630761 ], [ 110.797523, -7.630949 ], [ 110.7977, -7.631133 ], [ 110.797736, -7.63117 ], [ 110.79785, -7.631297 ], [ 110.797916, -7.631377 ], [ 110.797942, -7.631408 ], [ 110.798004, -7.631484 ], [ 110.798132, -7.631613 ], [ 110.798195, -7.631676 ], [ 110.798463, -7.631923 ], [ 110.798691, -7.632097 ], [ 110.798704, -7.632106 ], [ 110.798816, -7.632188 ], [ 110.798996, -7.632282 ], [ 110.799058, -7.632314 ], [ 110.799079, -7.632325 ], [ 110.79928, -7.632399 ], [ 110.799342, -7.632422 ], [ 110.799386, -7.632438 ], [ 110.799487, -7.632459 ], [ 110.799654, -7.632494 ], [ 110.799671, -7.632497 ], [ 110.799821, -7.632521 ], [ 110.80006, -7.632559 ], [ 110.800494, -7.632589 ], [ 110.800587, -7.632618 ], [ 110.800808, -7.632685 ], [ 110.800748, -7.632838 ], [ 110.800645, -7.633093 ], [ 110.800583, -7.633245 ], [ 110.800425, -7.633634 ], [ 110.800159, -7.634309 ], [ 110.800145, -7.634346 ], [ 110.800098, -7.634466 ], [ 110.799929, -7.634851 ], [ 110.7999, -7.634917 ], [ 110.799884, -7.634954 ], [ 110.799721, -7.635325 ], [ 110.79909, -7.636067 ], [ 110.796939, -7.637278 ], [ 110.796458, -7.637492 ], [ 110.795714, -7.637822 ], [ 110.793402, -7.638744 ], [ 110.792988, -7.639007 ], [ 110.792533, -7.639447 ], [ 110.792307, -7.639786 ], [ 110.791874, -7.640668 ], [ 110.791611, -7.641427 ], [ 110.791349, -7.642169 ], [ 110.791344, -7.642184 ], [ 110.791228, -7.642246 ], [ 110.791109, -7.64227 ], [ 110.790857, -7.642323 ], [ 110.790689, -7.642347 ], [ 110.790401, -7.642329 ], [ 110.790101, -7.642209 ], [ 110.789843, -7.641898 ], [ 110.789827, -7.641885 ], [ 110.789683, -7.641767 ], [ 110.789483, -7.641605 ], [ 110.789177, -7.641549 ], [ 110.789088, -7.641533 ], [ 110.788848, -7.641533 ], [ 110.788566, -7.641622 ], [ 110.788356, -7.64173 ], [ 110.78823, -7.641813 ], [ 110.788044, -7.641879 ], [ 110.787919, -7.641939 ], [ 110.787858, -7.641969 ], [ 110.78769, -7.641975 ], [ 110.787443, -7.641921 ], [ 110.787414, -7.641915 ], [ 110.787252, -7.641873 ], [ 110.787109, -7.641729 ], [ 110.786898, -7.641479 ], [ 110.786665, -7.641202 ], [ 110.786263, -7.64064 ], [ 110.786072, -7.64037 ], [ 110.785826, -7.640179 ], [ 110.785274, -7.639724 ], [ 110.784977, -7.639563 ], [ 110.784975, -7.639562 ], [ 110.784561, -7.639125 ], [ 110.784466, -7.638977 ], [ 110.784279, -7.638688 ], [ 110.784016, -7.638491 ], [ 110.783404, -7.638341 ], [ 110.782678, -7.638209 ], [ 110.782343, -7.638167 ], [ 110.781995, -7.638053 ], [ 110.781761, -7.637921 ], [ 110.781629, -7.637712 ], [ 110.781641, -7.637107 ], [ 110.781672, -7.636748 ], [ 110.781625, -7.636634 ], [ 110.781522, -7.636383 ], [ 110.781228, -7.635629 ], [ 110.781025, -7.635234 ], [ 110.781004, -7.63522 ], [ 110.780839, -7.635108 ], [ 110.780545, -7.635108 ], [ 110.780418, -7.635183 ], [ 110.780341, -7.635228 ], [ 110.780245, -7.635318 ], [ 110.780059, -7.635437 ], [ 110.779897, -7.635503 ], [ 110.779697, -7.635541 ], [ 110.779645, -7.635551 ], [ 110.779322, -7.635634 ], [ 110.77914, -7.635672 ], [ 110.779033, -7.635679 ], [ 110.778982, -7.635682 ], [ 110.778811, -7.635656 ], [ 110.778507, -7.63561 ], [ 110.778238, -7.635457 ], [ 110.777744, -7.63516 ], [ 110.777437, -7.634887 ], [ 110.777246, -7.634518 ], [ 110.777107, -7.634082 ], [ 110.777068, -7.633543 ], [ 110.777063, -7.633466 ], [ 110.776139, -7.633243 ], [ 110.776062, -7.633475 ], [ 110.776008, -7.633612 ], [ 110.776005, -7.633653 ], [ 110.776011, -7.633734 ], [ 110.776026, -7.633774 ], [ 110.776034, -7.633857 ], [ 110.776025, -7.633935 ], [ 110.776013, -7.634028 ], [ 110.775824, -7.634473 ], [ 110.775527, -7.635009 ], [ 110.775263, -7.635487 ], [ 110.774813, -7.636267 ], [ 110.77459, -7.636654 ], [ 110.773833, -7.637982 ], [ 110.773709, -7.638218 ], [ 110.77353, -7.638556 ], [ 110.772972, -7.639553 ], [ 110.772696, -7.640056 ], [ 110.772569, -7.640287 ], [ 110.772484, -7.640212 ], [ 110.772386, -7.640078 ], [ 110.772332, -7.639984 ], [ 110.772287, -7.639939 ], [ 110.772204, -7.639911 ], [ 110.772142, -7.6399 ], [ 110.772081, -7.639903 ], [ 110.772004, -7.639946 ], [ 110.771933, -7.639982 ], [ 110.771876, -7.639986 ], [ 110.771801, -7.639989 ], [ 110.771747, -7.639963 ], [ 110.771693, -7.639882 ], [ 110.771624, -7.639698 ], [ 110.771634, -7.639585 ], [ 110.771661, -7.639472 ], [ 110.771676, -7.639409 ], [ 110.771705, -7.639325 ], [ 110.771707, -7.639233 ], [ 110.77168, -7.639143 ], [ 110.771652, -7.639099 ], [ 110.771594, -7.639076 ], [ 110.771508, -7.639076 ], [ 110.771439, -7.639084 ], [ 110.771398, -7.639084 ], [ 110.771345, -7.639084 ], [ 110.771285, -7.639053 ], [ 110.771249, -7.639024 ], [ 110.771218, -7.638969 ], [ 110.771199, -7.638927 ], [ 110.771158, -7.638859 ], [ 110.771132, -7.638827 ], [ 110.771086, -7.638796 ], [ 110.771049, -7.63879 ], [ 110.770932, -7.638758 ], [ 110.770819, -7.638758 ], [ 110.770752, -7.638829 ], [ 110.770715, -7.638852 ], [ 110.770683, -7.638898 ], [ 110.770652, -7.638924 ], [ 110.770567, -7.638963 ], [ 110.770485, -7.638989 ], [ 110.77045, -7.639033 ], [ 110.770389, -7.639206 ], [ 110.770356, -7.639278 ], [ 110.770329, -7.639336 ], [ 110.7703, -7.639395 ], [ 110.770256, -7.639428 ], [ 110.770181, -7.639445 ], [ 110.770097, -7.639456 ], [ 110.770005, -7.639456 ], [ 110.76993, -7.639429 ], [ 110.769836, -7.639316 ], [ 110.769769, -7.639278 ], [ 110.769646, -7.63927 ], [ 110.769565, -7.639278 ], [ 110.769514, -7.639293 ], [ 110.769479, -7.639299 ], [ 110.769338, -7.63929 ], [ 110.768964, -7.639118 ], [ 110.768448, -7.63882 ], [ 110.766906, -7.63793 ], [ 110.76541, -7.637072 ], [ 110.763482, -7.635946 ], [ 110.764649, -7.633754 ], [ 110.76559, -7.63195 ], [ 110.766589, -7.630065 ], [ 110.767454, -7.62838 ], [ 110.768377, -7.62665 ], [ 110.768687, -7.626805 ], [ 110.768858, -7.626444 ], [ 110.768825, -7.62641 ], [ 110.768688, -7.626269 ], [ 110.768311, -7.625652 ], [ 110.767908, -7.625055 ], [ 110.767871, -7.624995 ], [ 110.767584, -7.624524 ], [ 110.767466, -7.624244 ], [ 110.767214, -7.623501 ], [ 110.767031, -7.623019 ], [ 110.766993, -7.622953 ], [ 110.766681, -7.622406 ], [ 110.766486, -7.622132 ], [ 110.766411, -7.622007 ], [ 110.766208, -7.621665 ], [ 110.766103, -7.621421 ], [ 110.766058, -7.621342 ], [ 110.766012, -7.621269 ], [ 110.765957, -7.621172 ], [ 110.765881, -7.621047 ], [ 110.765796, -7.620955 ], [ 110.76571, -7.620843 ], [ 110.765633, -7.620744 ], [ 110.76556, -7.620648 ], [ 110.765481, -7.620562 ], [ 110.765452, -7.620534 ], [ 110.765308, -7.620393 ], [ 110.765189, -7.620276 ], [ 110.765162, -7.620253 ], [ 110.765085, -7.620189 ], [ 110.765002, -7.620123 ], [ 110.764954, -7.620089 ], [ 110.764938, -7.620078 ], [ 110.764812, -7.619974 ], [ 110.764728, -7.61991 ], [ 110.764679, -7.61987 ], [ 110.764528, -7.619773 ], [ 110.764472, -7.619735 ], [ 110.764395, -7.619701 ], [ 110.764346, -7.619689 ], [ 110.764268, -7.619667 ], [ 110.764111, -7.619629 ], [ 110.764011, -7.619614 ], [ 110.763947, -7.619602 ], [ 110.763935, -7.619602 ], [ 110.763897, -7.619602 ], [ 110.763842, -7.619594 ], [ 110.763667, -7.619561 ], [ 110.763612, -7.619548 ], [ 110.763546, -7.619529 ], [ 110.763484, -7.619517 ], [ 110.76342, -7.619502 ], [ 110.763345, -7.619491 ], [ 110.763341, -7.619491 ], [ 110.763203, -7.619482 ], [ 110.763119, -7.619477 ], [ 110.763047, -7.619475 ], [ 110.762983, -7.619475 ], [ 110.762905, -7.619486 ], [ 110.762725, -7.619526 ], [ 110.762647, -7.619538 ], [ 110.762598, -7.619553 ], [ 110.762563, -7.619569 ], [ 110.762523, -7.619597 ], [ 110.76245, -7.619632 ], [ 110.762389, -7.619661 ], [ 110.762372, -7.619669 ], [ 110.762327, -7.619692 ], [ 110.76225, -7.619714 ], [ 110.762117, -7.619739 ], [ 110.762044, -7.619747 ], [ 110.761961, -7.61974 ], [ 110.761845, -7.619767 ], [ 110.761748, -7.619754 ], [ 110.761586, -7.619737 ], [ 110.761508, -7.619708 ], [ 110.76149, -7.619702 ], [ 110.761389, -7.619666 ], [ 110.761348, -7.619645 ], [ 110.761277, -7.619608 ], [ 110.761191, -7.619554 ], [ 110.761165, -7.61954 ], [ 110.76108, -7.619494 ], [ 110.761008, -7.619401 ], [ 110.760961, -7.619373 ], [ 110.760925, -7.619354 ], [ 110.760886, -7.619333 ], [ 110.760764, -7.61928 ], [ 110.760595, -7.619212 ], [ 110.760482, -7.619161 ], [ 110.760472, -7.619157 ], [ 110.760331, -7.619097 ], [ 110.760206, -7.619059 ], [ 110.760107, -7.619019 ], [ 110.759975, -7.618974 ], [ 110.75986, -7.618924 ], [ 110.759674, -7.618848 ], [ 110.759582, -7.618799 ], [ 110.759542, -7.618776 ], [ 110.759424, -7.618706 ], [ 110.759314, -7.618643 ], [ 110.759197, -7.618564 ], [ 110.759108, -7.61851 ], [ 110.759038, -7.618467 ], [ 110.758947, -7.618369 ], [ 110.758785, -7.618203 ], [ 110.758702, -7.618113 ], [ 110.758683, -7.618089 ], [ 110.758582, -7.61798 ], [ 110.758464, -7.617828 ], [ 110.758412, -7.617766 ], [ 110.758354, -7.617703 ], [ 110.758285, -7.617614 ], [ 110.758243, -7.617555 ], [ 110.758175, -7.617449 ], [ 110.758134, -7.617367 ], [ 110.758132, -7.617363 ], [ 110.758121, -7.617346 ], [ 110.758095, -7.617309 ], [ 110.758044, -7.617239 ], [ 110.758017, -7.617175 ], [ 110.757986, -7.617113 ], [ 110.757938, -7.617033 ], [ 110.75791, -7.61699 ], [ 110.757891, -7.616956 ], [ 110.757881, -7.616938 ], [ 110.757844, -7.616897 ], [ 110.757805, -7.616858 ], [ 110.757764, -7.616821 ], [ 110.757713, -7.616773 ], [ 110.757645, -7.616714 ], [ 110.757606, -7.616679 ], [ 110.757517, -7.61662 ], [ 110.757476, -7.616589 ], [ 110.757469, -7.616585 ], [ 110.757449, -7.616575 ], [ 110.757417, -7.616558 ], [ 110.757359, -7.616528 ], [ 110.757318, -7.616508 ], [ 110.75728, -7.616464 ], [ 110.757243, -7.616443 ], [ 110.757225, -7.616424 ], [ 110.757212, -7.6164 ], [ 110.757209, -7.616364 ], [ 110.757198, -7.616323 ], [ 110.757201, -7.616302 ], [ 110.757209, -7.61627 ], [ 110.757207, -7.61621 ], [ 110.757221, -7.616183 ], [ 110.757229, -7.61615 ], [ 110.757242, -7.616072 ], [ 110.757253, -7.616015 ], [ 110.757261, -7.615972 ], [ 110.757277, -7.615883 ], [ 110.757278, -7.615879 ], [ 110.757295, -7.615777 ], [ 110.757298, -7.615758 ], [ 110.75731, -7.615669 ], [ 110.757311, -7.615637 ], [ 110.757311, -7.615621 ], [ 110.757308, -7.61557 ], [ 110.7573, -7.615533 ], [ 110.757288, -7.61549 ], [ 110.757274, -7.615444 ], [ 110.757253, -7.615385 ], [ 110.757235, -7.615335 ], [ 110.757209, -7.615277 ], [ 110.757193, -7.615234 ], [ 110.757171, -7.615182 ], [ 110.757151, -7.615138 ], [ 110.757137, -7.6151 ], [ 110.757115, -7.615045 ], [ 110.757102, -7.614992 ], [ 110.75709, -7.614938 ], [ 110.75708, -7.614889 ], [ 110.757077, -7.614876 ], [ 110.757066, -7.614824 ], [ 110.757056, -7.614761 ], [ 110.757045, -7.614702 ], [ 110.75703, -7.614643 ], [ 110.75703, -7.614642 ], [ 110.757018, -7.614576 ], [ 110.757009, -7.614536 ], [ 110.757003, -7.614512 ], [ 110.756999, -7.614466 ], [ 110.757007, -7.614368 ], [ 110.757005, -7.614328 ], [ 110.757019, -7.614262 ], [ 110.757033, -7.614164 ], [ 110.75705, -7.614095 ], [ 110.757071, -7.614038 ], [ 110.757136, -7.613902 ], [ 110.757143, -7.613886 ], [ 110.757156, -7.613856 ], [ 110.75718, -7.613811 ], [ 110.75724, -7.613689 ], [ 110.757269, -7.613652 ], [ 110.757276, -7.613637 ], [ 110.75729, -7.613608 ], [ 110.757304, -7.61356 ], [ 110.757323, -7.613493 ], [ 110.757357, -7.613359 ], [ 110.757358, -7.613354 ], [ 110.757366, -7.613327 ], [ 110.757366, -7.613317 ], [ 110.757366, -7.613307 ], [ 110.757368, -7.613208 ], [ 110.757373, -7.61303 ], [ 110.757375, -7.612975 ], [ 110.757375, -7.612956 ], [ 110.757376, -7.612934 ], [ 110.757372, -7.612913 ], [ 110.757367, -7.612884 ], [ 110.757364, -7.612864 ], [ 110.757361, -7.612843 ], [ 110.757352, -7.612789 ], [ 110.757323, -7.612669 ], [ 110.757316, -7.612625 ], [ 110.757313, -7.612606 ], [ 110.757304, -7.612575 ], [ 110.757303, -7.612573 ], [ 110.757292, -7.612536 ], [ 110.757275, -7.612475 ], [ 110.757249, -7.612386 ], [ 110.757242, -7.612363 ], [ 110.757241, -7.612359 ], [ 110.757229, -7.612319 ], [ 110.757222, -7.61228 ], [ 110.757215, -7.61224 ], [ 110.757139, -7.61213 ], [ 110.757128, -7.612092 ], [ 110.757497, -7.612204 ], [ 110.757754, -7.612154 ], [ 110.757768, -7.612209 ], [ 110.757789, -7.612297 ], [ 110.757839, -7.612421 ], [ 110.757902, -7.612501 ], [ 110.75809, -7.612689 ], [ 110.758255, -7.612821 ], [ 110.758491, -7.61299 ], [ 110.758689, -7.613071 ], [ 110.758842, -7.61312 ], [ 110.758963, -7.613151 ], [ 110.759142, -7.613228 ], [ 110.759326, -7.613295 ], [ 110.759338, -7.613299 ], [ 110.759335, -7.613275 ], [ 110.75936, -7.613222 ], [ 110.759373, -7.613199 ], [ 110.759403, -7.613146 ], [ 110.759491, -7.612991 ], [ 110.759506, -7.612965 ], [ 110.759671, -7.612672 ], [ 110.759827, -7.612402 ], [ 110.759873, -7.612322 ], [ 110.759994, -7.612111 ], [ 110.760107, -7.611912 ], [ 110.760405, -7.611457 ], [ 110.760537, -7.611525 ], [ 110.760611, -7.611563 ], [ 110.760743, -7.61168 ], [ 110.760926, -7.611895 ], [ 110.761157, -7.612293 ], [ 110.761241, -7.612557 ], [ 110.761268, -7.612634 ], [ 110.761316, -7.612771 ], [ 110.761344, -7.612813 ], [ 110.761387, -7.61288 ], [ 110.761406, -7.612909 ], [ 110.761513, -7.613014 ], [ 110.761595, -7.6129 ], [ 110.76161, -7.61288 ], [ 110.761652, -7.612823 ], [ 110.761666, -7.612804 ], [ 110.761806, -7.612615 ], [ 110.762007, -7.612394 ], [ 110.762164, -7.612291 ], [ 110.762348, -7.612171 ], [ 110.762934, -7.611732 ], [ 110.762948, -7.611722 ], [ 110.763439, -7.611362 ], [ 110.763566, -7.611253 ], [ 110.763735, -7.611127 ], [ 110.763778, -7.6111 ], [ 110.76377, -7.611086 ], [ 110.763821, -7.611068 ], [ 110.763846, -7.611058 ], [ 110.764233, -7.610813 ], [ 110.76424, -7.610809 ], [ 110.764284, -7.610781 ], [ 110.764514, -7.610654 ], [ 110.764831, -7.610479 ], [ 110.764868, -7.610456 ], [ 110.764879, -7.610446 ], [ 110.764883, -7.610442 ], [ 110.764853, -7.610134 ], [ 110.764787, -7.609693 ], [ 110.76476, -7.609511 ], [ 110.764717, -7.609227 ], [ 110.76469, -7.609024 ], [ 110.76464, -7.608648 ], [ 110.764612, -7.608437 ], [ 110.764536, -7.607862 ], [ 110.764482, -7.607425 ], [ 110.76468, -7.607014 ], [ 110.764735, -7.6069 ], [ 110.765007, -7.606335 ], [ 110.765041, -7.606264 ], [ 110.765281, -7.605758 ], [ 110.765316, -7.605685 ], [ 110.765371, -7.60557 ], [ 110.765446, -7.605391 ], [ 110.765437, -7.605373 ], [ 110.765421, -7.605342 ], [ 110.765306, -7.605195 ], [ 110.765245, -7.605131 ], [ 110.765152, -7.60504 ], [ 110.76515, -7.605038 ], [ 110.765057, -7.604985 ], [ 110.764952, -7.604898 ], [ 110.764819, -7.604751 ], [ 110.764786, -7.604717 ], [ 110.764719, -7.60465 ], [ 110.764612, -7.604556 ], [ 110.764525, -7.604497 ], [ 110.764477, -7.60447 ], [ 110.764415, -7.60444 ], [ 110.764381, -7.604422 ], [ 110.764283, -7.604367 ], [ 110.764196, -7.60433 ], [ 110.764145, -7.604324 ], [ 110.764019, -7.604324 ], [ 110.763818, -7.604331 ], [ 110.76374, -7.60433 ], [ 110.763668, -7.604318 ], [ 110.763635, -7.604302 ], [ 110.763569, -7.604242 ], [ 110.763568, -7.604242 ], [ 110.763511, -7.604203 ], [ 110.763467, -7.604186 ], [ 110.763404, -7.604176 ], [ 110.763328, -7.604162 ], [ 110.763266, -7.604156 ], [ 110.763222, -7.604156 ], [ 110.763194, -7.604176 ], [ 110.763147, -7.604194 ], [ 110.763083, -7.604217 ], [ 110.762778, -7.604092 ], [ 110.762411, -7.603927 ], [ 110.762364, -7.603905 ], [ 110.762048, -7.603763 ], [ 110.762023, -7.603752 ], [ 110.762175, -7.603374 ], [ 110.762239, -7.603216 ], [ 110.762383, -7.60308 ], [ 110.762528, -7.6028 ], [ 110.762701, -7.602254 ], [ 110.762823, -7.601903 ], [ 110.762944, -7.601712 ], [ 110.762733, -7.601584 ], [ 110.762739, -7.601583 ], [ 110.762783, -7.601572 ], [ 110.763181, -7.601376 ], [ 110.763321, -7.601282 ], [ 110.763396, -7.601293 ], [ 110.763476, -7.601299 ], [ 110.763521, -7.601296 ], [ 110.763568, -7.601293 ], [ 110.763632, -7.601293 ], [ 110.763703, -7.6013 ], [ 110.76396, -7.601361 ], [ 110.764149, -7.601426 ], [ 110.764207, -7.601452 ], [ 110.764252, -7.601468 ], [ 110.764277, -7.601469 ], [ 110.764369, -7.601343 ], [ 110.764413, -7.601317 ], [ 110.764528, -7.601324 ], [ 110.764725, -7.601365 ], [ 110.764753, -7.601356 ], [ 110.764782, -7.601319 ], [ 110.764868, -7.601118 ], [ 110.764975, -7.60098 ], [ 110.765116, -7.600723 ], [ 110.765148, -7.600689 ], [ 110.765208, -7.600692 ], [ 110.765297, -7.600717 ], [ 110.765378, -7.600736 ], [ 110.765411, -7.600736 ], [ 110.765445, -7.600696 ], [ 110.765507, -7.600626 ], [ 110.765578, -7.600596 ], [ 110.765657, -7.600598 ], [ 110.765716, -7.600616 ], [ 110.765771, -7.600623 ], [ 110.76581, -7.600629 ], [ 110.76585, -7.600627 ], [ 110.765876, -7.600606 ], [ 110.765909, -7.600574 ], [ 110.765948, -7.600553 ], [ 110.765998, -7.600561 ], [ 110.766572, -7.600714 ], [ 110.76664, -7.600735 ], [ 110.766647, -7.60072 ], [ 110.766677, -7.600655 ], [ 110.76686, -7.600252 ], [ 110.766882, -7.600205 ], [ 110.766883, -7.600202 ], [ 110.766976, -7.599972 ], [ 110.76698, -7.599961 ], [ 110.767166, -7.599501 ], [ 110.767212, -7.599388 ], [ 110.767435, -7.598844 ], [ 110.76689, -7.598626 ], [ 110.766629, -7.598565 ], [ 110.766506, -7.598536 ], [ 110.766434, -7.598536 ], [ 110.76638, -7.598575 ], [ 110.766323, -7.598665 ], [ 110.766227, -7.598835 ], [ 110.766113, -7.599147 ], [ 110.76607, -7.599287 ], [ 110.765989, -7.599559 ], [ 110.765914, -7.599581 ], [ 110.765849, -7.599587 ], [ 110.76567, -7.599589 ], [ 110.765536, -7.599618 ], [ 110.765354, -7.599652 ], [ 110.765204, -7.599639 ], [ 110.765081, -7.599609 ], [ 110.764954, -7.599626 ], [ 110.764637, -7.599578 ], [ 110.764519, -7.59957 ], [ 110.764411, -7.599495 ], [ 110.764537, -7.599131 ], [ 110.764603, -7.598953 ], [ 110.764651, -7.598865 ], [ 110.764773, -7.59879 ], [ 110.764821, -7.59879 ], [ 110.764861, -7.598803 ], [ 110.76492, -7.598713 ], [ 110.765008, -7.598567 ], [ 110.765097, -7.598361 ], [ 110.765118, -7.598315 ], [ 110.765268, -7.597871 ], [ 110.765293, -7.597777 ], [ 110.765826, -7.597069 ], [ 110.766138, -7.596651 ], [ 110.766258, -7.596573 ], [ 110.7663, -7.596435 ], [ 110.766324, -7.596286 ], [ 110.766324, -7.596142 ], [ 110.766318, -7.596005 ], [ 110.766295, -7.595897 ], [ 110.766283, -7.595813 ], [ 110.766283, -7.595652 ], [ 110.766267, -7.595234 ], [ 110.766221, -7.595221 ], [ 110.765996, -7.595156 ], [ 110.765642, -7.595074 ], [ 110.765328, -7.594994 ], [ 110.765237, -7.594961 ], [ 110.765354, -7.594713 ], [ 110.765369, -7.594682 ], [ 110.765429, -7.594557 ], [ 110.765619, -7.594086 ], [ 110.765722, -7.59381 ], [ 110.765847, -7.593836 ], [ 110.765887, -7.593844 ], [ 110.76646, -7.593924 ], [ 110.766474, -7.593889 ], [ 110.766497, -7.593836 ], [ 110.766566, -7.593683 ], [ 110.766669, -7.593453 ], [ 110.766918, -7.592824 ], [ 110.767236, -7.59201 ], [ 110.767328, -7.591778 ], [ 110.766403, -7.591594 ], [ 110.766185, -7.591551 ], [ 110.766159, -7.591612 ], [ 110.765346, -7.59144 ], [ 110.764552, -7.591258 ], [ 110.763489, -7.591008 ], [ 110.762932, -7.590849 ], [ 110.762932, -7.590849 ], [ 110.762144, -7.5906 ], [ 110.761449, -7.590404 ], [ 110.76054, -7.590119 ], [ 110.760347, -7.590677 ], [ 110.760185, -7.591103 ], [ 110.759166, -7.590529 ], [ 110.756089, -7.589397 ], [ 110.755989, -7.589266 ], [ 110.755632, -7.589179 ], [ 110.755009, -7.589027 ], [ 110.754289, -7.588842 ], [ 110.75347, -7.588641 ], [ 110.752636, -7.588413 ], [ 110.752249, -7.58831 ], [ 110.752276, -7.588162 ], [ 110.752288, -7.588013 ], [ 110.752232, -7.587986 ], [ 110.752019, -7.587914 ], [ 110.751769, -7.587823 ], [ 110.751204, -7.587624 ], [ 110.751199, -7.587515 ], [ 110.751243, -7.587253 ], [ 110.75127, -7.58709 ], [ 110.751334, -7.586611 ], [ 110.751337, -7.586461 ], [ 110.752275, -7.586455 ], [ 110.752621, -7.586361 ], [ 110.752814, -7.58599 ], [ 110.752767, -7.585946 ], [ 110.752279, -7.585492 ], [ 110.751687, -7.584932 ], [ 110.751464, -7.584696 ], [ 110.751413, -7.584587 ], [ 110.751817, -7.584292 ], [ 110.7521, -7.584085 ], [ 110.7526, -7.583719 ], [ 110.752747, -7.583616 ], [ 110.753157, -7.583326 ], [ 110.754242, -7.582561 ], [ 110.754339, -7.582492 ], [ 110.754867, -7.582119 ], [ 110.755197, -7.581885 ], [ 110.755613, -7.58159 ], [ 110.75584, -7.581431 ], [ 110.755879, -7.581402 ], [ 110.755998, -7.581494 ], [ 110.756118, -7.581582 ], [ 110.756131, -7.581591 ], [ 110.757235, -7.58239 ], [ 110.758297, -7.583106 ], [ 110.758968, -7.583558 ], [ 110.759244, -7.583128 ], [ 110.759426, -7.582852 ], [ 110.759752, -7.582278 ], [ 110.759751, -7.5822 ], [ 110.759854, -7.581792 ], [ 110.760364, -7.58191 ], [ 110.760297, -7.582234 ], [ 110.760407, -7.582373 ], [ 110.760593, -7.582437 ], [ 110.7607, -7.582473 ], [ 110.760766, -7.5825 ], [ 110.760812, -7.582518 ], [ 110.761064, -7.582591 ], [ 110.761791, -7.582629 ], [ 110.762085, -7.582719 ], [ 110.762415, -7.582927 ], [ 110.762816, -7.58318 ], [ 110.762918, -7.583216 ], [ 110.762948, -7.58327 ], [ 110.762872, -7.583767 ], [ 110.763129, -7.583828 ], [ 110.7638, -7.583987 ], [ 110.763914, -7.584013 ], [ 110.76449, -7.584143 ], [ 110.764847, -7.584223 ], [ 110.764978, -7.584252 ], [ 110.765275, -7.584318 ], [ 110.765854, -7.584449 ], [ 110.766095, -7.584501 ], [ 110.766478, -7.584585 ], [ 110.76663, -7.58462 ], [ 110.766985, -7.5847 ], [ 110.767028, -7.58471 ], [ 110.767283, -7.584768 ], [ 110.767284, -7.584768 ], [ 110.767355, -7.584784 ], [ 110.767552, -7.584832 ], [ 110.767958, -7.584931 ], [ 110.768214, -7.584979 ], [ 110.768398, -7.585013 ], [ 110.768433, -7.58502 ], [ 110.768435, -7.585013 ], [ 110.768447, -7.584959 ], [ 110.768557, -7.584478 ], [ 110.768581, -7.584377 ], [ 110.768744, -7.583663 ], [ 110.7688, -7.583417 ], [ 110.76889, -7.583048 ], [ 110.768989, -7.582639 ], [ 110.769038, -7.582434 ], [ 110.769108, -7.582132 ], [ 110.769185, -7.581797 ], [ 110.769193, -7.581761 ], [ 110.769368, -7.580979 ], [ 110.769481, -7.580513 ], [ 110.768878, -7.580373 ], [ 110.767901, -7.580164 ], [ 110.767152, -7.579987 ], [ 110.767057, -7.579965 ], [ 110.766959, -7.579941 ], [ 110.766159, -7.579773 ], [ 110.765865, -7.57971 ], [ 110.765731, -7.579682 ], [ 110.765624, -7.579658 ], [ 110.765681, -7.579434 ], [ 110.765738, -7.579086 ], [ 110.765803, -7.57874 ], [ 110.765815, -7.578678 ], [ 110.765868, -7.578393 ], [ 110.76594, -7.577992 ], [ 110.766017, -7.57757 ], [ 110.766045, -7.577426 ], [ 110.766037, -7.577336 ], [ 110.765998, -7.577239 ], [ 110.765995, -7.577176 ], [ 110.766022, -7.57703 ], [ 110.766163, -7.57664 ], [ 110.766246, -7.576467 ], [ 110.766318, -7.576317 ], [ 110.766405, -7.576138 ], [ 110.766158, -7.576145 ], [ 110.765732, -7.576172 ], [ 110.76564, -7.576228 ], [ 110.764864, -7.576245 ], [ 110.764619, -7.576251 ], [ 110.764591, -7.576251 ], [ 110.763777, -7.576269 ], [ 110.763687, -7.576179 ], [ 110.763534, -7.576043 ], [ 110.763691, -7.575944 ], [ 110.764069, -7.575691 ], [ 110.765787, -7.574443 ], [ 110.76605, -7.574241 ], [ 110.767234, -7.573332 ], [ 110.767488, -7.573137 ], [ 110.767561, -7.573085 ], [ 110.767598, -7.573059 ], [ 110.767458, -7.572895 ], [ 110.767354, -7.572795 ], [ 110.767239, -7.572716 ], [ 110.767043, -7.572669 ], [ 110.766894, -7.572633 ], [ 110.766705, -7.572611 ], [ 110.766723, -7.572598 ], [ 110.766856, -7.572472 ], [ 110.766932, -7.572393 ], [ 110.767047, -7.572289 ], [ 110.767148, -7.572185 ], [ 110.767274, -7.572027 ], [ 110.767418, -7.571859 ], [ 110.767522, -7.571762 ], [ 110.767627, -7.571694 ], [ 110.767742, -7.571665 ], [ 110.767853, -7.571661 ], [ 110.767968, -7.571661 ], [ 110.768137, -7.571661 ], [ 110.768332, -7.571626 ], [ 110.768598, -7.571536 ], [ 110.7689, -7.57136 ], [ 110.769015, -7.571281 ], [ 110.769051, -7.571224 ], [ 110.769055, -7.571163 ], [ 110.769044, -7.571012 ], [ 110.769034, -7.570922 ], [ 110.769027, -7.5708 ], [ 110.76903, -7.570725 ], [ 110.769034, -7.570657 ], [ 110.769088, -7.570621 ], [ 110.769167, -7.570642 ], [ 110.769278, -7.570678 ], [ 110.76935, -7.570689 ], [ 110.769422, -7.570689 ], [ 110.769458, -7.570686 ], [ 110.769476, -7.570666 ], [ 110.769495, -7.570645 ], [ 110.769541, -7.570611 ], [ 110.769586, -7.570593 ], [ 110.769595, -7.570592 ], [ 110.769652, -7.57059 ], [ 110.769733, -7.57059 ], [ 110.769745, -7.570588 ], [ 110.769748, -7.570587 ], [ 110.769801, -7.570576 ], [ 110.769823, -7.570572 ], [ 110.769895, -7.570542 ], [ 110.76994, -7.570519 ], [ 110.769988, -7.570494 ], [ 110.770057, -7.570461 ], [ 110.770126, -7.570453 ], [ 110.770204, -7.570444 ], [ 110.770291, -7.570453 ], [ 110.770402, -7.570459 ], [ 110.770492, -7.570444 ], [ 110.770579, -7.570399 ], [ 110.77069, -7.570273 ], [ 110.77075, -7.570154 ], [ 110.770767, -7.570078 ], [ 110.770792, -7.570013 ], [ 110.770816, -7.56995 ], [ 110.770885, -7.569795 ], [ 110.770951, -7.569657 ], [ 110.771011, -7.569561 ], [ 110.771068, -7.569514 ], [ 110.771137, -7.569493 ], [ 110.771205, -7.569477 ], [ 110.77132, -7.569498 ], [ 110.77182, -7.569631 ], [ 110.772322, -7.569414 ], [ 110.772591, -7.569342 ], [ 110.772732, -7.569387 ], [ 110.772748, -7.569398 ], [ 110.772794, -7.569431 ], [ 110.772837, -7.569461 ], [ 110.772886, -7.569496 ], [ 110.773043, -7.569599 ] ] ] } },
{ "type": "Feature", "properties": { "KAB": "KAB SUKOHARJO", "KEC": "KEC. GATAK", "Sumber": "RTRW Kab. Sukoharjo & Verifikasi Desa", "Tahun": "2014", "Label": "Kec. Gatak", "Luas": 1994.8660465 }, "geometry": { "type": "Polygon", "coordinates": [ [ [ 110.732918, -7.568079 ], [ 110.732966, -7.568082 ], [ 110.733037, -7.56803 ], [ 110.733071, -7.568015 ], [ 110.733145, -7.56802 ], [ 110.733346, -7.568052 ], [ 110.733474, -7.568075 ], [ 110.733805, -7.568134 ], [ 110.734625, -7.568262 ], [ 110.735066, -7.568324 ], [ 110.735169, -7.568329 ], [ 110.735176, -7.568322 ], [ 110.735193, -7.568303 ], [ 110.735231, -7.568289 ], [ 110.735285, -7.568289 ], [ 110.735446, -7.56829 ], [ 110.735615, -7.56829 ], [ 110.735719, -7.568343 ], [ 110.735821, -7.568379 ], [ 110.735828, -7.568388 ], [ 110.735847, -7.568409 ], [ 110.735864, -7.568438 ], [ 110.73595, -7.568526 ], [ 110.73587, -7.568551 ], [ 110.735844, -7.568577 ], [ 110.735793, -7.568615 ], [ 110.735727, -7.568646 ], [ 110.735709, -7.568652 ], [ 110.73564, -7.568675 ], [ 110.73558, -7.568719 ], [ 110.73549, -7.568809 ], [ 110.735334, -7.568979 ], [ 110.735273, -7.569032 ], [ 110.735173, -7.569129 ], [ 110.735075, -7.569165 ], [ 110.734981, -7.569212 ], [ 110.734863, -7.569316 ], [ 110.734783, -7.569363 ], [ 110.734747, -7.569456 ], [ 110.734729, -7.56961 ], [ 110.7347, -7.569783 ], [ 110.734708, -7.569872 ], [ 110.734769, -7.569948 ], [ 110.734823, -7.57002 ], [ 110.7349, -7.570114 ], [ 110.734952, -7.570195 ], [ 110.734915, -7.570562 ], [ 110.734908, -7.570784 ], [ 110.734883, -7.571007 ], [ 110.735012, -7.571014 ], [ 110.735106, -7.571014 ], [ 110.735206, -7.571014 ], [ 110.735275, -7.571018 ], [ 110.735328, -7.571007 ], [ 110.73537, -7.570998 ], [ 110.735389, -7.571072 ], [ 110.735375, -7.571091 ], [ 110.735365, -7.571111 ], [ 110.735345, -7.57115 ], [ 110.735332, -7.571211 ], [ 110.735329, -7.571223 ], [ 110.735302, -7.57128 ], [ 110.735235, -7.571326 ], [ 110.735204, -7.571353 ], [ 110.735119, -7.571555 ], [ 110.735092, -7.571643 ], [ 110.734753, -7.572994 ], [ 110.734676, -7.573319 ], [ 110.73437, -7.574178 ], [ 110.73433, -7.574241 ], [ 110.734341, -7.574287 ], [ 110.73427, -7.574576 ], [ 110.734259, -7.574631 ], [ 110.734292, -7.574717 ], [ 110.734331, -7.574801 ], [ 110.73437, -7.574879 ], [ 110.734385, -7.57493 ], [ 110.73437, -7.575004 ], [ 110.734322, -7.575067 ], [ 110.734268, -7.575121 ], [ 110.734235, -7.57519 ], [ 110.734154, -7.575324 ], [ 110.734053, -7.575446 ], [ 110.734044, -7.575476 ], [ 110.734037, -7.575498 ], [ 110.733998, -7.575625 ], [ 110.733974, -7.575702 ], [ 110.73393, -7.575842 ], [ 110.733791, -7.576285 ], [ 110.733733, -7.576466 ], [ 110.733712, -7.576539 ], [ 110.73366, -7.576728 ], [ 110.73364, -7.576801 ], [ 110.733595, -7.576973 ], [ 110.733192, -7.578471 ], [ 110.733166, -7.578564 ], [ 110.73323, -7.578601 ], [ 110.733461, -7.578764 ], [ 110.733511, -7.578935 ], [ 110.733599, -7.579008 ], [ 110.733901, -7.579171 ], [ 110.734458, -7.579379 ], [ 110.73607, -7.579939 ], [ 110.736193, -7.579982 ], [ 110.736597, -7.580122 ], [ 110.737322, -7.580393 ], [ 110.7381, -7.580684 ], [ 110.738878, -7.580938 ], [ 110.739219, -7.581047 ], [ 110.739298, -7.581029 ], [ 110.739833, -7.580984 ], [ 110.740153, -7.580984 ], [ 110.740697, -7.580975 ], [ 110.740787, -7.580984 ], [ 110.740886, -7.581002 ], [ 110.740938, -7.580912 ], [ 110.741084, -7.580673 ], [ 110.741276, -7.58036 ], [ 110.741781, -7.57965 ], [ 110.742015, -7.579321 ], [ 110.742084, -7.579252 ], [ 110.742234, -7.579104 ], [ 110.742278, -7.579058 ], [ 110.742175, -7.578978 ], [ 110.742173, -7.578977 ], [ 110.742185, -7.578963 ], [ 110.74219, -7.578957 ], [ 110.742293, -7.578832 ], [ 110.742734, -7.578453 ], [ 110.742868, -7.578376 ], [ 110.742954, -7.578326 ], [ 110.743104, -7.578317 ], [ 110.743322, -7.578372 ], [ 110.743668, -7.57848 ], [ 110.743779, -7.578553 ], [ 110.743931, -7.578327 ], [ 110.744128, -7.578137 ], [ 110.744208, -7.578062 ], [ 110.744284, -7.577992 ], [ 110.744625, -7.577635 ], [ 110.744629, -7.577631 ], [ 110.744651, -7.577608 ], [ 110.744674, -7.577585 ], [ 110.744869, -7.577368 ], [ 110.744909, -7.577305 ], [ 110.744935, -7.577289 ], [ 110.744954, -7.577278 ], [ 110.745082, -7.57716 ], [ 110.745264, -7.576991 ], [ 110.745305, -7.576953 ], [ 110.745686, -7.576573 ], [ 110.745947, -7.576311 ], [ 110.746099, -7.576132 ], [ 110.746061, -7.576105 ], [ 110.745995, -7.576057 ], [ 110.746061, -7.575804 ], [ 110.746103, -7.575439 ], [ 110.746096, -7.575356 ], [ 110.746089, -7.575265 ], [ 110.746084, -7.575149 ], [ 110.746114, -7.574985 ], [ 110.746147, -7.574876 ], [ 110.74616, -7.574832 ], [ 110.746232, -7.574589 ], [ 110.746305, -7.574286 ], [ 110.746317, -7.574237 ], [ 110.746418, -7.573884 ], [ 110.746449, -7.573823 ], [ 110.746524, -7.573831 ], [ 110.746567, -7.573835 ], [ 110.746586, -7.573838 ], [ 110.746718, -7.573856 ], [ 110.746807, -7.573874 ], [ 110.746925, -7.573898 ], [ 110.747163, -7.573947 ], [ 110.747244, -7.573963 ], [ 110.747258, -7.57396 ], [ 110.747274, -7.573914 ], [ 110.747298, -7.573735 ], [ 110.747301, -7.573708 ], [ 110.747303, -7.573694 ], [ 110.747304, -7.573686 ], [ 110.747271, -7.573672 ], [ 110.747106, -7.573605 ], [ 110.747001, -7.57356 ], [ 110.746992, -7.573549 ], [ 110.746969, -7.573522 ], [ 110.746968, -7.573521 ], [ 110.746981, -7.573444 ], [ 110.747023, -7.573312 ], [ 110.747103, -7.573092 ], [ 110.747122, -7.573043 ], [ 110.747206, -7.572806 ], [ 110.747239, -7.572707 ], [ 110.747259, -7.572645 ], [ 110.747275, -7.572595 ], [ 110.74732, -7.57247 ], [ 110.747347, -7.572394 ], [ 110.747385, -7.572252 ], [ 110.747388, -7.572239 ], [ 110.747391, -7.572229 ], [ 110.74743, -7.572116 ], [ 110.747435, -7.572083 ], [ 110.747435, -7.572081 ], [ 110.747436, -7.572072 ], [ 110.747424, -7.572031 ], [ 110.7474, -7.571997 ], [ 110.747379, -7.571967 ], [ 110.747277, -7.571841 ], [ 110.747245, -7.571797 ], [ 110.747176, -7.571701 ], [ 110.747154, -7.571668 ], [ 110.747067, -7.571539 ], [ 110.747047, -7.571504 ], [ 110.747041, -7.571493 ], [ 110.74702, -7.571487 ], [ 110.746999, -7.571485 ], [ 110.746988, -7.571485 ], [ 110.746966, -7.571482 ], [ 110.746924, -7.571476 ], [ 110.746905, -7.571465 ], [ 110.746896, -7.571427 ], [ 110.746887, -7.571319 ], [ 110.746883, -7.571252 ], [ 110.746907, -7.571057 ], [ 110.746931, -7.57095 ], [ 110.747004, -7.570751 ], [ 110.74706, -7.570658 ], [ 110.747083, -7.570622 ], [ 110.74715, -7.570564 ], [ 110.747279, -7.570579 ], [ 110.74739, -7.570612 ], [ 110.74745, -7.570707 ], [ 110.747533, -7.570882 ], [ 110.747564, -7.570932 ], [ 110.747597, -7.570968 ], [ 110.74761, -7.570983 ], [ 110.747651, -7.571028 ], [ 110.747739, -7.571018 ], [ 110.747767, -7.571005 ], [ 110.747821, -7.57098 ], [ 110.747899, -7.570882 ], [ 110.74797, -7.570825 ], [ 110.748066, -7.570753 ], [ 110.748166, -7.5707 ], [ 110.748253, -7.570691 ], [ 110.748327, -7.570705 ], [ 110.74838, -7.570753 ], [ 110.748463, -7.57078 ], [ 110.748513, -7.570801 ], [ 110.748619, -7.570846 ], [ 110.748622, -7.570847 ], [ 110.748689, -7.570873 ], [ 110.748764, -7.570885 ], [ 110.748792, -7.570878 ], [ 110.748846, -7.570863 ], [ 110.748922, -7.570839 ], [ 110.74901, -7.57078 ], [ 110.749088, -7.570723 ], [ 110.749192, -7.570644 ], [ 110.749262, -7.570605 ], [ 110.749353, -7.570579 ], [ 110.749426, -7.570587 ], [ 110.749475, -7.570602 ], [ 110.749522, -7.570644 ], [ 110.749534, -7.570716 ], [ 110.74955, -7.570795 ], [ 110.749541, -7.57086 ], [ 110.749557, -7.570929 ], [ 110.749623, -7.571021 ], [ 110.74973, -7.571156 ], [ 110.749778, -7.571169 ], [ 110.749834, -7.571152 ], [ 110.749882, -7.571113 ], [ 110.749933, -7.571054 ], [ 110.750011, -7.570968 ], [ 110.750059, -7.570951 ], [ 110.75009, -7.57094 ], [ 110.750154, -7.57095 ], [ 110.75018, -7.570947 ], [ 110.750243, -7.570912 ], [ 110.750402, -7.570816 ], [ 110.750543, -7.57076 ], [ 110.750588, -7.570742 ], [ 110.75072, -7.5707 ], [ 110.751002, -7.570685 ], [ 110.751131, -7.570703 ], [ 110.751212, -7.570754 ], [ 110.751257, -7.570835 ], [ 110.751325, -7.570886 ], [ 110.751367, -7.57091 ], [ 110.751436, -7.57091 ], [ 110.751478, -7.570892 ], [ 110.751532, -7.570853 ], [ 110.751613, -7.570837 ], [ 110.751673, -7.570826 ], [ 110.751727, -7.570841 ], [ 110.75182, -7.570925 ], [ 110.751871, -7.570967 ], [ 110.751934, -7.570994 ], [ 110.751976, -7.571054 ], [ 110.752014, -7.571161 ], [ 110.752191, -7.571384 ], [ 110.752308, -7.571421 ], [ 110.75236, -7.571405 ], [ 110.752388, -7.571396 ], [ 110.752647, -7.571292 ], [ 110.752801, -7.571245 ], [ 110.752906, -7.571238 ], [ 110.753107, -7.571236 ], [ 110.753208, -7.571239 ], [ 110.753287, -7.571248 ], [ 110.753394, -7.571291 ], [ 110.753499, -7.571331 ], [ 110.753601, -7.571352 ], [ 110.753663, -7.571357 ], [ 110.753742, -7.571343 ], [ 110.753838, -7.571327 ], [ 110.753844, -7.571326 ], [ 110.753964, -7.57133 ], [ 110.754064, -7.571345 ], [ 110.754135, -7.571365 ], [ 110.75419, -7.571394 ], [ 110.754249, -7.571406 ], [ 110.754321, -7.5714 ], [ 110.754382, -7.571365 ], [ 110.754441, -7.571296 ], [ 110.754554, -7.571142 ], [ 110.754643, -7.571045 ], [ 110.754722, -7.571005 ], [ 110.754804, -7.570993 ], [ 110.754847, -7.571001 ], [ 110.754987, -7.571064 ], [ 110.755062, -7.571074 ], [ 110.755105, -7.571062 ], [ 110.755158, -7.571025 ], [ 110.755206, -7.570934 ], [ 110.755318, -7.57069 ], [ 110.755377, -7.570656 ], [ 110.755406, -7.570652 ], [ 110.755437, -7.570658 ], [ 110.755466, -7.570689 ], [ 110.7555, -7.570754 ], [ 110.755522, -7.570846 ], [ 110.755515, -7.570908 ], [ 110.755503, -7.570979 ], [ 110.755503, -7.571046 ], [ 110.755519, -7.571089 ], [ 110.755551, -7.571121 ], [ 110.755608, -7.57116 ], [ 110.755654, -7.571185 ], [ 110.755681, -7.5712 ], [ 110.755741, -7.571225 ], [ 110.75581, -7.571234 ], [ 110.75589, -7.571151 ], [ 110.755947, -7.571007 ], [ 110.755958, -7.570949 ], [ 110.755921, -7.57083 ], [ 110.755909, -7.570737 ], [ 110.755909, -7.570663 ], [ 110.755914, -7.570596 ], [ 110.755946, -7.570541 ], [ 110.755984, -7.570498 ], [ 110.756034, -7.570476 ], [ 110.756092, -7.570464 ], [ 110.756178, -7.570476 ], [ 110.756214, -7.570488 ], [ 110.75636, -7.57062 ], [ 110.756504, -7.570788 ], [ 110.756593, -7.570926 ], [ 110.756607, -7.570986 ], [ 110.756605, -7.571081 ], [ 110.75659, -7.571197 ], [ 110.756593, -7.571271 ], [ 110.756595, -7.571321 ], [ 110.756624, -7.571372 ], [ 110.756672, -7.571417 ], [ 110.756708, -7.571446 ], [ 110.756753, -7.571476 ], [ 110.756864, -7.571535 ], [ 110.756884, -7.571548 ], [ 110.756896, -7.571555 ], [ 110.756916, -7.571568 ], [ 110.756957, -7.571637 ], [ 110.757, -7.571736 ], [ 110.757014, -7.571825 ], [ 110.757019, -7.571858 ], [ 110.757041, -7.571932 ], [ 110.757077, -7.571989 ], [ 110.757139, -7.572052 ], [ 110.757197, -7.572107 ], [ 110.757293, -7.57216 ], [ 110.757348, -7.572191 ], [ 110.757528, -7.572291 ], [ 110.757597, -7.572351 ], [ 110.757637, -7.572377 ], [ 110.757707, -7.572423 ], [ 110.757775, -7.572456 ], [ 110.757921, -7.572486 ], [ 110.758059, -7.572501 ], [ 110.758251, -7.57254 ], [ 110.758332, -7.572555 ], [ 110.758421, -7.572558 ], [ 110.758526, -7.572555 ], [ 110.758635, -7.572535 ], [ 110.758691, -7.572525 ], [ 110.758871, -7.572486 ], [ 110.759, -7.572475 ], [ 110.759111, -7.572475 ], [ 110.759237, -7.572484 ], [ 110.759372, -7.572529 ], [ 110.759594, -7.572651 ], [ 110.759724, -7.572787 ], [ 110.759735, -7.572798 ], [ 110.759839, -7.572876 ], [ 110.759923, -7.572914 ], [ 110.760104, -7.572899 ], [ 110.760179, -7.572871 ], [ 110.760493, -7.572755 ], [ 110.76066, -7.572744 ], [ 110.760908, -7.572728 ], [ 110.761565, -7.572728 ], [ 110.762091, -7.572729 ], [ 110.762216, -7.572687 ], [ 110.763007, -7.57242 ], [ 110.763512, -7.57225 ], [ 110.763574, -7.572272 ], [ 110.763603, -7.572282 ], [ 110.763799, -7.57235 ], [ 110.764036, -7.572504 ], [ 110.764207, -7.572694 ], [ 110.764439, -7.57292 ], [ 110.764691, -7.573029 ], [ 110.764833, -7.57302 ], [ 110.765006, -7.572982 ], [ 110.765338, -7.572911 ], [ 110.765646, -7.572857 ], [ 110.76589, -7.572811 ], [ 110.766252, -7.572758 ], [ 110.766393, -7.572749 ], [ 110.766529, -7.572721 ], [ 110.766587, -7.572703 ], [ 110.766705, -7.572611 ], [ 110.766894, -7.572633 ], [ 110.767043, -7.572669 ], [ 110.767239, -7.572716 ], [ 110.767354, -7.572795 ], [ 110.767458, -7.572895 ], [ 110.767598, -7.573059 ], [ 110.767561, -7.573085 ], [ 110.767488, -7.573137 ], [ 110.767234, -7.573332 ], [ 110.76605, -7.574241 ], [ 110.765787, -7.574443 ], [ 110.764069, -7.575691 ], [ 110.763691, -7.575944 ], [ 110.763534, -7.576043 ], [ 110.763687, -7.576179 ], [ 110.763777, -7.576269 ], [ 110.764591, -7.576251 ], [ 110.764619, -7.576251 ], [ 110.764864, -7.576245 ], [ 110.76564, -7.576228 ], [ 110.765732, -7.576172 ], [ 110.766158, -7.576145 ], [ 110.766405, -7.576138 ], [ 110.766318, -7.576317 ], [ 110.766246, -7.576467 ], [ 110.766163, -7.57664 ], [ 110.766022, -7.57703 ], [ 110.765995, -7.577176 ], [ 110.765998, -7.577239 ], [ 110.766037, -7.577336 ], [ 110.766045, -7.577426 ], [ 110.766017, -7.57757 ], [ 110.76594, -7.577992 ], [ 110.765868, -7.578393 ], [ 110.765815, -7.578678 ], [ 110.765803, -7.57874 ], [ 110.765738, -7.579086 ], [ 110.765681, -7.579434 ], [ 110.765624, -7.579658 ], [ 110.765731, -7.579682 ], [ 110.765865, -7.57971 ], [ 110.766159, -7.579773 ], [ 110.766959, -7.579941 ], [ 110.767057, -7.579965 ], [ 110.767152, -7.579987 ], [ 110.767901, -7.580164 ], [ 110.768878, -7.580373 ], [ 110.769481, -7.580513 ], [ 110.769368, -7.580979 ], [ 110.769193, -7.581761 ], [ 110.769185, -7.581797 ], [ 110.769108, -7.582132 ], [ 110.769038, -7.582434 ], [ 110.768989, -7.582639 ], [ 110.76889, -7.583048 ], [ 110.7688, -7.583417 ], [ 110.768744, -7.583663 ], [ 110.768581, -7.584377 ], [ 110.768557, -7.584478 ], [ 110.768447, -7.584959 ], [ 110.768435, -7.585013 ], [ 110.768433, -7.58502 ], [ 110.768398, -7.585013 ], [ 110.768214, -7.584979 ], [ 110.767958, -7.584931 ], [ 110.767552, -7.584832 ], [ 110.767355, -7.584784 ], [ 110.767284, -7.584768 ], [ 110.767283, -7.584768 ], [ 110.767028, -7.58471 ], [ 110.766985, -7.5847 ], [ 110.76663, -7.58462 ], [ 110.766478, -7.584585 ], [ 110.766095, -7.584501 ], [ 110.765854, -7.584449 ], [ 110.765275, -7.584318 ], [ 110.764978, -7.584252 ], [ 110.764847, -7.584223 ], [ 110.76449, -7.584143 ], [ 110.763914, -7.584013 ], [ 110.7638, -7.583987 ], [ 110.763129, -7.583828 ], [ 110.762872, -7.583767 ], [ 110.762948, -7.58327 ], [ 110.762918, -7.583216 ], [ 110.762816, -7.58318 ], [ 110.762415, -7.582927 ], [ 110.762085, -7.582719 ], [ 110.761791, -7.582629 ], [ 110.761064, -7.582591 ], [ 110.760812, -7.582518 ], [ 110.760766, -7.5825 ], [ 110.7607, -7.582473 ], [ 110.760593, -7.582437 ], [ 110.760407, -7.582373 ], [ 110.760297, -7.582234 ], [ 110.760364, -7.58191 ], [ 110.759854, -7.581792 ], [ 110.759751, -7.5822 ], [ 110.759752, -7.582278 ], [ 110.759426, -7.582852 ], [ 110.759244, -7.583128 ], [ 110.758968, -7.583558 ], [ 110.758297, -7.583106 ], [ 110.757235, -7.58239 ], [ 110.756131, -7.581591 ], [ 110.756118, -7.581582 ], [ 110.755998, -7.581494 ], [ 110.755879, -7.581402 ], [ 110.75584, -7.581431 ], [ 110.755613, -7.58159 ], [ 110.755197, -7.581885 ], [ 110.754867, -7.582119 ], [ 110.754339, -7.582492 ], [ 110.754242, -7.582561 ], [ 110.753157, -7.583326 ], [ 110.752747, -7.583616 ], [ 110.7526, -7.583719 ], [ 110.7521, -7.584085 ], [ 110.751817, -7.584292 ], [ 110.751413, -7.584587 ], [ 110.751464, -7.584696 ], [ 110.751687, -7.584932 ], [ 110.752279, -7.585492 ], [ 110.752767, -7.585946 ], [ 110.752814, -7.58599 ], [ 110.752621, -7.586361 ], [ 110.752275, -7.586455 ], [ 110.751337, -7.586461 ], [ 110.751334, -7.586611 ], [ 110.75127, -7.58709 ], [ 110.751243, -7.587253 ], [ 110.751199, -7.587515 ], [ 110.751204, -7.587624 ], [ 110.751769, -7.587823 ], [ 110.752019, -7.587914 ], [ 110.752232, -7.587986 ], [ 110.752288, -7.588013 ], [ 110.752276, -7.588162 ], [ 110.752249, -7.58831 ], [ 110.752636, -7.588413 ], [ 110.75347, -7.588641 ], [ 110.754289, -7.588842 ], [ 110.755009, -7.589027 ], [ 110.755632, -7.589179 ], [ 110.755989, -7.589266 ], [ 110.756089, -7.589397 ], [ 110.759166, -7.590529 ], [ 110.760185, -7.591103 ], [ 110.760347, -7.590677 ], [ 110.76054, -7.590119 ], [ 110.761449, -7.590404 ], [ 110.762144, -7.5906 ], [ 110.762932, -7.590849 ], [ 110.762932, -7.590849 ], [ 110.763489, -7.591008 ], [ 110.764552, -7.591258 ], [ 110.765346, -7.59144 ], [ 110.766159, -7.591612 ], [ 110.766185, -7.591551 ], [ 110.766403, -7.591594 ], [ 110.767328, -7.591778 ], [ 110.767236, -7.59201 ], [ 110.766918, -7.592824 ], [ 110.766669, -7.593453 ], [ 110.766566, -7.593683 ], [ 110.766497, -7.593836 ], [ 110.766474, -7.593889 ], [ 110.76646, -7.593924 ], [ 110.765887, -7.593844 ], [ 110.765847, -7.593836 ], [ 110.765722, -7.59381 ], [ 110.765619, -7.594086 ], [ 110.765429, -7.594557 ], [ 110.765369, -7.594682 ], [ 110.765354, -7.594713 ], [ 110.765237, -7.594961 ], [ 110.765328, -7.594994 ], [ 110.765642, -7.595074 ], [ 110.765996, -7.595156 ], [ 110.766221, -7.595221 ], [ 110.766267, -7.595234 ], [ 110.766283, -7.595652 ], [ 110.766283, -7.595813 ], [ 110.766295, -7.595897 ], [ 110.766318, -7.596005 ], [ 110.766324, -7.596142 ], [ 110.766324, -7.596286 ], [ 110.7663, -7.596435 ], [ 110.766258, -7.596573 ], [ 110.766138, -7.596651 ], [ 110.765826, -7.597069 ], [ 110.765293, -7.597777 ], [ 110.765268, -7.597871 ], [ 110.765118, -7.598315 ], [ 110.765097, -7.598361 ], [ 110.765008, -7.598567 ], [ 110.76492, -7.598713 ], [ 110.764861, -7.598803 ], [ 110.764821, -7.59879 ], [ 110.764773, -7.59879 ], [ 110.764651, -7.598865 ], [ 110.764603, -7.598953 ], [ 110.764537, -7.599131 ], [ 110.764411, -7.599495 ], [ 110.764519, -7.59957 ], [ 110.764637, -7.599578 ], [ 110.764954, -7.599626 ], [ 110.765081, -7.599609 ], [ 110.765204, -7.599639 ], [ 110.765354, -7.599652 ], [ 110.765536, -7.599618 ], [ 110.76567, -7.599589 ], [ 110.765849, -7.599587 ], [ 110.765914, -7.599581 ], [ 110.765989, -7.599559 ], [ 110.76607, -7.599287 ], [ 110.766113, -7.599147 ], [ 110.766227, -7.598835 ], [ 110.766323, -7.598665 ], [ 110.76638, -7.598575 ], [ 110.766434, -7.598536 ], [ 110.766506, -7.598536 ], [ 110.766629, -7.598565 ], [ 110.76689, -7.598626 ], [ 110.767435, -7.598844 ], [ 110.767212, -7.599388 ], [ 110.767166, -7.599501 ], [ 110.76698, -7.599961 ], [ 110.766976, -7.599972 ], [ 110.766883, -7.600202 ], [ 110.766882, -7.600205 ], [ 110.76686, -7.600252 ], [ 110.766677, -7.600655 ], [ 110.766647, -7.60072 ], [ 110.76664, -7.600735 ], [ 110.766572, -7.600714 ], [ 110.765998, -7.600561 ], [ 110.765948, -7.600553 ], [ 110.765909, -7.600574 ], [ 110.765876, -7.600606 ], [ 110.76585, -7.600627 ], [ 110.76581, -7.600629 ], [ 110.765771, -7.600623 ], [ 110.765716, -7.600616 ], [ 110.765657, -7.600598 ], [ 110.765578, -7.600596 ], [ 110.765507, -7.600626 ], [ 110.765445, -7.600696 ], [ 110.765411, -7.600736 ], [ 110.765378, -7.600736 ], [ 110.765297, -7.600717 ], [ 110.765208, -7.600692 ], [ 110.765148, -7.600689 ], [ 110.765116, -7.600723 ], [ 110.764975, -7.60098 ], [ 110.764868, -7.601118 ], [ 110.764782, -7.601319 ], [ 110.764753, -7.601356 ], [ 110.764725, -7.601365 ], [ 110.764528, -7.601324 ], [ 110.764413, -7.601317 ], [ 110.764369, -7.601343 ], [ 110.764277, -7.601469 ], [ 110.764252, -7.601468 ], [ 110.764207, -7.601452 ], [ 110.764149, -7.601426 ], [ 110.76396, -7.601361 ], [ 110.763703, -7.6013 ], [ 110.763632, -7.601293 ], [ 110.763568, -7.601293 ], [ 110.763521, -7.601296 ], [ 110.763476, -7.601299 ], [ 110.763396, -7.601293 ], [ 110.763321, -7.601282 ], [ 110.763181, -7.601376 ], [ 110.762783, -7.601572 ], [ 110.762739, -7.601583 ], [ 110.762733, -7.601584 ], [ 110.762944, -7.601712 ], [ 110.762823, -7.601903 ], [ 110.762701, -7.602254 ], [ 110.762528, -7.6028 ], [ 110.762383, -7.60308 ], [ 110.762239, -7.603216 ], [ 110.762175, -7.603374 ], [ 110.762023, -7.603752 ], [ 110.762048, -7.603763 ], [ 110.762364, -7.603905 ], [ 110.762411, -7.603927 ], [ 110.762778, -7.604092 ], [ 110.763083, -7.604217 ], [ 110.763147, -7.604194 ], [ 110.763194, -7.604176 ], [ 110.763222, -7.604156 ], [ 110.763266, -7.604156 ], [ 110.763328, -7.604162 ], [ 110.763404, -7.604176 ], [ 110.763467, -7.604186 ], [ 110.763511, -7.604203 ], [ 110.763568, -7.604242 ], [ 110.763569, -7.604242 ], [ 110.763635, -7.604302 ], [ 110.763668, -7.604318 ], [ 110.76374, -7.60433 ], [ 110.763818, -7.604331 ], [ 110.764019, -7.604324 ], [ 110.764145, -7.604324 ], [ 110.764196, -7.60433 ], [ 110.764283, -7.604367 ], [ 110.764381, -7.604422 ], [ 110.764415, -7.60444 ], [ 110.764477, -7.60447 ], [ 110.764525, -7.604497 ], [ 110.764612, -7.604556 ], [ 110.764719, -7.60465 ], [ 110.764786, -7.604717 ], [ 110.764819, -7.604751 ], [ 110.764952, -7.604898 ], [ 110.765057, -7.604985 ], [ 110.76515, -7.605038 ], [ 110.765152, -7.60504 ], [ 110.765245, -7.605131 ], [ 110.765306, -7.605195 ], [ 110.765421, -7.605342 ], [ 110.765437, -7.605373 ], [ 110.765446, -7.605391 ], [ 110.765371, -7.60557 ], [ 110.765316, -7.605685 ], [ 110.765281, -7.605758 ], [ 110.765041, -7.606264 ], [ 110.765007, -7.606335 ], [ 110.764735, -7.6069 ], [ 110.76468, -7.607014 ], [ 110.764482, -7.607425 ], [ 110.764536, -7.607862 ], [ 110.764612, -7.608437 ], [ 110.76464, -7.608648 ], [ 110.76469, -7.609024 ], [ 110.764717, -7.609227 ], [ 110.76476, -7.609511 ], [ 110.764787, -7.609693 ], [ 110.764853, -7.610134 ], [ 110.764883, -7.610442 ], [ 110.764879, -7.610446 ], [ 110.764868, -7.610456 ], [ 110.764831, -7.610479 ], [ 110.764514, -7.610654 ], [ 110.764284, -7.610781 ], [ 110.76424, -7.610809 ], [ 110.764233, -7.610813 ], [ 110.763846, -7.611058 ], [ 110.763821, -7.611068 ], [ 110.76377, -7.611086 ], [ 110.763778, -7.6111 ], [ 110.763735, -7.611127 ], [ 110.763566, -7.611253 ], [ 110.763439, -7.611362 ], [ 110.762948, -7.611722 ], [ 110.762934, -7.611732 ], [ 110.762348, -7.612171 ], [ 110.762164, -7.612291 ], [ 110.762007, -7.612394 ], [ 110.761806, -7.612615 ], [ 110.761666, -7.612804 ], [ 110.761652, -7.612823 ], [ 110.76161, -7.61288 ], [ 110.761595, -7.6129 ], [ 110.761513, -7.613014 ], [ 110.761406, -7.612909 ], [ 110.761387, -7.61288 ], [ 110.761344, -7.612813 ], [ 110.761316, -7.612771 ], [ 110.761268, -7.612634 ], [ 110.761241, -7.612557 ], [ 110.761157, -7.612293 ], [ 110.760926, -7.611895 ], [ 110.760743, -7.61168 ], [ 110.760611, -7.611563 ], [ 110.760537, -7.611525 ], [ 110.760405, -7.611457 ], [ 110.760107, -7.611912 ], [ 110.759994, -7.612111 ], [ 110.759873, -7.612322 ], [ 110.759827, -7.612402 ], [ 110.759671, -7.612672 ], [ 110.759506, -7.612965 ], [ 110.759491, -7.612991 ], [ 110.759403, -7.613146 ], [ 110.759373, -7.613199 ], [ 110.75936, -7.613222 ], [ 110.759335, -7.613275 ], [ 110.759338, -7.613299 ], [ 110.759326, -7.613295 ], [ 110.759142, -7.613228 ], [ 110.758963, -7.613151 ], [ 110.758842, -7.61312 ], [ 110.758689, -7.613071 ], [ 110.758491, -7.61299 ], [ 110.758255, -7.612821 ], [ 110.75809, -7.612689 ], [ 110.757902, -7.612501 ], [ 110.757839, -7.612421 ], [ 110.757789, -7.612297 ], [ 110.757754, -7.612154 ], [ 110.757497, -7.612204 ], [ 110.757128, -7.612092 ], [ 110.757139, -7.61213 ], [ 110.757215, -7.61224 ], [ 110.757222, -7.61228 ], [ 110.757229, -7.612319 ], [ 110.757241, -7.612359 ], [ 110.757242, -7.612363 ], [ 110.757249, -7.612386 ], [ 110.757275, -7.612475 ], [ 110.757292, -7.612536 ], [ 110.757303, -7.612573 ], [ 110.757304, -7.612575 ], [ 110.757313, -7.612606 ], [ 110.757316, -7.612625 ], [ 110.757323, -7.612669 ], [ 110.757352, -7.612789 ], [ 110.757361, -7.612843 ], [ 110.757364, -7.612864 ], [ 110.757367, -7.612884 ], [ 110.757372, -7.612913 ], [ 110.757376, -7.612934 ], [ 110.757375, -7.612956 ], [ 110.757375, -7.612975 ], [ 110.757373, -7.61303 ], [ 110.757368, -7.613208 ], [ 110.757366, -7.613307 ], [ 110.757366, -7.613317 ], [ 110.757366, -7.613327 ], [ 110.757358, -7.613354 ], [ 110.757357, -7.613359 ], [ 110.757323, -7.613493 ], [ 110.757304, -7.61356 ], [ 110.75729, -7.613608 ], [ 110.757276, -7.613637 ], [ 110.757269, -7.613652 ], [ 110.75724, -7.613689 ], [ 110.757238, -7.613694 ], [ 110.75718, -7.613811 ], [ 110.757156, -7.613856 ], [ 110.757143, -7.613886 ], [ 110.757136, -7.613902 ], [ 110.757071, -7.614038 ], [ 110.75705, -7.614095 ], [ 110.757033, -7.614164 ], [ 110.757019, -7.614262 ], [ 110.757005, -7.614328 ], [ 110.757007, -7.614368 ], [ 110.756999, -7.614466 ], [ 110.757003, -7.614512 ], [ 110.757009, -7.614536 ], [ 110.757018, -7.614576 ], [ 110.75703, -7.614642 ], [ 110.75703, -7.614643 ], [ 110.757045, -7.614702 ], [ 110.757056, -7.614761 ], [ 110.757066, -7.614824 ], [ 110.757077, -7.614876 ], [ 110.75708, -7.614889 ], [ 110.75709, -7.614938 ], [ 110.757102, -7.614992 ], [ 110.757115, -7.615045 ], [ 110.757137, -7.6151 ], [ 110.757151, -7.615138 ], [ 110.757171, -7.615182 ], [ 110.757193, -7.615234 ], [ 110.757209, -7.615277 ], [ 110.757235, -7.615335 ], [ 110.757253, -7.615385 ], [ 110.757274, -7.615444 ], [ 110.757288, -7.61549 ], [ 110.7573, -7.615533 ], [ 110.757308, -7.61557 ], [ 110.757311, -7.615621 ], [ 110.757311, -7.615637 ], [ 110.75731, -7.615669 ], [ 110.757298, -7.615758 ], [ 110.757295, -7.615777 ], [ 110.757278, -7.615879 ], [ 110.757277, -7.615883 ], [ 110.757261, -7.615972 ], [ 110.757253, -7.616015 ], [ 110.757242, -7.616072 ], [ 110.757229, -7.61615 ], [ 110.757221, -7.616183 ], [ 110.757207, -7.61621 ], [ 110.757209, -7.61627 ], [ 110.757201, -7.616302 ], [ 110.757198, -7.616323 ], [ 110.757209, -7.616364 ], [ 110.757212, -7.6164 ], [ 110.757225, -7.616424 ], [ 110.757243, -7.616443 ], [ 110.75728, -7.616464 ], [ 110.757318, -7.616508 ], [ 110.757359, -7.616528 ], [ 110.757417, -7.616558 ], [ 110.757449, -7.616575 ], [ 110.757469, -7.616585 ], [ 110.757476, -7.616589 ], [ 110.757517, -7.61662 ], [ 110.757606, -7.616679 ], [ 110.757645, -7.616714 ], [ 110.757713, -7.616773 ], [ 110.757764, -7.616821 ], [ 110.757805, -7.616858 ], [ 110.757844, -7.616897 ], [ 110.757881, -7.616938 ], [ 110.757891, -7.616956 ], [ 110.75791, -7.61699 ], [ 110.757938, -7.617033 ], [ 110.757986, -7.617113 ], [ 110.758017, -7.617175 ], [ 110.758044, -7.617239 ], [ 110.758095, -7.617309 ], [ 110.757947, -7.617364 ], [ 110.757914, -7.617376 ], [ 110.757902, -7.617381 ], [ 110.757882, -7.617385 ], [ 110.75785, -7.617401 ], [ 110.757762, -7.617431 ], [ 110.757727, -7.617443 ], [ 110.757709, -7.617452 ], [ 110.757705, -7.617454 ], [ 110.757696, -7.617459 ], [ 110.757646, -7.617491 ], [ 110.757611, -7.61752 ], [ 110.757577, -7.617542 ], [ 110.75755, -7.617563 ], [ 110.757535, -7.617584 ], [ 110.7575, -7.617631 ], [ 110.757495, -7.617639 ], [ 110.757471, -7.617673 ], [ 110.757445, -7.617719 ], [ 110.757397, -7.617821 ], [ 110.757377, -7.617853 ], [ 110.75736, -7.617877 ], [ 110.75735, -7.617896 ], [ 110.75735, -7.617896 ], [ 110.757342, -7.617923 ], [ 110.757336, -7.617974 ], [ 110.757312, -7.618069 ], [ 110.757312, -7.618106 ], [ 110.757308, -7.618136 ], [ 110.757303, -7.618179 ], [ 110.757299, -7.618209 ], [ 110.757294, -7.618243 ], [ 110.757287, -7.6183 ], [ 110.757287, -7.618325 ], [ 110.757287, -7.618329 ], [ 110.757285, -7.618353 ], [ 110.757279, -7.618396 ], [ 110.757278, -7.618427 ], [ 110.757272, -7.618464 ], [ 110.757267, -7.618488 ], [ 110.757257, -7.618511 ], [ 110.75725, -7.618532 ], [ 110.757236, -7.618554 ], [ 110.757205, -7.618621 ], [ 110.75718, -7.618668 ], [ 110.757153, -7.6187 ], [ 110.757116, -7.618759 ], [ 110.757095, -7.618787 ], [ 110.757055, -7.618823 ], [ 110.757028, -7.618841 ], [ 110.757004, -7.618851 ], [ 110.756972, -7.618857 ], [ 110.756965, -7.618856 ], [ 110.756964, -7.618857 ], [ 110.756863, -7.618853 ], [ 110.756569, -7.618726 ], [ 110.756531, -7.618708 ], [ 110.756401, -7.618645 ], [ 110.756267, -7.618581 ], [ 110.756173, -7.618517 ], [ 110.756049, -7.618409 ], [ 110.755939, -7.6183 ], [ 110.755602, -7.618047 ], [ 110.755444, -7.617983 ], [ 110.755295, -7.61801 ], [ 110.755177, -7.618128 ], [ 110.755026, -7.618345 ], [ 110.754915, -7.618417 ], [ 110.754763, -7.618417 ], [ 110.754673, -7.618381 ], [ 110.75406, -7.617928 ], [ 110.753639, -7.617621 ], [ 110.753441, -7.617476 ], [ 110.75317, -7.61743 ], [ 110.752948, -7.617466 ], [ 110.752817, -7.617484 ], [ 110.752604, -7.617448 ], [ 110.751839, -7.617249 ], [ 110.751393, -7.617095 ], [ 110.751196, -7.616995 ], [ 110.751031, -7.616769 ], [ 110.750941, -7.616515 ], [ 110.750873, -7.616325 ], [ 110.75082, -7.616027 ], [ 110.750629, -7.616036 ], [ 110.750252, -7.616198 ], [ 110.75001, -7.616307 ], [ 110.749895, -7.616352 ], [ 110.749838, -7.616361 ], [ 110.749681, -7.616379 ], [ 110.749531, -7.616487 ], [ 110.749411, -7.616659 ], [ 110.74932, -7.616813 ], [ 110.749101, -7.616967 ], [ 110.749026, -7.616985 ], [ 110.748833, -7.617012 ], [ 110.748293, -7.616849 ], [ 110.748035, -7.616785 ], [ 110.747969, -7.61683 ], [ 110.747843, -7.616921 ], [ 110.747795, -7.616975 ], [ 110.747746, -7.617056 ], [ 110.747686, -7.617228 ], [ 110.747437, -7.617391 ], [ 110.747312, -7.617445 ], [ 110.746675, -7.617635 ], [ 110.746608, -7.617653 ], [ 110.746392, -7.61739 ], [ 110.746067, -7.616992 ], [ 110.745749, -7.61654 ], [ 110.745713, -7.616485 ], [ 110.745341, -7.616431 ], [ 110.745176, -7.616385 ], [ 110.745133, -7.616114 ], [ 110.745261, -7.615788 ], [ 110.745365, -7.615557 ], [ 110.74516, -7.615473 ], [ 110.744949, -7.614841 ], [ 110.745292, -7.614061 ], [ 110.744698, -7.613792 ], [ 110.745062, -7.612984 ], [ 110.74579, -7.61133 ], [ 110.745536, -7.611227 ], [ 110.744572, -7.610858 ], [ 110.742515, -7.610042 ], [ 110.742311, -7.609971 ], [ 110.742513, -7.609702 ], [ 110.742991, -7.609109 ], [ 110.743464, -7.60852 ], [ 110.744052, -7.607786 ], [ 110.744516, -7.607217 ], [ 110.744532, -7.607197 ], [ 110.744991, -7.606616 ], [ 110.745324, -7.606217 ], [ 110.745737, -7.605681 ], [ 110.745982, -7.605432 ], [ 110.746152, -7.605229 ], [ 110.746479, -7.604796 ], [ 110.746805, -7.604389 ], [ 110.746978, -7.604111 ], [ 110.747057, -7.603924 ], [ 110.746789, -7.60376 ], [ 110.746619, -7.603655 ], [ 110.746549, -7.603611 ], [ 110.746307, -7.603522 ], [ 110.745953, -7.603404 ], [ 110.745681, -7.603319 ], [ 110.745587, -7.603274 ], [ 110.745371, -7.6031 ], [ 110.745367, -7.603098 ], [ 110.745208, -7.602978 ], [ 110.745144, -7.602967 ], [ 110.744854, -7.602834 ], [ 110.744252, -7.602573 ], [ 110.7436, -7.602277 ], [ 110.743199, -7.602101 ], [ 110.74333, -7.601652 ], [ 110.743411, -7.601356 ], [ 110.743466, -7.601155 ], [ 110.743515, -7.600971 ], [ 110.743742, -7.601015 ], [ 110.743908, -7.601048 ], [ 110.744344, -7.601124 ], [ 110.744524, -7.60115 ], [ 110.744684, -7.601159 ], [ 110.744906, -7.601161 ], [ 110.744754, -7.600875 ], [ 110.744473, -7.60035 ], [ 110.744468, -7.60034 ], [ 110.744246, -7.599864 ], [ 110.74421, -7.599785 ], [ 110.743932, -7.599325 ], [ 110.743786, -7.599115 ], [ 110.74378, -7.599109 ], [ 110.743601, -7.599071 ], [ 110.743442, -7.599071 ], [ 110.743289, -7.59911 ], [ 110.743134, -7.599193 ], [ 110.743111, -7.599205 ], [ 110.742867, -7.599373 ], [ 110.742516, -7.599636 ], [ 110.741936, -7.600181 ], [ 110.741911, -7.600205 ], [ 110.741695, -7.600368 ], [ 110.741537, -7.600367 ], [ 110.741283, -7.600257 ], [ 110.741182, -7.60009 ], [ 110.741158, -7.59996 ], [ 110.741111, -7.599759 ], [ 110.741063, -7.599592 ], [ 110.740881, -7.599161 ], [ 110.740761, -7.598787 ], [ 110.740593, -7.5985 ], [ 110.740397, -7.598265 ], [ 110.740128, -7.598126 ], [ 110.739966, -7.598081 ], [ 110.739855, -7.59805 ], [ 110.739586, -7.59803 ], [ 110.739164, -7.598025 ], [ 110.738965, -7.598083 ], [ 110.738948, -7.598087 ], [ 110.738751, -7.598169 ], [ 110.738516, -7.598283 ], [ 110.738386, -7.598405 ], [ 110.738372, -7.598417 ], [ 110.738123, -7.598594 ], [ 110.73783, -7.598699 ], [ 110.737499, -7.598828 ], [ 110.737086, -7.598905 ], [ 110.736731, -7.598938 ], [ 110.736371, -7.598938 ], [ 110.735935, -7.598952 ], [ 110.73546, -7.598918 ], [ 110.735062, -7.598884 ], [ 110.734606, -7.59886 ], [ 110.734428, -7.59886 ], [ 110.734121, -7.59886 ], [ 110.733865, -7.59886 ], [ 110.733805, -7.59886 ], [ 110.73356, -7.598833 ], [ 110.733541, -7.598831 ], [ 110.73344, -7.598855 ], [ 110.733335, -7.598926 ], [ 110.733013, -7.599108 ], [ 110.732869, -7.599223 ], [ 110.732807, -7.599309 ], [ 110.732703, -7.599551 ], [ 110.732682, -7.599601 ], [ 110.732485, -7.599907 ], [ 110.732384, -7.600003 ], [ 110.732187, -7.600027 ], [ 110.731919, -7.599979 ], [ 110.731679, -7.599868 ], [ 110.731506, -7.599715 ], [ 110.731459, -7.599655 ], [ 110.731329, -7.59949 ], [ 110.731206, -7.599239 ], [ 110.731042, -7.599004 ], [ 110.73104, -7.599002 ], [ 110.730972, -7.598894 ], [ 110.730882, -7.598722 ], [ 110.730825, -7.598578 ], [ 110.730785, -7.598316 ], [ 110.730767, -7.598125 ], [ 110.730696, -7.597896 ], [ 110.730656, -7.59777 ], [ 110.730426, -7.597458 ], [ 110.729959, -7.596933 ], [ 110.729617, -7.596581 ], [ 110.729448, -7.596427 ], [ 110.72911, -7.596258 ], [ 110.728847, -7.596189 ], [ 110.728631, -7.596157 ], [ 110.72841, -7.59617 ], [ 110.72816, -7.596185 ], [ 110.727998, -7.596235 ], [ 110.727894, -7.596293 ], [ 110.72785, -7.596341 ], [ 110.727797, -7.5964 ], [ 110.727595, -7.596648 ], [ 110.727339, -7.596874 ], [ 110.727077, -7.597053 ], [ 110.726832, -7.597139 ], [ 110.726774, -7.597147 ], [ 110.726396, -7.5972 ], [ 110.726008, -7.597171 ], [ 110.725645, -7.597117 ], [ 110.72494, -7.596907 ], [ 110.724753, -7.596835 ], [ 110.724429, -7.596784 ], [ 110.724192, -7.596777 ], [ 110.723703, -7.596741 ], [ 110.723264, -7.596626 ], [ 110.723055, -7.596511 ], [ 110.722684, -7.596314 ], [ 110.721767, -7.595584 ], [ 110.72122, -7.595103 ], [ 110.720902, -7.594999 ], [ 110.720814, -7.59497 ], [ 110.720378, -7.594916 ], [ 110.720101, -7.594973 ], [ 110.720011, -7.595052 ], [ 110.7199, -7.595192 ], [ 110.719763, -7.595436 ], [ 110.71965, -7.59569 ], [ 110.719518, -7.595989 ], [ 110.719237, -7.596383 ], [ 110.718891, -7.596764 ], [ 110.718502, -7.597122 ], [ 110.718125, -7.597308 ], [ 110.718037, -7.597351 ], [ 110.717888, -7.597407 ], [ 110.717726, -7.597401 ], [ 110.717555, -7.597386 ], [ 110.717153, -7.59723 ], [ 110.716664, -7.59703 ], [ 110.716467, -7.596937 ], [ 110.71632, -7.596892 ], [ 110.716197, -7.596868 ], [ 110.716104, -7.596871 ], [ 110.716047, -7.596904 ], [ 110.715951, -7.596892 ], [ 110.715909, -7.596835 ], [ 110.715864, -7.596772 ], [ 110.71581, -7.596712 ], [ 110.715711, -7.596685 ], [ 110.715585, -7.596646 ], [ 110.71557, -7.596638 ], [ 110.715325, -7.596505 ], [ 110.71525, -7.596433 ], [ 110.715019, -7.596359 ], [ 110.714524, -7.596204 ], [ 110.714165, -7.596092 ], [ 110.713847, -7.59599 ], [ 110.713595, -7.595972 ], [ 110.713445, -7.59599 ], [ 110.713169, -7.595977 ], [ 110.712923, -7.59592 ], [ 110.712735, -7.595801 ], [ 110.712543, -7.595684 ], [ 110.712429, -7.595639 ], [ 110.712254, -7.595628 ], [ 110.712234, -7.595627 ], [ 110.712126, -7.595657 ], [ 110.711928, -7.595836 ], [ 110.711729, -7.59602 ], [ 110.711676, -7.596069 ], [ 110.711388, -7.596201 ], [ 110.711076, -7.596212 ], [ 110.710668, -7.596158 ], [ 110.710093, -7.596074 ], [ 110.710072, -7.596065 ], [ 110.709787, -7.595942 ], [ 110.709385, -7.595738 ], [ 110.709259, -7.595692 ], [ 110.709188, -7.595667 ], [ 110.709074, -7.595637 ], [ 110.708948, -7.595648 ], [ 110.708798, -7.59569 ], [ 110.708764, -7.595712 ], [ 110.708732, -7.595732 ], [ 110.70863, -7.595828 ], [ 110.708534, -7.59587 ], [ 110.708426, -7.595893 ], [ 110.708336, -7.595893 ], [ 110.708204, -7.595875 ], [ 110.70809, -7.595821 ], [ 110.707994, -7.595761 ], [ 110.70779, -7.595648 ], [ 110.707605, -7.595552 ], [ 110.707371, -7.595366 ], [ 110.707245, -7.595228 ], [ 110.707059, -7.595043 ], [ 110.706897, -7.594905 ], [ 110.706712, -7.594743 ], [ 110.706352, -7.594522 ], [ 110.705479, -7.593947 ], [ 110.704971, -7.59367 ], [ 110.704701, -7.593528 ], [ 110.70463, -7.593491 ], [ 110.704475, -7.593347 ], [ 110.704202, -7.593304 ], [ 110.703914, -7.593307 ], [ 110.703694, -7.593386 ], [ 110.703475, -7.593476 ], [ 110.703209, -7.593493 ], [ 110.702704, -7.593567 ], [ 110.702647, -7.593244 ], [ 110.702617, -7.593008 ], [ 110.702623, -7.592815 ], [ 110.702657, -7.592664 ], [ 110.702667, -7.592643 ], [ 110.702721, -7.592524 ], [ 110.702838, -7.592363 ], [ 110.70309, -7.592147 ], [ 110.703303, -7.591994 ], [ 110.703735, -7.591684 ], [ 110.704034, -7.591469 ], [ 110.704067, -7.591446 ], [ 110.704435, -7.591181 ], [ 110.70529, -7.590557 ], [ 110.705406, -7.590474 ], [ 110.705927, -7.590098 ], [ 110.706297, -7.589833 ], [ 110.706609, -7.589611 ], [ 110.70677, -7.589503 ], [ 110.707175, -7.589234 ], [ 110.707676, -7.588903 ], [ 110.707805, -7.58882 ], [ 110.708375, -7.588455 ], [ 110.70848, -7.588387 ], [ 110.708933, -7.588092 ], [ 110.709396, -7.587801 ], [ 110.709558, -7.5877 ], [ 110.709646, -7.587644 ], [ 110.71063, -7.586938 ], [ 110.710704, -7.586885 ], [ 110.711979, -7.585716 ], [ 110.712863, -7.584837 ], [ 110.713005, -7.584627 ], [ 110.713123, -7.584422 ], [ 110.71314, -7.584386 ], [ 110.71338, -7.583867 ], [ 110.71368, -7.58313 ], [ 110.713984, -7.582355 ], [ 110.714249, -7.581632 ], [ 110.714478, -7.581016 ], [ 110.714545, -7.580835 ], [ 110.714835, -7.580062 ], [ 110.715085, -7.579402 ], [ 110.715284, -7.578923 ], [ 110.715406, -7.578628 ], [ 110.714467, -7.578449 ], [ 110.71415, -7.578312 ], [ 110.713733, -7.578089 ], [ 110.713532, -7.577845 ], [ 110.713301, -7.577708 ], [ 110.712776, -7.577428 ], [ 110.713101, -7.576933 ], [ 110.71431, -7.575462 ], [ 110.714821, -7.575412 ], [ 110.715167, -7.575469 ], [ 110.715526, -7.575606 ], [ 110.715893, -7.575929 ], [ 110.716612, -7.576389 ], [ 110.716642, -7.576322 ], [ 110.717569, -7.574269 ], [ 110.71816, -7.573131 ], [ 110.718847, -7.571954 ], [ 110.718914, -7.571777 ], [ 110.718981, -7.571667 ], [ 110.719226, -7.571267 ], [ 110.719282, -7.571175 ], [ 110.719325, -7.571104 ], [ 110.719615, -7.570595 ], [ 110.719647, -7.570539 ], [ 110.719771, -7.570307 ], [ 110.720002, -7.569872 ], [ 110.720135, -7.569613 ], [ 110.720264, -7.56936 ], [ 110.720465, -7.568972 ], [ 110.720937, -7.568204 ], [ 110.721206, -7.567767 ], [ 110.721241, -7.567707 ], [ 110.721285, -7.567753 ], [ 110.721304, -7.567802 ], [ 110.721309, -7.567812 ], [ 110.721313, -7.567974 ], [ 110.721294, -7.568073 ], [ 110.721215, -7.568281 ], [ 110.721222, -7.568341 ], [ 110.721275, -7.56849 ], [ 110.721348, -7.568611 ], [ 110.721463, -7.568718 ], [ 110.721641, -7.568867 ], [ 110.721735, -7.568946 ], [ 110.721835, -7.569027 ], [ 110.721944, -7.569084 ], [ 110.722052, -7.569123 ], [ 110.722113, -7.569131 ], [ 110.722177, -7.569119 ], [ 110.722249, -7.569083 ], [ 110.722303, -7.569046 ], [ 110.722322, -7.569024 ], [ 110.722343, -7.568999 ], [ 110.722426, -7.568901 ], [ 110.722486, -7.568849 ], [ 110.722553, -7.568813 ], [ 110.722603, -7.568805 ], [ 110.722691, -7.568805 ], [ 110.722787, -7.568827 ], [ 110.722855, -7.568857 ], [ 110.722908, -7.56888 ], [ 110.723031, -7.568936 ], [ 110.72313, -7.568976 ], [ 110.723181, -7.569018 ], [ 110.723209, -7.569042 ], [ 110.723257, -7.569048 ], [ 110.72328, -7.569045 ], [ 110.723307, -7.56903 ], [ 110.723333, -7.569016 ], [ 110.723374, -7.568977 ], [ 110.723379, -7.568972 ], [ 110.723414, -7.568936 ], [ 110.723453, -7.568908 ], [ 110.723597, -7.56886 ], [ 110.723722, -7.568837 ], [ 110.723872, -7.568818 ], [ 110.723979, -7.568802 ], [ 110.724102, -7.568827 ], [ 110.724217, -7.568831 ], [ 110.724284, -7.568816 ], [ 110.724357, -7.568803 ], [ 110.724428, -7.568801 ], [ 110.724496, -7.568806 ], [ 110.724601, -7.568807 ], [ 110.72467, -7.568807 ], [ 110.724734, -7.568801 ], [ 110.724753, -7.568787 ], [ 110.724759, -7.568775 ], [ 110.724767, -7.568757 ], [ 110.724782, -7.56873 ], [ 110.7248, -7.568692 ], [ 110.724836, -7.568656 ], [ 110.724851, -7.568644 ], [ 110.724888, -7.568625 ], [ 110.724907, -7.568618 ], [ 110.724924, -7.568606 ], [ 110.725036, -7.568565 ], [ 110.725142, -7.568541 ], [ 110.725269, -7.568538 ], [ 110.725382, -7.568546 ], [ 110.725456, -7.568572 ], [ 110.725547, -7.568613 ], [ 110.725626, -7.568651 ], [ 110.725664, -7.568672 ], [ 110.725665, -7.568673 ], [ 110.725761, -7.568713 ], [ 110.725912, -7.568783 ], [ 110.725968, -7.568807 ], [ 110.726016, -7.568809 ], [ 110.726099, -7.568802 ], [ 110.726152, -7.56873 ], [ 110.726251, -7.56864 ], [ 110.726287, -7.568608 ], [ 110.726335, -7.568556 ], [ 110.72639, -7.568475 ], [ 110.726428, -7.568388 ], [ 110.726457, -7.5683 ], [ 110.726512, -7.568209 ], [ 110.726654, -7.568079 ], [ 110.726757, -7.567958 ], [ 110.726816, -7.56789 ], [ 110.726844, -7.567858 ], [ 110.727424, -7.56746 ], [ 110.727775, -7.567291 ], [ 110.728394, -7.566971 ], [ 110.728565, -7.566874 ], [ 110.728794, -7.566725 ], [ 110.729176, -7.566474 ], [ 110.729187, -7.566479 ], [ 110.729612, -7.566686 ], [ 110.730202, -7.567 ], [ 110.730427, -7.56712 ], [ 110.730632, -7.56723 ], [ 110.73072, -7.567257 ], [ 110.730937, -7.567316 ], [ 110.731049, -7.567351 ], [ 110.731109, -7.567369 ], [ 110.73119, -7.567408 ], [ 110.731334, -7.567545 ], [ 110.731386, -7.567579 ], [ 110.731693, -7.567686 ], [ 110.731794, -7.567713 ], [ 110.732003, -7.567766 ], [ 110.732074, -7.567785 ], [ 110.732363, -7.567859 ], [ 110.7326, -7.567955 ], [ 110.732882, -7.56807 ], [ 110.732918, -7.568079 ] ] ] } },
{ "type": "Feature", "properties": { "KAB": "KAB SUKOHARJO", "KEC": "KEC. BENDOSARI", "Sumber": "RTRW Kab. Sukoharjo & Verifikasi Desa", "Tahun": "2014", "Label": "Kec. Bendosari", "Luas": 5572.1358652999998 }, "geometry": { "type": "Polygon", "coordinates": [ [ [ 110.854011, -7.641473 ], [ 110.854321, -7.641527 ], [ 110.854565, -7.641527 ], [ 110.854846, -7.641498 ], [ 110.855019, -7.641434 ], [ 110.855195, -7.641333 ], [ 110.855292, -7.641236 ], [ 110.855386, -7.641233 ], [ 110.855533, -7.641222 ], [ 110.855627, -7.641183 ], [ 110.855771, -7.641082 ], [ 110.855825, -7.640996 ], [ 110.855893, -7.640888 ], [ 110.855944, -7.640867 ], [ 110.856041, -7.640863 ], [ 110.856214, -7.640921 ], [ 110.85689, -7.641115 ], [ 110.856976, -7.641169 ], [ 110.857113, -7.641219 ], [ 110.857235, -7.641273 ], [ 110.857383, -7.64137 ], [ 110.857473, -7.641445 ], [ 110.85752, -7.641517 ], [ 110.857541, -7.641578 ], [ 110.857581, -7.641672 ], [ 110.857602, -7.641751 ], [ 110.85766, -7.641876 ], [ 110.857732, -7.641962 ], [ 110.857872, -7.642117 ], [ 110.858009, -7.642275 ], [ 110.858013, -7.642282 ], [ 110.858084, -7.642415 ], [ 110.858134, -7.642612 ], [ 110.858113, -7.642749 ], [ 110.858066, -7.642853 ], [ 110.857904, -7.642982 ], [ 110.857713, -7.64309 ], [ 110.857429, -7.643147 ], [ 110.857246, -7.643097 ], [ 110.857055, -7.643021 ], [ 110.856915, -7.642931 ], [ 110.856785, -7.642878 ], [ 110.856634, -7.642849 ], [ 110.856544, -7.642859 ], [ 110.856497, -7.642885 ], [ 110.856443, -7.642971 ], [ 110.856414, -7.643089 ], [ 110.856403, -7.643222 ], [ 110.856447, -7.643337 ], [ 110.856688, -7.643581 ], [ 110.856943, -7.643782 ], [ 110.857234, -7.643883 ], [ 110.857418, -7.643883 ], [ 110.857508, -7.643847 ], [ 110.857623, -7.643869 ], [ 110.857713, -7.643865 ], [ 110.857781, -7.643822 ], [ 110.857864, -7.643768 ], [ 110.857965, -7.643707 ], [ 110.858062, -7.643682 ], [ 110.858159, -7.643693 ], [ 110.858228, -7.643736 ], [ 110.85831, -7.643844 ], [ 110.858379, -7.643969 ], [ 110.858461, -7.644092 ], [ 110.858508, -7.644135 ], [ 110.858559, -7.644142 ], [ 110.858609, -7.644124 ], [ 110.858688, -7.644077 ], [ 110.858846, -7.644016 ], [ 110.858983, -7.643984 ], [ 110.859124, -7.643995 ], [ 110.859293, -7.644024 ], [ 110.859577, -7.644117 ], [ 110.859753, -7.644218 ], [ 110.859883, -7.644376 ], [ 110.860027, -7.644623 ], [ 110.8603, -7.644878 ], [ 110.860563, -7.645026 ], [ 110.860635, -7.645105 ], [ 110.86067, -7.645191 ], [ 110.860728, -7.645431 ], [ 110.860728, -7.6456 ], [ 110.860757, -7.645823 ], [ 110.860807, -7.646182 ], [ 110.860706, -7.646469 ], [ 110.860652, -7.646742 ], [ 110.860663, -7.647259 ], [ 110.860684, -7.647449 ], [ 110.860724, -7.647546 ], [ 110.860882, -7.647682 ], [ 110.861069, -7.647794 ], [ 110.861181, -7.647808 ], [ 110.861483, -7.647801 ], [ 110.861782, -7.64779 ], [ 110.862332, -7.647783 ], [ 110.862444, -7.647798 ], [ 110.862796, -7.647905 ], [ 110.863206, -7.648021 ], [ 110.86343, -7.648053 ], [ 110.863552, -7.648046 ], [ 110.863631, -7.647967 ], [ 110.863768, -7.647838 ], [ 110.863876, -7.647798 ], [ 110.864138, -7.647802 ], [ 110.864354, -7.647823 ], [ 110.864513, -7.647867 ], [ 110.864743, -7.648017 ], [ 110.864834, -7.648093 ], [ 110.865114, -7.648326 ], [ 110.86543, -7.648556 ], [ 110.865542, -7.648653 ], [ 110.86566, -7.648861 ], [ 110.865793, -7.649023 ], [ 110.866135, -7.649422 ], [ 110.866158, -7.649444 ], [ 110.866376, -7.649666 ], [ 110.866588, -7.649777 ], [ 110.866723, -7.649796 ], [ 110.866765, -7.649802 ], [ 110.866873, -7.649853 ], [ 110.86697, -7.649932 ], [ 110.86706, -7.650039 ], [ 110.867142, -7.650197 ], [ 110.867247, -7.650441 ], [ 110.867283, -7.65051 ], [ 110.867391, -7.650639 ], [ 110.867502, -7.650661 ], [ 110.86775, -7.65061 ], [ 110.867952, -7.650553 ], [ 110.868272, -7.650521 ], [ 110.868628, -7.650535 ], [ 110.868884, -7.650571 ], [ 110.869039, -7.650639 ], [ 110.869161, -7.650769 ], [ 110.869222, -7.650905 ], [ 110.86924, -7.651192 ], [ 110.8692, -7.651497 ], [ 110.869092, -7.651799 ], [ 110.869092, -7.651964 ], [ 110.869132, -7.65204 ], [ 110.869218, -7.652083 ], [ 110.869459, -7.652137 ], [ 110.869726, -7.652126 ], [ 110.869956, -7.652051 ], [ 110.870064, -7.651968 ], [ 110.87019, -7.651886 ], [ 110.870377, -7.651735 ], [ 110.870582, -7.651631 ], [ 110.870672, -7.651602 ], [ 110.870744, -7.651595 ], [ 110.87083, -7.651613 ], [ 110.871003, -7.651742 ], [ 110.87123, -7.651954 ], [ 110.871496, -7.652266 ], [ 110.871571, -7.652406 ], [ 110.871607, -7.6526 ], [ 110.871553, -7.65278 ], [ 110.87151, -7.652866 ], [ 110.871474, -7.652963 ], [ 110.871452, -7.653078 ], [ 110.87142, -7.653171 ], [ 110.871258, -7.653408 ], [ 110.870786, -7.653993 ], [ 110.870459, -7.65447 ], [ 110.870185, -7.654765 ], [ 110.87003, -7.655055 ], [ 110.869797, -7.655289 ], [ 110.869663, -7.65563 ], [ 110.869627, -7.655824 ], [ 110.86962, -7.65619 ], [ 110.869623, -7.656588 ], [ 110.869569, -7.656674 ], [ 110.869397, -7.656804 ], [ 110.868997, -7.657019 ], [ 110.868486, -7.657385 ], [ 110.868407, -7.657557 ], [ 110.86841, -7.657712 ], [ 110.868428, -7.658038 ], [ 110.868396, -7.658182 ], [ 110.868291, -7.658272 ], [ 110.868216, -7.658325 ], [ 110.868065, -7.65835 ], [ 110.867816, -7.658286 ], [ 110.867637, -7.658203 ], [ 110.867313, -7.658024 ], [ 110.867133, -7.657945 ], [ 110.867007, -7.657955 ], [ 110.866913, -7.657998 ], [ 110.866845, -7.658038 ], [ 110.866773, -7.658181 ], [ 110.866651, -7.658314 ], [ 110.866582, -7.658422 ], [ 110.866557, -7.658515 ], [ 110.866578, -7.658641 ], [ 110.86674, -7.658907 ], [ 110.866863, -7.659147 ], [ 110.866952, -7.659366 ], [ 110.866971, -7.659418 ], [ 110.867006, -7.659517 ], [ 110.867068, -7.659621 ], [ 110.867258, -7.659811 ], [ 110.867413, -7.659984 ], [ 110.867478, -7.660109 ], [ 110.867496, -7.66026 ], [ 110.867456, -7.660346 ], [ 110.867294, -7.660493 ], [ 110.866754, -7.660637 ], [ 110.86616, -7.660649 ], [ 110.865866, -7.660714 ], [ 110.865381, -7.660918 ], [ 110.865279, -7.661025 ], [ 110.865237, -7.661151 ], [ 110.865231, -7.661289 ], [ 110.865242, -7.661558 ], [ 110.86526, -7.661929 ], [ 110.865254, -7.662485 ], [ 110.865069, -7.662789 ], [ 110.864616, -7.663212 ], [ 110.864468, -7.663327 ], [ 110.864418, -7.663507 ], [ 110.864479, -7.663679 ], [ 110.864637, -7.663815 ], [ 110.864903, -7.663988 ], [ 110.86531, -7.66411 ], [ 110.865526, -7.664146 ], [ 110.865663, -7.664185 ], [ 110.865997, -7.664415 ], [ 110.866447, -7.664746 ], [ 110.866882, -7.664972 ], [ 110.867087, -7.66503 ], [ 110.867267, -7.66499 ], [ 110.867505, -7.664854 ], [ 110.867753, -7.664728 ], [ 110.86794, -7.664671 ], [ 110.868127, -7.664671 ], [ 110.868307, -7.664703 ], [ 110.868386, -7.664761 ], [ 110.86862, -7.664922 ], [ 110.869063, -7.665292 ], [ 110.869534, -7.665831 ], [ 110.869861, -7.666369 ], [ 110.869933, -7.666499 ], [ 110.870052, -7.666585 ], [ 110.870261, -7.666535 ], [ 110.870509, -7.666323 ], [ 110.870812, -7.665925 ], [ 110.871168, -7.665515 ], [ 110.871247, -7.665494 ], [ 110.871387, -7.665376 ], [ 110.87151, -7.665225 ], [ 110.871618, -7.664999 ], [ 110.87165, -7.664902 ], [ 110.871683, -7.664755 ], [ 110.871694, -7.664579 ], [ 110.871701, -7.664449 ], [ 110.871784, -7.66436 ], [ 110.871935, -7.664274 ], [ 110.872046, -7.664227 ], [ 110.872144, -7.664213 ], [ 110.872273, -7.664227 ], [ 110.872363, -7.664252 ], [ 110.872561, -7.664371 ], [ 110.872744, -7.664557 ], [ 110.872859, -7.665049 ], [ 110.872964, -7.665512 ], [ 110.872992, -7.665757 ], [ 110.873007, -7.666137 ], [ 110.872963, -7.666352 ], [ 110.873021, -7.666704 ], [ 110.873078, -7.667071 ], [ 110.873114, -7.66739 ], [ 110.873089, -7.667602 ], [ 110.873061, -7.66764 ], [ 110.872959, -7.667781 ], [ 110.872794, -7.667864 ], [ 110.872578, -7.667921 ], [ 110.872322, -7.667882 ], [ 110.872092, -7.667803 ], [ 110.871873, -7.667695 ], [ 110.871707, -7.667662 ], [ 110.871563, -7.667666 ], [ 110.871459, -7.667713 ], [ 110.871383, -7.667784 ], [ 110.871315, -7.667953 ], [ 110.871369, -7.668129 ], [ 110.871473, -7.668406 ], [ 110.871581, -7.668621 ], [ 110.871804, -7.668854 ], [ 110.872099, -7.66902 ], [ 110.872257, -7.669045 ], [ 110.872455, -7.669059 ], [ 110.872819, -7.669242 ], [ 110.873099, -7.6694 ], [ 110.873293, -7.66954 ], [ 110.873445, -7.669699 ], [ 110.873509, -7.669882 ], [ 110.873574, -7.670165 ], [ 110.873466, -7.670632 ], [ 110.873257, -7.671447 ], [ 110.87326, -7.671637 ], [ 110.873357, -7.672222 ], [ 110.873437, -7.672398 ], [ 110.873599, -7.672474 ], [ 110.873703, -7.67247 ], [ 110.87385, -7.672398 ], [ 110.87403, -7.672305 ], [ 110.874304, -7.672309 ], [ 110.874509, -7.672413 ], [ 110.874599, -7.672564 ], [ 110.874685, -7.672865 ], [ 110.874764, -7.673109 ], [ 110.874897, -7.673314 ], [ 110.875246, -7.673573 ], [ 110.875559, -7.673802 ], [ 110.875692, -7.673896 ], [ 110.875754, -7.674111 ], [ 110.875951, -7.674513 ], [ 110.87607, -7.674603 ], [ 110.876174, -7.674654 ], [ 110.876282, -7.674661 ], [ 110.876394, -7.674679 ], [ 110.876542, -7.674654 ], [ 110.876675, -7.674632 ], [ 110.876811, -7.674629 ], [ 110.876969, -7.674662 ], [ 110.877066, -7.67469 ], [ 110.877164, -7.674719 ], [ 110.877398, -7.674787 ], [ 110.878197, -7.675078 ], [ 110.878405, -7.675157 ], [ 110.878467, -7.675229 ], [ 110.878499, -7.675361 ], [ 110.878488, -7.675512 ], [ 110.878449, -7.675677 ], [ 110.878452, -7.675828 ], [ 110.878484, -7.675993 ], [ 110.878546, -7.676079 ], [ 110.878632, -7.676083 ], [ 110.878718, -7.676079 ], [ 110.878931, -7.675986 ], [ 110.879201, -7.675857 ], [ 110.87958, -7.675735 ], [ 110.879647, -7.675714 ], [ 110.879698, -7.675707 ], [ 110.879856, -7.675685 ], [ 110.879996, -7.675753 ], [ 110.880037, -7.675743 ], [ 110.880133, -7.675721 ], [ 110.880334, -7.675707 ], [ 110.88073, -7.675753 ], [ 110.881176, -7.675886 ], [ 110.881666, -7.676008 ], [ 110.881781, -7.676052 ], [ 110.882267, -7.676289 ], [ 110.88245, -7.676411 ], [ 110.882648, -7.676562 ], [ 110.88268, -7.676626 ], [ 110.882713, -7.676777 ], [ 110.882759, -7.677025 ], [ 110.882828, -7.677208 ], [ 110.882997, -7.677488 ], [ 110.883112, -7.677682 ], [ 110.883198, -7.677739 ], [ 110.883285, -7.677804 ], [ 110.883342, -7.677901 ], [ 110.883425, -7.678045 ], [ 110.883626, -7.678188 ], [ 110.883806, -7.678253 ], [ 110.883921, -7.678256 ], [ 110.884098, -7.678224 ], [ 110.884166, -7.678185 ], [ 110.884227, -7.67812 ], [ 110.884274, -7.678056 ], [ 110.884357, -7.677901 ], [ 110.884436, -7.677736 ], [ 110.884422, -7.677668 ], [ 110.884335, -7.677567 ], [ 110.884213, -7.677434 ], [ 110.884181, -7.677273 ], [ 110.884195, -7.677079 ], [ 110.884253, -7.676925 ], [ 110.884346, -7.676767 ], [ 110.884469, -7.67662 ], [ 110.88458, -7.676559 ], [ 110.88466, -7.676544 ], [ 110.88475, -7.676555 ], [ 110.884814, -7.676602 ], [ 110.884947, -7.676742 ], [ 110.885386, -7.677291 ], [ 110.885588, -7.677492 ], [ 110.885811, -7.677769 ], [ 110.886052, -7.677938 ], [ 110.886257, -7.677995 ], [ 110.886408, -7.677977 ], [ 110.886474, -7.67795 ], [ 110.886523, -7.67793 ], [ 110.886584, -7.677844 ], [ 110.886606, -7.677711 ], [ 110.886577, -7.677582 ], [ 110.886531, -7.677435 ], [ 110.886473, -7.677284 ], [ 110.886444, -7.677083 ], [ 110.886419, -7.676922 ], [ 110.886398, -7.676764 ], [ 110.886369, -7.676699 ], [ 110.886383, -7.676616 ], [ 110.88647, -7.67652 ], [ 110.886617, -7.676408 ], [ 110.886844, -7.676268 ], [ 110.886934, -7.6762 ], [ 110.886959, -7.6761 ], [ 110.886948, -7.67601 ], [ 110.88692, -7.675838 ], [ 110.886884, -7.675651 ], [ 110.88688, -7.675507 ], [ 110.886895, -7.675392 ], [ 110.886934, -7.675306 ], [ 110.887017, -7.675256 ], [ 110.887183, -7.675256 ], [ 110.887542, -7.675328 ], [ 110.887751, -7.675321 ], [ 110.888158, -7.675271 ], [ 110.888349, -7.675181 ], [ 110.8885, -7.675077 ], [ 110.88859, -7.674969 ], [ 110.888629, -7.674818 ], [ 110.888629, -7.674643 ], [ 110.888608, -7.674406 ], [ 110.888597, -7.674248 ], [ 110.888622, -7.674086 ], [ 110.888716, -7.673978 ], [ 110.889043, -7.673788 ], [ 110.889497, -7.673699 ], [ 110.889608, -7.67372 ], [ 110.889698, -7.673835 ], [ 110.88972, -7.673925 ], [ 110.889716, -7.674033 ], [ 110.889673, -7.674374 ], [ 110.889576, -7.674682 ], [ 110.889594, -7.674801 ], [ 110.889698, -7.674952 ], [ 110.88977, -7.674973 ], [ 110.889914, -7.674991 ], [ 110.889975, -7.674977 ], [ 110.890101, -7.674905 ], [ 110.890324, -7.674668 ], [ 110.890479, -7.674499 ], [ 110.890612, -7.674446 ], [ 110.890778, -7.674421 ], [ 110.890922, -7.674421 ], [ 110.891048, -7.674439 ], [ 110.891116, -7.67446 ], [ 110.891174, -7.674503 ], [ 110.891461, -7.674676 ], [ 110.891735, -7.674859 ], [ 110.892059, -7.675053 ], [ 110.892271, -7.675107 ], [ 110.892393, -7.675135 ], [ 110.89248, -7.675114 ], [ 110.892555, -7.675071 ], [ 110.892617, -7.674974 ], [ 110.892775, -7.67455 ], [ 110.892854, -7.674292 ], [ 110.892908, -7.674109 ], [ 110.892966, -7.673972 ], [ 110.893124, -7.67384 ], [ 110.893207, -7.673761 ], [ 110.893351, -7.673753 ], [ 110.893427, -7.673761 ], [ 110.893531, -7.6738 ], [ 110.893682, -7.674008 ], [ 110.893768, -7.674159 ], [ 110.89384, -7.674206 ], [ 110.893937, -7.674195 ], [ 110.894027, -7.674148 ], [ 110.894179, -7.674044 ], [ 110.894222, -7.673973 ], [ 110.894251, -7.673847 ], [ 110.894265, -7.673466 ], [ 110.894143, -7.673151 ], [ 110.894103, -7.672921 ], [ 110.894118, -7.672835 ], [ 110.894186, -7.672748 ], [ 110.894269, -7.672702 ], [ 110.894341, -7.672677 ], [ 110.894413, -7.672677 ], [ 110.894488, -7.672713 ], [ 110.894618, -7.672792 ], [ 110.894809, -7.672942 ], [ 110.895104, -7.673072 ], [ 110.895377, -7.673151 ], [ 110.895755, -7.673226 ], [ 110.896043, -7.673234 ], [ 110.896302, -7.673259 ], [ 110.896489, -7.673313 ], [ 110.896698, -7.673406 ], [ 110.896782, -7.673451 ], [ 110.897007, -7.673571 ], [ 110.897245, -7.673772 ], [ 110.897601, -7.674085 ], [ 110.897835, -7.674182 ], [ 110.898044, -7.674214 ], [ 110.898238, -7.6742 ], [ 110.89886, -7.674164 ], [ 110.899338, -7.674132 ], [ 110.899484, -7.674122 ], [ 110.899485, -7.674122 ], [ 110.899718, -7.674023 ], [ 110.899946, -7.673985 ], [ 110.900177, -7.674044 ], [ 110.900327, -7.674137 ], [ 110.900543, -7.67443 ], [ 110.900711, -7.674655 ], [ 110.900939, -7.674867 ], [ 110.901208, -7.674981 ], [ 110.901583, -7.675038 ], [ 110.902507, -7.675008 ], [ 110.90302, -7.675002 ], [ 110.903233, -7.675026 ], [ 110.903365, -7.675062 ], [ 110.903464, -7.675122 ], [ 110.903589, -7.675275 ], [ 110.903829, -7.675715 ], [ 110.903913, -7.675879 ], [ 110.903922, -7.676002 ], [ 110.903964, -7.676089 ], [ 110.904096, -7.676101 ], [ 110.904297, -7.676101 ], [ 110.904594, -7.676053 ], [ 110.904783, -7.67599 ], [ 110.905026, -7.675891 ], [ 110.905185, -7.675856 ], [ 110.905485, -7.675808 ], [ 110.905504, -7.675802 ], [ 110.905833, -7.675706 ], [ 110.906165, -7.675613 ], [ 110.906513, -7.675542 ], [ 110.906714, -7.675506 ], [ 110.906897, -7.675464 ], [ 110.907035, -7.675392 ], [ 110.907158, -7.675288 ], [ 110.907305, -7.675213 ], [ 110.907557, -7.675156 ], [ 110.907692, -7.67506 ], [ 110.907809, -7.674869 ], [ 110.907992, -7.674585 ], [ 110.908049, -7.674393 ], [ 110.908094, -7.674256 ], [ 110.908154, -7.674121 ], [ 110.908232, -7.674019 ], [ 110.908346, -7.673933 ], [ 110.908409, -7.673828 ], [ 110.908418, -7.673744 ], [ 110.908418, -7.673684 ], [ 110.908652, -7.67337 ], [ 110.908751, -7.673221 ], [ 110.908961, -7.673071 ], [ 110.909033, -7.673038 ], [ 110.909132, -7.673029 ], [ 110.909216, -7.67308 ], [ 110.90942, -7.673107 ], [ 110.909666, -7.673113 ], [ 110.909894, -7.673077 ], [ 110.910166, -7.673006 ], [ 110.910427, -7.673012 ], [ 110.91055, -7.673048 ], [ 110.910622, -7.673125 ], [ 110.910647, -7.673151 ], [ 110.91067, -7.673176 ], [ 110.91082, -7.673544 ], [ 110.910901, -7.673813 ], [ 110.910931, -7.674017 ], [ 110.910961, -7.674244 ], [ 110.910997, -7.674358 ], [ 110.911084, -7.674585 ], [ 110.911138, -7.674699 ], [ 110.911255, -7.674891 ], [ 110.911321, -7.675061 ], [ 110.911434, -7.675555 ], [ 110.911524, -7.675671 ], [ 110.911677, -7.675791 ], [ 110.911848, -7.675878 ], [ 110.912034, -7.675914 ], [ 110.912304, -7.675938 ], [ 110.912718, -7.676085 ], [ 110.913306, -7.676312 ], [ 110.913527, -7.676423 ], [ 110.913659, -7.676468 ], [ 110.913806, -7.676486 ], [ 110.913959, -7.67648 ], [ 110.914127, -7.676516 ], [ 110.914274, -7.676549 ], [ 110.914451, -7.676607 ], [ 110.914637, -7.676668 ], [ 110.91476, -7.676692 ], [ 110.914817, -7.676686 ], [ 110.915117, -7.676513 ], [ 110.915381, -7.676312 ], [ 110.915516, -7.676217 ], [ 110.915645, -7.676079 ], [ 110.915768, -7.67584 ], [ 110.915864, -7.675675 ], [ 110.916026, -7.675415 ], [ 110.916101, -7.675283 ], [ 110.916131, -7.675218 ], [ 110.916176, -7.675104 ], [ 110.916257, -7.674975 ], [ 110.916374, -7.674835 ], [ 110.916593, -7.674685 ], [ 110.916977, -7.674452 ], [ 110.917348, -7.674225 ], [ 110.917555, -7.674123 ], [ 110.917687, -7.674093 ], [ 110.917816, -7.674087 ], [ 110.917942, -7.67412 ], [ 110.918044, -7.674174 ], [ 110.918167, -7.674249 ], [ 110.918278, -7.67435 ], [ 110.918608, -7.674763 ], [ 110.918716, -7.67491 ], [ 110.918725, -7.675015 ], [ 110.918662, -7.675167 ], [ 110.918539, -7.675335 ], [ 110.918128, -7.675661 ], [ 110.918044, -7.675739 ], [ 110.918023, -7.67581 ], [ 110.91802, -7.675876 ], [ 110.918029, -7.676047 ], [ 110.918065, -7.676139 ], [ 110.918188, -7.676265 ], [ 110.918392, -7.676451 ], [ 110.918569, -7.67654 ], [ 110.918784, -7.676603 ], [ 110.919615, -7.676729 ], [ 110.920197, -7.676732 ], [ 110.920299, -7.676702 ], [ 110.92035, -7.676639 ], [ 110.92035, -7.676571 ], [ 110.920293, -7.67623 ], [ 110.920302, -7.676131 ], [ 110.920329, -7.676065 ], [ 110.920413, -7.675984 ], [ 110.920911, -7.675823 ], [ 110.921514, -7.675646 ], [ 110.921748, -7.675566 ], [ 110.921856, -7.675464 ], [ 110.921922, -7.675377 ], [ 110.921922, -7.675285 ], [ 110.921904, -7.675171 ], [ 110.921859, -7.67509 ], [ 110.921811, -7.675048 ], [ 110.921739, -7.675003 ], [ 110.921598, -7.674815 ], [ 110.921514, -7.674614 ], [ 110.921448, -7.674258 ], [ 110.921421, -7.674043 ], [ 110.921418, -7.673932 ], [ 110.921424, -7.67383 ], [ 110.921523, -7.673633 ], [ 110.921721, -7.673298 ], [ 110.921943, -7.673095 ], [ 110.922378, -7.672721 ], [ 110.922549, -7.672655 ], [ 110.922927, -7.672553 ], [ 110.923077, -7.672559 ], [ 110.923146, -7.672607 ], [ 110.923203, -7.672694 ], [ 110.923203, -7.672808 ], [ 110.923202, -7.672888 ], [ 110.92319, -7.672951 ], [ 110.923154, -7.673038 ], [ 110.923097, -7.673128 ], [ 110.923073, -7.673197 ], [ 110.923085, -7.673328 ], [ 110.923103, -7.673612 ], [ 110.923178, -7.673959 ], [ 110.923244, -7.674244 ], [ 110.92325, -7.674286 ], [ 110.923289, -7.674333 ], [ 110.923343, -7.674411 ], [ 110.923406, -7.674558 ], [ 110.923454, -7.674791 ], [ 110.92349, -7.674977 ], [ 110.92352, -7.675138 ], [ 110.923511, -7.675252 ], [ 110.923496, -7.675303 ], [ 110.923493, -7.675318 ], [ 110.923475, -7.675336 ], [ 110.923469, -7.675363 ], [ 110.923472, -7.675398 ], [ 110.923475, -7.675437 ], [ 110.923475, -7.67547 ], [ 110.923475, -7.67553 ], [ 110.923427, -7.675734 ], [ 110.923397, -7.675814 ], [ 110.923397, -7.675901 ], [ 110.923418, -7.676015 ], [ 110.923475, -7.676146 ], [ 110.923541, -7.676257 ], [ 110.923682, -7.676392 ], [ 110.923778, -7.676458 ], [ 110.923844, -7.67646 ], [ 110.923862, -7.676461 ], [ 110.923922, -7.676446 ], [ 110.924225, -7.67623 ], [ 110.924431, -7.676027 ], [ 110.924629, -7.675853 ], [ 110.924764, -7.675785 ], [ 110.924851, -7.675782 ], [ 110.924944, -7.675794 ], [ 110.925019, -7.675818 ], [ 110.925127, -7.675919 ], [ 110.925202, -7.676012 ], [ 110.925295, -7.676257 ], [ 110.925421, -7.676772 ], [ 110.925544, -7.677284 ], [ 110.925574, -7.677358 ], [ 110.925625, -7.677412 ], [ 110.925679, -7.67743 ], [ 110.925733, -7.677436 ], [ 110.925778, -7.677418 ], [ 110.925826, -7.677376 ], [ 110.92585, -7.677302 ], [ 110.925895, -7.677164 ], [ 110.925979, -7.676996 ], [ 110.926063, -7.676847 ], [ 110.926141, -7.676796 ], [ 110.926234, -7.67676 ], [ 110.926327, -7.67676 ], [ 110.926372, -7.676772 ], [ 110.926417, -7.676814 ], [ 110.926549, -7.676943 ], [ 110.926692, -7.677164 ], [ 110.926779, -7.677242 ], [ 110.92695, -7.677386 ], [ 110.927136, -7.677523 ], [ 110.927484, -7.677739 ], [ 110.927733, -7.677936 ], [ 110.927829, -7.678032 ], [ 110.928138, -7.67811 ], [ 110.928555, -7.678146 ], [ 110.928809, -7.678119 ], [ 110.929109, -7.678134 ], [ 110.929328, -7.678188 ], [ 110.929466, -7.678245 ], [ 110.929646, -7.678343 ], [ 110.929772, -7.678454 ], [ 110.929862, -7.67858 ], [ 110.92991, -7.678714 ], [ 110.929928, -7.678825 ], [ 110.929961, -7.678882 ], [ 110.930141, -7.679076 ], [ 110.930465, -7.679334 ], [ 110.930935, -7.67969 ], [ 110.931433, -7.679979 ], [ 110.931544, -7.68009 ], [ 110.931688, -7.680158 ], [ 110.931943, -7.680248 ], [ 110.932189, -7.680368 ], [ 110.932468, -7.680503 ], [ 110.932621, -7.680583 ], [ 110.932765, -7.680709 ], [ 110.932897, -7.680844 ], [ 110.933046, -7.680982 ], [ 110.9331, -7.681032 ], [ 110.933181, -7.681107 ], [ 110.933265, -7.681233 ], [ 110.933409, -7.681376 ], [ 110.933541, -7.681466 ], [ 110.933763, -7.681574 ], [ 110.933925, -7.681619 ], [ 110.934036, -7.681679 ], [ 110.934252, -7.681753 ], [ 110.934528, -7.681816 ], [ 110.934618, -7.681816 ], [ 110.934756, -7.681813 ], [ 110.934861, -7.681795 ], [ 110.934951, -7.681771 ], [ 110.935005, -7.681748 ], [ 110.935071, -7.681742 ], [ 110.935134, -7.681765 ], [ 110.935227, -7.681819 ], [ 110.93552, -7.682059 ], [ 110.935652, -7.682119 ], [ 110.935757, -7.682107 ], [ 110.935925, -7.682044 ], [ 110.93603, -7.681969 ], [ 110.936186, -7.681894 ], [ 110.936387, -7.681873 ], [ 110.936468, -7.68187 ], [ 110.936501, -7.681894 ], [ 110.936609, -7.681972 ], [ 110.93678, -7.682122 ], [ 110.936972, -7.682331 ], [ 110.937086, -7.68243 ], [ 110.937185, -7.682472 ], [ 110.937347, -7.682535 ], [ 110.937509, -7.682565 ], [ 110.937641, -7.682577 ], [ 110.937695, -7.682574 ], [ 110.93777, -7.682547 ], [ 110.937851, -7.682508 ], [ 110.937949, -7.682436 ], [ 110.938036, -7.682325 ], [ 110.938084, -7.682224 ], [ 110.93815, -7.682146 ], [ 110.938216, -7.682044 ], [ 110.938267, -7.681957 ], [ 110.938336, -7.681835 ], [ 110.938372, -7.681793 ], [ 110.938486, -7.681748 ], [ 110.938621, -7.681736 ], [ 110.938783, -7.681736 ], [ 110.938969, -7.681769 ], [ 110.939146, -7.681823 ], [ 110.939272, -7.681904 ], [ 110.939329, -7.681987 ], [ 110.939359, -7.68208 ], [ 110.939353, -7.682233 ], [ 110.939335, -7.682335 ], [ 110.939284, -7.682427 ], [ 110.938975, -7.682834 ], [ 110.938846, -7.683008 ], [ 110.938801, -7.683097 ], [ 110.938795, -7.683187 ], [ 110.938807, -7.683259 ], [ 110.938834, -7.683322 ], [ 110.938894, -7.683364 ], [ 110.938969, -7.683367 ], [ 110.939044, -7.683358 ], [ 110.939353, -7.683316 ], [ 110.939494, -7.68334 ], [ 110.939833, -7.683621 ], [ 110.940025, -7.683801 ], [ 110.940219, -7.683878 ], [ 110.940444, -7.683932 ], [ 110.940636, -7.683938 ], [ 110.940783, -7.683914 ], [ 110.940918, -7.683875 ], [ 110.941035, -7.68381 ], [ 110.94108, -7.683684 ], [ 110.941086, -7.683376 ], [ 110.941074, -7.683226 ], [ 110.941065, -7.683101 ], [ 110.941041, -7.68299 ], [ 110.941044, -7.682915 ], [ 110.941074, -7.682837 ], [ 110.941104, -7.682781 ], [ 110.941164, -7.682739 ], [ 110.9412, -7.682727 ], [ 110.941254, -7.682727 ], [ 110.941296, -7.682751 ], [ 110.941341, -7.682799 ], [ 110.941452, -7.682933 ], [ 110.941545, -7.683029 ], [ 110.941602, -7.68308 ], [ 110.941674, -7.68308 ], [ 110.941743, -7.683056 ], [ 110.941839, -7.683011 ], [ 110.941959, -7.682906 ], [ 110.942028, -7.682817 ], [ 110.942082, -7.682763 ], [ 110.942136, -7.682736 ], [ 110.942187, -7.682727 ], [ 110.942259, -7.682727 ], [ 110.942316, -7.682748 ], [ 110.942364, -7.682766 ], [ 110.942469, -7.68285 ], [ 110.9427, -7.683055 ], [ 110.942826, -7.683167 ], [ 110.943048, -7.683352 ], [ 110.943233, -7.683445 ], [ 110.943323, -7.68343 ], [ 110.943413, -7.683385 ], [ 110.94347, -7.683346 ], [ 110.943512, -7.683286 ], [ 110.943542, -7.68323 ], [ 110.943551, -7.683164 ], [ 110.943548, -7.683068 ], [ 110.943551, -7.682972 ], [ 110.943575, -7.682886 ], [ 110.943638, -7.682823 ], [ 110.943767, -7.682784 ], [ 110.943926, -7.682784 ], [ 110.944049, -7.682811 ], [ 110.944124, -7.682829 ], [ 110.944247, -7.682889 ], [ 110.944337, -7.682889 ], [ 110.944421, -7.682862 ], [ 110.944466, -7.682835 ], [ 110.944541, -7.682769 ], [ 110.944625, -7.682691 ], [ 110.944736, -7.682539 ], [ 110.944919, -7.682329 ], [ 110.945204, -7.682042 ], [ 110.945315, -7.681973 ], [ 110.945393, -7.68194 ], [ 110.94551, -7.681943 ], [ 110.945699, -7.682006 ], [ 110.94593, -7.682033 ], [ 110.94602, -7.682027 ], [ 110.946098, -7.682003 ], [ 110.946161, -7.681964 ], [ 110.946236, -7.681899 ], [ 110.946407, -7.681716 ], [ 110.946685, -7.681291 ], [ 110.946823, -7.681052 ], [ 110.946928, -7.68095 ], [ 110.946976, -7.680926 ], [ 110.947015, -7.680935 ], [ 110.947087, -7.680986 ], [ 110.947144, -7.681082 ], [ 110.947159, -7.68116 ], [ 110.947159, -7.681265 ], [ 110.947141, -7.681408 ], [ 110.947096, -7.681914 ], [ 110.947123, -7.682021 ], [ 110.947174, -7.682099 ], [ 110.947258, -7.682138 ], [ 110.947339, -7.682156 ], [ 110.947432, -7.682141 ], [ 110.947714, -7.682054 ], [ 110.948086, -7.681929 ], [ 110.948446, -7.681821 ], [ 110.948542, -7.68183 ], [ 110.948608, -7.681887 ], [ 110.948653, -7.681953 ], [ 110.948671, -7.68204 ], [ 110.948668, -7.682156 ], [ 110.948668, -7.682189 ], [ 110.948668, -7.68227 ], [ 110.948647, -7.682387 ], [ 110.948647, -7.682431 ], [ 110.948689, -7.682536 ], [ 110.948764, -7.682644 ], [ 110.94906, -7.683063 ], [ 110.949144, -7.683185 ], [ 110.949207, -7.683245 ], [ 110.949306, -7.683263 ], [ 110.949402, -7.68323 ], [ 110.949516, -7.683147 ], [ 110.9496, -7.683021 ], [ 110.949612, -7.682949 ], [ 110.949624, -7.682892 ], [ 110.94969, -7.682824 ], [ 110.949846, -7.682731 ], [ 110.950056, -7.682641 ], [ 110.950224, -7.682614 ], [ 110.950341, -7.682614 ], [ 110.950491, -7.68262 ], [ 110.950587, -7.68265 ], [ 110.950704, -7.682719 ], [ 110.950851, -7.682797 ], [ 110.950986, -7.682845 ], [ 110.951142, -7.682872 ], [ 110.951307, -7.682851 ], [ 110.951451, -7.682761 ], [ 110.951667, -7.682728 ], [ 110.951936, -7.682755 ], [ 110.95217, -7.682806 ], [ 110.952422, -7.682914 ], [ 110.952644, -7.683006 ], [ 110.952839, -7.683159 ], [ 110.953097, -7.683485 ], [ 110.95322, -7.683656 ], [ 110.953265, -7.683721 ], [ 110.953334, -7.683727 ], [ 110.9534, -7.683724 ], [ 110.953499, -7.683692 ], [ 110.953574, -7.683629 ], [ 110.953616, -7.683551 ], [ 110.953664, -7.683461 ], [ 110.9537, -7.683398 ], [ 110.953736, -7.683315 ], [ 110.953778, -7.683231 ], [ 110.953826, -7.683168 ], [ 110.953898, -7.683084 ], [ 110.953988, -7.683063 ], [ 110.954048, -7.683066 ], [ 110.953981, -7.683253 ], [ 110.953409, -7.684861 ], [ 110.953232, -7.68551 ], [ 110.952474, -7.687208 ], [ 110.95244, -7.687269 ], [ 110.952429, -7.687289 ], [ 110.952335, -7.68749 ], [ 110.95232, -7.687522 ], [ 110.952312, -7.687539 ], [ 110.952172, -7.687859 ], [ 110.952067, -7.688095 ], [ 110.951919, -7.68851 ], [ 110.951811, -7.688834 ], [ 110.951775, -7.688914 ], [ 110.951667, -7.689153 ], [ 110.951571, -7.689408 ], [ 110.951494, -7.689638 ], [ 110.951437, -7.689845 ], [ 110.951358, -7.690072 ], [ 110.951178, -7.690581 ], [ 110.951027, -7.69102 ], [ 110.950944, -7.691243 ], [ 110.950849, -7.691515 ], [ 110.950744, -7.69175 ], [ 110.950737, -7.691773 ], [ 110.950662, -7.692007 ], [ 110.950577, -7.692245 ], [ 110.950479, -7.692495 ], [ 110.950427, -7.692662 ], [ 110.950233, -7.693266 ], [ 110.950155, -7.69351 ], [ 110.950066, -7.693733 ], [ 110.949876, -7.694297 ], [ 110.949805, -7.694451 ], [ 110.949735, -7.694621 ], [ 110.949599, -7.694972 ], [ 110.949519, -7.695143 ], [ 110.949477, -7.695333 ], [ 110.949462, -7.695443 ], [ 110.949449, -7.695711 ], [ 110.949445, -7.695743 ], [ 110.949402, -7.69611 ], [ 110.949303, -7.696469 ], [ 110.949228, -7.696827 ], [ 110.949138, -7.697256 ], [ 110.949123, -7.697328 ], [ 110.949039, -7.697796 ], [ 110.949031, -7.697838 ], [ 110.949022, -7.697895 ], [ 110.948976, -7.698162 ], [ 110.948972, -7.698193 ], [ 110.948845, -7.699215 ], [ 110.948885, -7.700039 ], [ 110.94888, -7.700386 ], [ 110.948837, -7.700962 ], [ 110.948819, -7.701053 ], [ 110.948788, -7.701213 ], [ 110.948624, -7.701908 ], [ 110.948572, -7.702367 ], [ 110.948507, -7.70276 ], [ 110.948459, -7.703322 ], [ 110.948417, -7.703755 ], [ 110.94837, -7.704046 ], [ 110.948341, -7.704166 ], [ 110.948316, -7.704221 ], [ 110.948246, -7.704839 ], [ 110.948165, -7.705425 ], [ 110.948054, -7.706225 ], [ 110.948024, -7.707195 ], [ 110.947949, -7.709344 ], [ 110.947835, -7.709568 ], [ 110.947724, -7.709873 ], [ 110.947598, -7.710142 ], [ 110.947445, -7.710346 ], [ 110.947289, -7.710474 ], [ 110.947151, -7.710477 ], [ 110.947022, -7.710403 ], [ 110.946905, -7.710307 ], [ 110.946827, -7.710172 ], [ 110.946695, -7.709945 ], [ 110.946542, -7.709834 ], [ 110.946395, -7.709798 ], [ 110.946291, -7.711239 ], [ 110.945801, -7.711976 ], [ 110.945302, -7.712433 ], [ 110.945331, -7.712684 ], [ 110.945216, -7.713345 ], [ 110.945003, -7.714938 ], [ 110.944974, -7.714976 ], [ 110.944923, -7.715328 ], [ 110.944885, -7.715694 ], [ 110.944871, -7.715737 ], [ 110.94467, -7.717054 ], [ 110.94461, -7.717768 ], [ 110.94429, -7.719554 ], [ 110.944292, -7.719591 ], [ 110.944199, -7.720058 ], [ 110.944197, -7.720058 ], [ 110.943893, -7.720064 ], [ 110.943766, -7.720066 ], [ 110.943726, -7.720066 ], [ 110.943408, -7.720071 ], [ 110.943078, -7.72008 ], [ 110.943028, -7.720081 ], [ 110.942673, -7.720091 ], [ 110.942111, -7.720111 ], [ 110.94143, -7.720138 ], [ 110.941036, -7.720137 ], [ 110.940636, -7.720111 ], [ 110.940392, -7.720068 ], [ 110.940123, -7.720055 ], [ 110.939593, -7.720012 ], [ 110.938807, -7.719917 ], [ 110.938699, -7.719906 ], [ 110.938452, -7.719882 ], [ 110.938031, -7.719848 ], [ 110.938031, -7.719848 ], [ 110.937799, -7.719837 ], [ 110.937764, -7.719835 ], [ 110.937183, -7.719819 ], [ 110.936386, -7.719829 ], [ 110.936146, -7.719832 ], [ 110.935803, -7.719837 ], [ 110.935152, -7.719855 ], [ 110.934701, -7.71988 ], [ 110.934651, -7.719479 ], [ 110.934473, -7.718566 ], [ 110.934068, -7.718593 ], [ 110.933496, -7.718614 ], [ 110.933088, -7.718605 ], [ 110.933071, -7.718096 ], [ 110.933053, -7.7176 ], [ 110.933059, -7.717151 ], [ 110.932789, -7.716977 ], [ 110.932687, -7.716977 ], [ 110.932507, -7.716911 ], [ 110.932075, -7.716732 ], [ 110.931901, -7.716594 ], [ 110.932027, -7.716307 ], [ 110.931343, -7.716301 ], [ 110.93087, -7.716319 ], [ 110.930756, -7.716379 ], [ 110.930588, -7.716438 ], [ 110.93045, -7.716432 ], [ 110.930228, -7.716385 ], [ 110.930084, -7.716408 ], [ 110.929544, -7.716325 ], [ 110.928566, -7.716318 ], [ 110.928602, -7.715529 ], [ 110.928368, -7.715463 ], [ 110.927133, -7.715373 ], [ 110.926137, -7.715301 ], [ 110.925669, -7.715253 ], [ 110.925269, -7.715316 ], [ 110.924583, -7.715618 ], [ 110.924557, -7.716209 ], [ 110.924182, -7.71625 ], [ 110.923767, -7.716316 ], [ 110.922201, -7.716565 ], [ 110.921594, -7.716626 ], [ 110.921914, -7.716856 ], [ 110.922526, -7.717221 ], [ 110.922736, -7.7174 ], [ 110.92285, -7.717424 ], [ 110.923137, -7.717688 ], [ 110.923107, -7.717927 ], [ 110.923023, -7.718011 ], [ 110.922897, -7.718053 ], [ 110.922682, -7.718041 ], [ 110.922544, -7.718041 ], [ 110.922388, -7.718148 ], [ 110.922316, -7.718322 ], [ 110.922256, -7.718352 ], [ 110.922046, -7.718483 ], [ 110.921758, -7.718609 ], [ 110.921482, -7.718741 ], [ 110.921296, -7.718842 ], [ 110.92126, -7.718866 ], [ 110.921188, -7.718902 ], [ 110.921116, -7.71892 ], [ 110.921014, -7.718932 ], [ 110.920912, -7.718938 ], [ 110.920804, -7.718944 ], [ 110.920744, -7.71898 ], [ 110.920714, -7.719028 ], [ 110.92069, -7.719081 ], [ 110.920672, -7.719147 ], [ 110.920636, -7.719267 ], [ 110.920612, -7.719333 ], [ 110.92054, -7.7195 ], [ 110.920492, -7.719692 ], [ 110.920384, -7.719757 ], [ 110.920246, -7.719799 ], [ 110.920096, -7.719835 ], [ 110.920036, -7.719871 ], [ 110.919964, -7.719895 ], [ 110.91991, -7.719943 ], [ 110.919826, -7.720003 ], [ 110.919814, -7.720068 ], [ 110.91979, -7.720194 ], [ 110.919748, -7.720278 ], [ 110.9197, -7.720362 ], [ 110.919628, -7.720439 ], [ 110.919574, -7.720475 ], [ 110.919508, -7.720529 ], [ 110.919436, -7.720571 ], [ 110.919346, -7.720601 ], [ 110.919292, -7.720673 ], [ 110.91925, -7.720774 ], [ 110.919232, -7.720894 ], [ 110.919226, -7.72105 ], [ 110.919196, -7.721199 ], [ 110.919094, -7.721351 ], [ 110.918933, -7.721373 ], [ 110.918778, -7.721179 ], [ 110.918762, -7.721371 ], [ 110.918839, -7.721754 ], [ 110.918917, -7.722985 ], [ 110.918831, -7.722998 ], [ 110.918402, -7.723061 ], [ 110.918062, -7.723114 ], [ 110.917706, -7.723152 ], [ 110.917792, -7.722893 ], [ 110.916602, -7.72275 ], [ 110.91618, -7.722625 ], [ 110.915998, -7.722529 ], [ 110.914424, -7.722338 ], [ 110.91355, -7.722289 ], [ 110.913301, -7.722462 ], [ 110.913166, -7.722778 ], [ 110.913249, -7.723452 ], [ 110.913113, -7.723817 ], [ 110.912974, -7.723877 ], [ 110.912515, -7.724096 ], [ 110.911738, -7.724422 ], [ 110.911455, -7.724523 ], [ 110.910792, -7.724788 ], [ 110.909774, -7.725203 ], [ 110.90909, -7.725447 ], [ 110.908639, -7.725615 ], [ 110.908624, -7.72562 ], [ 110.908467, -7.7248 ], [ 110.908527, -7.724751 ], [ 110.908685, -7.724535 ], [ 110.90875, -7.724248 ], [ 110.908858, -7.724004 ], [ 110.909093, -7.723378 ], [ 110.90916, -7.723158 ], [ 110.909102, -7.723014 ], [ 110.909397, -7.721903 ], [ 110.909611, -7.721004 ], [ 110.910005, -7.719291 ], [ 110.910188, -7.718563 ], [ 110.90965, -7.718525 ], [ 110.909046, -7.718429 ], [ 110.908575, -7.718261 ], [ 110.907481, -7.717974 ], [ 110.906296, -7.717672 ], [ 110.905466, -7.717471 ], [ 110.904857, -7.717332 ], [ 110.904415, -7.717217 ], [ 110.904108, -7.717092 ], [ 110.90382, -7.716948 ], [ 110.903532, -7.716862 ], [ 110.903076, -7.716819 ], [ 110.902662, -7.716819 ], [ 110.902428, -7.716829 ], [ 110.902289, -7.716864 ], [ 110.902274, -7.716867 ], [ 110.902116, -7.715943 ], [ 110.902106, -7.715793 ], [ 110.902084, -7.715194 ], [ 110.901987, -7.713654 ], [ 110.902258, -7.712437 ], [ 110.902414, -7.711647 ], [ 110.899799, -7.711754 ], [ 110.898455, -7.711694 ], [ 110.897795, -7.711442 ], [ 110.897207, -7.711047 ], [ 110.897099, -7.711083 ], [ 110.896908, -7.711119 ], [ 110.896572, -7.711179 ], [ 110.896416, -7.711203 ], [ 110.896128, -7.711287 ], [ 110.896032, -7.711286 ], [ 110.895946, -7.711305 ], [ 110.895864, -7.711322 ], [ 110.895684, -7.711394 ], [ 110.89554, -7.711502 ], [ 110.895432, -7.711609 ], [ 110.895384, -7.711729 ], [ 110.895252, -7.711825 ], [ 110.895084, -7.711861 ], [ 110.894976, -7.711909 ], [ 110.894784, -7.712004 ], [ 110.894616, -7.712052 ], [ 110.894472, -7.712052 ], [ 110.894328, -7.712052 ], [ 110.894172, -7.71204 ], [ 110.893944, -7.711992 ], [ 110.89368, -7.71192 ], [ 110.893536, -7.711896 ], [ 110.89332, -7.711896 ], [ 110.893164, -7.711944 ], [ 110.89308, -7.71204 ], [ 110.892972, -7.712171 ], [ 110.892864, -7.712375 ], [ 110.892792, -7.712542 ], [ 110.892732, -7.712638 ], [ 110.8926, -7.712734 ], [ 110.89248, -7.712734 ], [ 110.892264, -7.712722 ], [ 110.892085, -7.712674 ], [ 110.891893, -7.712626 ], [ 110.891749, -7.712506 ], [ 110.891677, -7.712446 ], [ 110.891533, -7.712374 ], [ 110.891317, -7.712422 ], [ 110.891149, -7.712506 ], [ 110.891029, -7.712673 ], [ 110.890705, -7.712949 ], [ 110.890392, -7.712991 ], [ 110.890261, -7.712709 ], [ 110.890129, -7.712553 ], [ 110.889997, -7.712386 ], [ 110.889913, -7.712266 ], [ 110.889757, -7.712218 ], [ 110.889589, -7.712218 ], [ 110.889361, -7.712206 ], [ 110.889277, -7.71217 ], [ 110.889038, -7.712039 ], [ 110.888918, -7.712039 ], [ 110.888786, -7.712039 ], [ 110.88863, -7.712074 ], [ 110.888414, -7.712254 ], [ 110.888282, -7.712362 ], [ 110.888198, -7.712326 ], [ 110.888018, -7.712194 ], [ 110.887646, -7.712122 ], [ 110.887502, -7.712206 ], [ 110.887418, -7.712337 ], [ 110.887202, -7.712529 ], [ 110.887046, -7.712601 ], [ 110.886878, -7.712553 ], [ 110.886506, -7.712481 ], [ 110.886386, -7.712553 ], [ 110.886314, -7.7126 ], [ 110.886134, -7.712588 ], [ 110.885978, -7.712481 ], [ 110.885834, -7.712397 ], [ 110.885343, -7.712086 ], [ 110.885055, -7.711894 ], [ 110.884839, -7.711846 ], [ 110.884755, -7.711978 ], [ 110.884755, -7.712157 ], [ 110.884731, -7.712277 ], [ 110.884635, -7.712468 ], [ 110.884539, -7.712564 ], [ 110.884311, -7.712696 ], [ 110.884119, -7.712923 ], [ 110.883873, -7.713317 ], [ 110.883285, -7.713263 ], [ 110.882655, -7.71319 ], [ 110.881608, -7.713107 ], [ 110.880823, -7.712993 ], [ 110.88016, -7.71293 ], [ 110.879425, -7.712804 ], [ 110.878499, -7.712637 ], [ 110.877572, -7.712519 ], [ 110.876546, -7.712301 ], [ 110.875766, -7.712159 ], [ 110.874968, -7.71204 ], [ 110.873458, -7.711784 ], [ 110.873422, -7.711778 ], [ 110.873127, -7.711728 ], [ 110.871747, -7.711494 ], [ 110.871325, -7.711386 ], [ 110.8712, -7.711343 ], [ 110.871145, -7.711323 ], [ 110.870973, -7.711318 ], [ 110.870827, -7.711314 ], [ 110.870775, -7.711282 ], [ 110.869935, -7.711111 ], [ 110.869353, -7.710985 ], [ 110.869201, -7.710952 ], [ 110.86898, -7.710904 ], [ 110.869112, -7.710369 ], [ 110.86869, -7.710254 ], [ 110.868815, -7.709382 ], [ 110.868921, -7.709 ], [ 110.869103, -7.708004 ], [ 110.869109, -7.707948 ], [ 110.869173, -7.707284 ], [ 110.869367, -7.707039 ], [ 110.869489, -7.706759 ], [ 110.86952, -7.706624 ], [ 110.869696, -7.705863 ], [ 110.869736, -7.705574 ], [ 110.869836, -7.705501 ], [ 110.869861, -7.705485 ], [ 110.870093, -7.70533 ], [ 110.870094, -7.705329 ], [ 110.870227, -7.705213 ], [ 110.870364, -7.705095 ], [ 110.870781, -7.704733 ], [ 110.871181, -7.704226 ], [ 110.871356, -7.70362 ], [ 110.871391, -7.703548 ], [ 110.871726, -7.703385 ], [ 110.872379, -7.703421 ], [ 110.872559, -7.703431 ], [ 110.872899, -7.703449 ], [ 110.873233, -7.703368 ], [ 110.873417, -7.703259 ], [ 110.87355, -7.70306 ], [ 110.873661, -7.70278 ], [ 110.873741, -7.702572 ], [ 110.873863, -7.702328 ], [ 110.874, -7.70221 ], [ 110.87405, -7.702196 ], [ 110.87458, -7.702047 ], [ 110.874902, -7.701966 ], [ 110.875, -7.701903 ], [ 110.875445, -7.701586 ], [ 110.875657, -7.701319 ], [ 110.875739, -7.701217 ], [ 110.875754, -7.701198 ], [ 110.87575, -7.701198 ], [ 110.875747, -7.701198 ], [ 110.875573, -7.701225 ], [ 110.875538, -7.701221 ], [ 110.875464, -7.701214 ], [ 110.875384, -7.701206 ], [ 110.875373, -7.701205 ], [ 110.875169, -7.70117 ], [ 110.875, -7.701116 ], [ 110.875, -7.700975 ], [ 110.875, -7.700799 ], [ 110.875, -7.700742 ], [ 110.87496, -7.700729 ], [ 110.874407, -7.70055 ], [ 110.874224, -7.700544 ], [ 110.874041, -7.700538 ], [ 110.873886, -7.700519 ], [ 110.87385, -7.700514 ], [ 110.873804, -7.700508 ], [ 110.873404, -7.70044 ], [ 110.873205, -7.700406 ], [ 110.873078, -7.700384 ], [ 110.872772, -7.700283 ], [ 110.872481, -7.700273 ], [ 110.871896, -7.700206 ], [ 110.871714, -7.700164 ], [ 110.871471, -7.700119 ], [ 110.870954, -7.700057 ], [ 110.870865, -7.700047 ], [ 110.870788, -7.700038 ], [ 110.870429, -7.699997 ], [ 110.870232, -7.699975 ], [ 110.870242, -7.699928 ], [ 110.870274, -7.699774 ], [ 110.870341, -7.699447 ], [ 110.870392, -7.699198 ], [ 110.870441, -7.698963 ], [ 110.870493, -7.698712 ], [ 110.870522, -7.698569 ], [ 110.87059, -7.698241 ], [ 110.870655, -7.697925 ], [ 110.87071, -7.697657 ], [ 110.870734, -7.69754 ], [ 110.870739, -7.697518 ], [ 110.87071, -7.697512 ], [ 110.87017, -7.697391 ], [ 110.869336, -7.697204 ], [ 110.869317, -7.6972 ], [ 110.869105, -7.697153 ], [ 110.868943, -7.697116 ], [ 110.868939, -7.697115 ], [ 110.868916, -7.697169 ], [ 110.868839, -7.697343 ], [ 110.868814, -7.697401 ], [ 110.868462, -7.698172 ], [ 110.868415, -7.698277 ], [ 110.868183, -7.69877 ], [ 110.868082, -7.698983 ], [ 110.868054, -7.699042 ], [ 110.868025, -7.699106 ], [ 110.867908, -7.699348 ], [ 110.867664, -7.699857 ], [ 110.867547, -7.699973 ], [ 110.867173, -7.700108 ], [ 110.867046, -7.700123 ], [ 110.866952, -7.700129 ], [ 110.86687, -7.700138 ], [ 110.866766, -7.70015 ], [ 110.866724, -7.700163 ], [ 110.866596, -7.700201 ], [ 110.866551, -7.700215 ], [ 110.866416, -7.700309 ], [ 110.86638, -7.700318 ], [ 110.866192, -7.700383 ], [ 110.866082, -7.700422 ], [ 110.865977, -7.700447 ], [ 110.865881, -7.700466 ], [ 110.865771, -7.700489 ], [ 110.865742, -7.700492 ], [ 110.865696, -7.700495 ], [ 110.865512, -7.700506 ], [ 110.865434, -7.700511 ], [ 110.865288, -7.70048 ], [ 110.865089, -7.700438 ], [ 110.864956, -7.70041 ], [ 110.864808, -7.700378 ], [ 110.864778, -7.700553 ], [ 110.864682, -7.700689 ], [ 110.864651, -7.700733 ], [ 110.864639, -7.700751 ], [ 110.864616, -7.700783 ], [ 110.864596, -7.700866 ], [ 110.864574, -7.701 ], [ 110.864358, -7.700979 ], [ 110.864238, -7.700965 ], [ 110.864114, -7.700951 ], [ 110.864052, -7.700943 ], [ 110.863995, -7.700937 ], [ 110.863538, -7.700882 ], [ 110.863467, -7.700861 ], [ 110.863465, -7.700861 ], [ 110.86346, -7.700858 ], [ 110.863393, -7.700825 ], [ 110.863332, -7.700795 ], [ 110.863207, -7.700718 ], [ 110.862942, -7.700596 ], [ 110.862464, -7.700361 ], [ 110.862122, -7.700186 ], [ 110.862122, -7.700154 ], [ 110.862122, -7.700139 ], [ 110.862131, -7.700095 ], [ 110.862132, -7.700042 ], [ 110.862135, -7.699964 ], [ 110.862137, -7.699923 ], [ 110.862135, -7.699783 ], [ 110.862138, -7.699734 ], [ 110.862117, -7.699568 ], [ 110.862131, -7.699537 ], [ 110.862145, -7.699501 ], [ 110.862164, -7.69944 ], [ 110.862164, -7.6994 ], [ 110.862151, -7.699371 ], [ 110.862074, -7.699338 ], [ 110.861894, -7.699284 ], [ 110.861852, -7.699274 ], [ 110.861704, -7.699238 ], [ 110.861612, -7.699215 ], [ 110.861566, -7.699201 ], [ 110.861257, -7.699053 ], [ 110.861022, -7.698942 ], [ 110.860868, -7.698887 ], [ 110.860508, -7.698808 ], [ 110.860415, -7.698779 ], [ 110.860381, -7.698751 ], [ 110.860359, -7.698678 ], [ 110.860397, -7.698428 ], [ 110.860416, -7.698304 ], [ 110.860462, -7.697967 ], [ 110.860542, -7.697383 ], [ 110.860543, -7.697372 ], [ 110.860411, -7.697324 ], [ 110.860411, -7.697324 ], [ 110.860249, -7.69723 ], [ 110.860127, -7.697156 ], [ 110.860046, -7.697107 ], [ 110.859864, -7.696996 ], [ 110.859737, -7.696958 ], [ 110.85966, -7.696906 ], [ 110.85958, -7.696835 ], [ 110.859551, -7.696824 ], [ 110.859447, -7.696782 ], [ 110.859378, -7.696763 ], [ 110.859349, -7.696755 ], [ 110.859282, -7.696741 ], [ 110.859229, -7.696743 ], [ 110.859144, -7.696797 ], [ 110.859075, -7.696816 ], [ 110.858964, -7.696828 ], [ 110.858896, -7.69682 ], [ 110.858847, -7.696815 ], [ 110.858806, -7.69681 ], [ 110.858676, -7.696785 ], [ 110.858538, -7.69674 ], [ 110.85849, -7.696724 ], [ 110.858388, -7.69672 ], [ 110.858284, -7.696718 ], [ 110.858278, -7.696717 ], [ 110.858157, -7.6967 ], [ 110.8581, -7.696691 ], [ 110.85809, -7.696688 ], [ 110.857969, -7.696643 ], [ 110.857854, -7.696588 ], [ 110.857705, -7.696555 ], [ 110.857643, -7.696567 ], [ 110.857492, -7.696592 ], [ 110.857336, -7.696611 ], [ 110.857263, -7.696621 ], [ 110.857125, -7.696639 ], [ 110.856992, -7.696634 ], [ 110.856884, -7.696628 ], [ 110.856819, -7.696624 ], [ 110.8567, -7.696621 ], [ 110.856752, -7.696063 ], [ 110.85682, -7.69534 ], [ 110.856833, -7.695201 ], [ 110.856848, -7.695041 ], [ 110.856887, -7.694652 ], [ 110.856957, -7.694661 ], [ 110.856971, -7.694663 ], [ 110.857155, -7.694686 ], [ 110.857173, -7.694685 ], [ 110.857175, -7.694683 ], [ 110.857183, -7.694676 ], [ 110.857184, -7.694676 ], [ 110.857195, -7.694656 ], [ 110.8572, -7.694628 ], [ 110.857274, -7.694634 ], [ 110.857427, -7.694646 ], [ 110.857555, -7.694657 ], [ 110.857581, -7.694377 ], [ 110.857587, -7.694317 ], [ 110.857719, -7.694267 ], [ 110.857751, -7.693891 ], [ 110.857795, -7.69338 ], [ 110.857631, -7.693351 ], [ 110.85753, -7.693333 ], [ 110.857335, -7.693297 ], [ 110.857309, -7.693292 ], [ 110.857278, -7.693286 ], [ 110.85728, -7.693206 ], [ 110.85729, -7.692665 ], [ 110.857292, -7.692578 ], [ 110.857311, -7.69164 ], [ 110.857091, -7.691567 ], [ 110.856894, -7.691504 ], [ 110.856812, -7.691477 ], [ 110.856848, -7.691305 ], [ 110.856896, -7.691241 ], [ 110.856922, -7.691088 ], [ 110.8569, -7.690994 ], [ 110.856886, -7.690934 ], [ 110.856768, -7.690861 ], [ 110.856762, -7.690833 ], [ 110.856649, -7.690328 ], [ 110.856217, -7.690011 ], [ 110.856215, -7.689956 ], [ 110.856207, -7.689686 ], [ 110.856202, -7.689541 ], [ 110.856191, -7.689062 ], [ 110.856187, -7.68888 ], [ 110.856325, -7.688791 ], [ 110.856411, -7.688736 ], [ 110.856411, -7.688607 ], [ 110.856467, -7.688383 ], [ 110.856587, -7.687871 ], [ 110.856593, -7.687793 ], [ 110.856595, -7.687636 ], [ 110.856596, -7.687557 ], [ 110.856595, -7.687292 ], [ 110.856404, -7.687255 ], [ 110.856452, -7.687062 ], [ 110.856503, -7.686859 ], [ 110.856571, -7.686587 ], [ 110.856653, -7.686263 ], [ 110.856656, -7.68625 ], [ 110.856749, -7.686275 ], [ 110.857394, -7.686438 ], [ 110.857626, -7.68652 ], [ 110.857966, -7.685552 ], [ 110.858004, -7.685247 ], [ 110.857936, -7.685233 ], [ 110.857903, -7.685224 ], [ 110.857892, -7.685221 ], [ 110.857871, -7.685215 ], [ 110.857796, -7.685172 ], [ 110.857713, -7.685093 ], [ 110.857648, -7.684989 ], [ 110.857623, -7.684902 ], [ 110.85762, -7.684892 ], [ 110.857609, -7.68477 ], [ 110.857609, -7.684605 ], [ 110.857623, -7.684439 ], [ 110.857642, -7.684298 ], [ 110.857659, -7.68417 ], [ 110.857666, -7.68407 ], [ 110.857627, -7.683966 ], [ 110.857562, -7.683915 ], [ 110.857514, -7.683902 ], [ 110.857469, -7.68389 ], [ 110.857399, -7.683898 ], [ 110.857332, -7.683895 ], [ 110.857291, -7.683881 ], [ 110.857255, -7.683848 ], [ 110.857222, -7.683821 ], [ 110.857133, -7.683816 ], [ 110.856965, -7.683826 ], [ 110.856865, -7.683833 ], [ 110.856757, -7.683821 ], [ 110.856671, -7.683787 ], [ 110.85659, -7.68372 ], [ 110.856477, -7.683589 ], [ 110.856295, -7.683369 ], [ 110.856187, -7.683261 ], [ 110.856105, -7.683208 ], [ 110.85605, -7.683167 ], [ 110.85599, -7.683143 ], [ 110.85592, -7.683124 ], [ 110.855868, -7.683115 ], [ 110.855815, -7.683093 ], [ 110.8558, -7.68308 ], [ 110.85576, -7.683043 ], [ 110.855723, -7.682973 ], [ 110.855652, -7.682902 ], [ 110.855613, -7.682877 ], [ 110.855568, -7.682849 ], [ 110.855448, -7.682803 ], [ 110.855339, -7.682791 ], [ 110.855249, -7.682796 ], [ 110.855203, -7.682791 ], [ 110.85516, -7.682772 ], [ 110.855112, -7.682736 ], [ 110.855073, -7.682665 ], [ 110.855042, -7.682619 ], [ 110.855014, -7.682552 ], [ 110.854978, -7.682518 ], [ 110.854915, -7.682511 ], [ 110.854841, -7.682516 ], [ 110.8548, -7.682535 ], [ 110.85475, -7.682588 ], [ 110.854707, -7.682628 ], [ 110.854644, -7.682667 ], [ 110.854572, -7.682667 ], [ 110.85445, -7.682664 ], [ 110.85438, -7.682636 ], [ 110.854342, -7.682602 ], [ 110.854316, -7.682552 ], [ 110.854306, -7.68242 ], [ 110.854275, -7.682355 ], [ 110.854239, -7.682322 ], [ 110.854169, -7.6823 ], [ 110.854107, -7.682262 ], [ 110.854049, -7.682231 ], [ 110.854033, -7.6822 ], [ 110.854008, -7.682146 ], [ 110.854001, -7.682124 ], [ 110.853992, -7.682095 ], [ 110.853963, -7.681998 ], [ 110.853917, -7.681937 ], [ 110.853861, -7.681912 ], [ 110.853807, -7.681901 ], [ 110.853754, -7.681905 ], [ 110.853726, -7.681923 ], [ 110.853709, -7.681965 ], [ 110.853702, -7.68202 ], [ 110.853688, -7.682084 ], [ 110.853667, -7.682117 ], [ 110.853641, -7.682144 ], [ 110.853618, -7.682154 ], [ 110.853595, -7.682153 ], [ 110.853549, -7.682123 ], [ 110.853481, -7.682078 ], [ 110.853429, -7.682041 ], [ 110.853385, -7.682011 ], [ 110.853341, -7.681976 ], [ 110.853203, -7.681909 ], [ 110.853136, -7.681886 ], [ 110.853042, -7.681873 ], [ 110.852969, -7.681848 ], [ 110.852888, -7.681819 ], [ 110.852721, -7.681777 ], [ 110.852562, -7.681762 ], [ 110.852399, -7.681767 ], [ 110.852278, -7.681742 ], [ 110.852195, -7.681746 ], [ 110.852093, -7.681751 ], [ 110.852044, -7.681774 ], [ 110.851989, -7.681769 ], [ 110.851978, -7.681723 ], [ 110.851961, -7.681702 ], [ 110.85193, -7.681688 ], [ 110.85189, -7.68169 ], [ 110.851861, -7.681698 ], [ 110.851842, -7.681721 ], [ 110.851824, -7.681767 ], [ 110.851794, -7.681824 ], [ 110.851758, -7.681862 ], [ 110.85169, -7.681882 ], [ 110.851563, -7.68187 ], [ 110.851478, -7.68185 ], [ 110.851449, -7.681843 ], [ 110.851314, -7.681778 ], [ 110.851268, -7.681755 ], [ 110.851246, -7.681745 ], [ 110.851003, -7.681628 ], [ 110.850778, -7.68152 ], [ 110.850645, -7.681454 ], [ 110.850286, -7.681275 ], [ 110.850019, -7.681167 ], [ 110.850011, -7.681164 ], [ 110.849957, -7.68114 ], [ 110.849762, -7.681053 ], [ 110.849652, -7.681006 ], [ 110.849489, -7.680937 ], [ 110.849488, -7.680937 ], [ 110.84936, -7.680882 ], [ 110.849256, -7.680832 ], [ 110.849199, -7.680804 ], [ 110.849175, -7.680792 ], [ 110.849029, -7.680716 ], [ 110.849006, -7.680704 ], [ 110.84899, -7.680686 ], [ 110.848922, -7.680612 ], [ 110.848915, -7.680604 ], [ 110.848866, -7.680504 ], [ 110.848853, -7.680479 ], [ 110.848774, -7.680273 ], [ 110.848745, -7.680214 ], [ 110.848745, -7.680214 ], [ 110.848607, -7.679939 ], [ 110.848484, -7.679728 ], [ 110.848418, -7.679675 ], [ 110.848402, -7.679662 ], [ 110.848328, -7.679642 ], [ 110.848274, -7.679639 ], [ 110.848227, -7.679636 ], [ 110.848108, -7.679663 ], [ 110.84804, -7.679673 ], [ 110.847968, -7.679673 ], [ 110.847878, -7.679643 ], [ 110.847848, -7.67962 ], [ 110.84779, -7.679575 ], [ 110.847718, -7.679521 ], [ 110.847604, -7.679497 ], [ 110.847595, -7.679494 ], [ 110.847504, -7.67946 ], [ 110.847439, -7.679462 ], [ 110.847346, -7.679435 ], [ 110.847267, -7.679419 ], [ 110.847239, -7.679413 ], [ 110.84722, -7.679409 ], [ 110.847194, -7.679402 ], [ 110.847172, -7.679397 ], [ 110.847118, -7.679374 ], [ 110.847111, -7.679369 ], [ 110.847054, -7.679326 ], [ 110.847042, -7.679317 ], [ 110.847044, -7.67931 ], [ 110.847055, -7.67928 ], [ 110.847079, -7.679145 ], [ 110.847085, -7.679109 ], [ 110.847099, -7.679019 ], [ 110.847106, -7.678974 ], [ 110.847142, -7.678823 ], [ 110.847139, -7.678801 ], [ 110.847119, -7.67877 ], [ 110.847055, -7.67873 ], [ 110.846905, -7.678663 ], [ 110.846743, -7.678556 ], [ 110.846688, -7.678532 ], [ 110.846578, -7.678484 ], [ 110.846515, -7.678456 ], [ 110.846389, -7.678443 ], [ 110.846255, -7.678429 ], [ 110.846179, -7.678443 ], [ 110.845961, -7.678483 ], [ 110.845933, -7.67849 ], [ 110.845511, -7.678601 ], [ 110.845286, -7.678628 ], [ 110.845242, -7.678628 ], [ 110.845111, -7.678582 ], [ 110.845056, -7.678555 ], [ 110.84482, -7.678438 ], [ 110.844641, -7.67828 ], [ 110.84425, -7.677935 ], [ 110.84403, -7.677741 ], [ 110.843877, -7.677571 ], [ 110.843418, -7.677062 ], [ 110.84302, -7.676673 ], [ 110.842985, -7.676654 ], [ 110.842785, -7.676546 ], [ 110.842645, -7.676573 ], [ 110.842485, -7.676649 ], [ 110.842375, -7.6767 ], [ 110.842204, -7.676852 ], [ 110.842183, -7.676822 ], [ 110.842142, -7.676765 ], [ 110.842139, -7.67676 ], [ 110.842018, -7.67659 ], [ 110.841906, -7.676461 ], [ 110.841784, -7.676321 ], [ 110.841683, -7.67622 ], [ 110.841499, -7.676039 ], [ 110.841403, -7.675943 ], [ 110.841379, -7.675919 ], [ 110.841361, -7.675901 ], [ 110.841312, -7.675851 ], [ 110.841262, -7.675802 ], [ 110.841258, -7.675798 ], [ 110.841119, -7.675659 ], [ 110.840903, -7.675429 ], [ 110.840817, -7.675332 ], [ 110.84069, -7.675186 ], [ 110.840654, -7.67514 ], [ 110.840617, -7.675092 ], [ 110.840558, -7.675016 ], [ 110.840493, -7.674918 ], [ 110.840426, -7.674818 ], [ 110.840338, -7.674651 ], [ 110.840282, -7.674546 ], [ 110.840179, -7.674329 ], [ 110.840166, -7.674303 ], [ 110.840043, -7.674043 ], [ 110.84001, -7.673941 ], [ 110.839981, -7.67385 ], [ 110.839917, -7.673648 ], [ 110.839917, -7.673647 ], [ 110.839768, -7.6732 ], [ 110.839737, -7.673107 ], [ 110.839667, -7.672912 ], [ 110.83966, -7.67289 ], [ 110.839654, -7.672888 ], [ 110.839598, -7.672872 ], [ 110.839512, -7.672847 ], [ 110.83936, -7.672808 ], [ 110.839322, -7.672801 ], [ 110.839161, -7.672769 ], [ 110.839132, -7.672764 ], [ 110.839116, -7.672707 ], [ 110.839085, -7.672706 ], [ 110.839026, -7.672705 ], [ 110.838765, -7.672697 ], [ 110.838734, -7.672777 ], [ 110.838611, -7.673093 ], [ 110.838589, -7.673149 ], [ 110.838413, -7.673533 ], [ 110.838711, -7.673602 ], [ 110.838723, -7.673618 ], [ 110.838678, -7.673714 ], [ 110.838631, -7.673795 ], [ 110.838604, -7.673842 ], [ 110.838583, -7.673879 ], [ 110.838506, -7.674013 ], [ 110.838471, -7.674072 ], [ 110.838444, -7.674119 ], [ 110.838211, -7.674049 ], [ 110.838138, -7.674027 ], [ 110.838084, -7.674013 ], [ 110.838061, -7.674007 ], [ 110.837781, -7.673939 ], [ 110.837638, -7.673908 ], [ 110.837592, -7.673899 ], [ 110.837539, -7.673886 ], [ 110.837408, -7.673854 ], [ 110.837387, -7.673847 ], [ 110.837328, -7.673827 ], [ 110.837414, -7.673649 ], [ 110.837479, -7.673525 ], [ 110.837566, -7.673356 ], [ 110.837567, -7.673355 ], [ 110.837627, -7.673237 ], [ 110.837761, -7.672987 ], [ 110.837907, -7.672713 ], [ 110.838016, -7.672517 ], [ 110.838084, -7.672394 ], [ 110.838122, -7.672326 ], [ 110.83817, -7.672233 ], [ 110.838304, -7.671978 ], [ 110.838469, -7.671674 ], [ 110.838495, -7.671626 ], [ 110.838535, -7.671525 ], [ 110.838542, -7.67147 ], [ 110.838531, -7.671423 ], [ 110.838489, -7.671388 ], [ 110.83844, -7.671368 ], [ 110.83837, -7.671348 ], [ 110.838208, -7.671301 ], [ 110.838195, -7.671298 ], [ 110.838091, -7.671279 ], [ 110.837907, -7.671247 ], [ 110.83778, -7.671242 ], [ 110.837764, -7.671241 ], [ 110.837641, -7.671234 ], [ 110.837562, -7.671224 ], [ 110.837454, -7.6712 ], [ 110.837347, -7.671168 ], [ 110.837145, -7.671096 ], [ 110.83698, -7.671042 ], [ 110.836952, -7.671031 ], [ 110.836809, -7.670978 ], [ 110.836666, -7.670924 ], [ 110.836411, -7.67083 ], [ 110.836037, -7.67069 ], [ 110.836, -7.670675 ], [ 110.835709, -7.67056 ], [ 110.835651, -7.670541 ], [ 110.835425, -7.670464 ], [ 110.835423, -7.670463 ], [ 110.835245, -7.670397 ], [ 110.834954, -7.67029 ], [ 110.834906, -7.670272 ], [ 110.834741, -7.670202 ], [ 110.834583, -7.670135 ], [ 110.834567, -7.670208 ], [ 110.834543, -7.670263 ], [ 110.834484, -7.670399 ], [ 110.834438, -7.670547 ], [ 110.83438, -7.67073 ], [ 110.834234, -7.671107 ], [ 110.834186, -7.671233 ], [ 110.83406, -7.671218 ], [ 110.833995, -7.671203 ], [ 110.833928, -7.671182 ], [ 110.8339, -7.671176 ], [ 110.833875, -7.671172 ], [ 110.833813, -7.671151 ], [ 110.833765, -7.671107 ], [ 110.833693, -7.671088 ], [ 110.833597, -7.671043 ], [ 110.833518, -7.671009 ], [ 110.833434, -7.670976 ], [ 110.833325, -7.670893 ], [ 110.833238, -7.670853 ], [ 110.833214, -7.670842 ], [ 110.833241, -7.670787 ], [ 110.833694, -7.66985 ], [ 110.833829, -7.669606 ], [ 110.833953, -7.668917 ], [ 110.834016, -7.668567 ], [ 110.83405, -7.668423 ], [ 110.834107, -7.668182 ], [ 110.834125, -7.668106 ], [ 110.834157, -7.667921 ], [ 110.834173, -7.667864 ], [ 110.8339, -7.667824 ], [ 110.833568, -7.667765 ], [ 110.832758, -7.667619 ], [ 110.830579, -7.667228 ], [ 110.830702, -7.666513 ], [ 110.830726, -7.66636 ], [ 110.83074, -7.666271 ], [ 110.830451, -7.666212 ], [ 110.829266, -7.665968 ], [ 110.829295, -7.665888 ], [ 110.82936, -7.665714 ], [ 110.829828, -7.664484 ], [ 110.830017, -7.663966 ], [ 110.830185, -7.663506 ], [ 110.83025, -7.663326 ], [ 110.830291, -7.663279 ], [ 110.830305, -7.663263 ], [ 110.830447, -7.662964 ], [ 110.830583, -7.662578 ], [ 110.830712, -7.662213 ], [ 110.831327, -7.660631 ], [ 110.831515, -7.660169 ], [ 110.831763, -7.65952 ], [ 110.8319, -7.65916 ], [ 110.831981, -7.658948 ], [ 110.831996, -7.658914 ], [ 110.832108, -7.658657 ], [ 110.832241, -7.658697 ], [ 110.832305, -7.658698 ], [ 110.832369, -7.658673 ], [ 110.832449, -7.658666 ], [ 110.832548, -7.658698 ], [ 110.83266, -7.658734 ], [ 110.832731, -7.658692 ], [ 110.832813, -7.658637 ], [ 110.83288, -7.658507 ], [ 110.832942, -7.658401 ], [ 110.833008, -7.658258 ], [ 110.832975, -7.658193 ], [ 110.832914, -7.658128 ], [ 110.832839, -7.658016 ], [ 110.832816, -7.65798 ], [ 110.832962, -7.657579 ], [ 110.832973, -7.657546 ], [ 110.833088, -7.65721 ], [ 110.833134, -7.657076 ], [ 110.833095, -7.657056 ], [ 110.833168, -7.656854 ], [ 110.833183, -7.656811 ], [ 110.833297, -7.656497 ], [ 110.833789, -7.655214 ], [ 110.833869, -7.654896 ], [ 110.833877, -7.654863 ], [ 110.833881, -7.654845 ], [ 110.8339, -7.65477 ], [ 110.833887, -7.654727 ], [ 110.833884, -7.654713 ], [ 110.833841, -7.65472 ], [ 110.833703, -7.654741 ], [ 110.833522, -7.654662 ], [ 110.833382, -7.6546 ], [ 110.833129, -7.654487 ], [ 110.832703, -7.654293 ], [ 110.832674, -7.654279 ], [ 110.832392, -7.654164 ], [ 110.83225, -7.654108 ], [ 110.832085, -7.653548 ], [ 110.832004, -7.653302 ], [ 110.831941, -7.653111 ], [ 110.831836, -7.652794 ], [ 110.831823, -7.652756 ], [ 110.831823, -7.652755 ], [ 110.8317, -7.652715 ], [ 110.83156, -7.652671 ], [ 110.83155, -7.652668 ], [ 110.831512, -7.65266 ], [ 110.831594, -7.652416 ], [ 110.831696, -7.652113 ], [ 110.831756, -7.651932 ], [ 110.831817, -7.651759 ], [ 110.831839, -7.651687 ], [ 110.831834, -7.651686 ], [ 110.83179, -7.65167 ], [ 110.831654, -7.651623 ], [ 110.831543, -7.651585 ], [ 110.831237, -7.651474 ], [ 110.831047, -7.651405 ], [ 110.831029, -7.651398 ], [ 110.831042, -7.651364 ], [ 110.831072, -7.651286 ], [ 110.83114, -7.651134 ], [ 110.831268, -7.65085 ], [ 110.831271, -7.650842 ], [ 110.831529, -7.650258 ], [ 110.831682, -7.649926 ], [ 110.831746, -7.649788 ], [ 110.831807, -7.649655 ], [ 110.831887, -7.649483 ], [ 110.831931, -7.649387 ], [ 110.831909, -7.649324 ], [ 110.831681, -7.648717 ], [ 110.831604, -7.64851 ], [ 110.83131, -7.647725 ], [ 110.831231, -7.647514 ], [ 110.83122, -7.647484 ], [ 110.831205, -7.647442 ], [ 110.831202, -7.647433 ], [ 110.830879, -7.646536 ], [ 110.830743, -7.646157 ], [ 110.830601, -7.645759 ], [ 110.830564, -7.645651 ], [ 110.830764, -7.645696 ], [ 110.830779, -7.645701 ], [ 110.830961, -7.64577 ], [ 110.831159, -7.645845 ], [ 110.831173, -7.645812 ], [ 110.831186, -7.645816 ], [ 110.831236, -7.645833 ], [ 110.831407, -7.645905 ], [ 110.831722, -7.646037 ], [ 110.832014, -7.64616 ], [ 110.832942, -7.64652 ], [ 110.83341, -7.646713 ], [ 110.83382, -7.646929 ], [ 110.834349, -7.647141 ], [ 110.834373, -7.647151 ], [ 110.834411, -7.647073 ], [ 110.834557, -7.646754 ], [ 110.834649, -7.646553 ], [ 110.834761, -7.64626 ], [ 110.83513, -7.645503 ], [ 110.835267, -7.645265 ], [ 110.83531, -7.645356 ], [ 110.83534, -7.645426 ], [ 110.835368, -7.645496 ], [ 110.835394, -7.645583 ], [ 110.835431, -7.645712 ], [ 110.835453, -7.645788 ], [ 110.83546, -7.645809 ], [ 110.835502, -7.645878 ], [ 110.83553, -7.645929 ], [ 110.835565, -7.646008 ], [ 110.835576, -7.646036 ], [ 110.835585, -7.646111 ], [ 110.8356, -7.64621 ], [ 110.835618, -7.646317 ], [ 110.835652, -7.646418 ], [ 110.835687, -7.6465 ], [ 110.835728, -7.646576 ], [ 110.835759, -7.646604 ], [ 110.835846, -7.646664 ], [ 110.835882, -7.646696 ], [ 110.835951, -7.646788 ], [ 110.835975, -7.646834 ], [ 110.836021, -7.646927 ], [ 110.836038, -7.646994 ], [ 110.836063, -7.647091 ], [ 110.836086, -7.647196 ], [ 110.836171, -7.647408 ], [ 110.836197, -7.647582 ], [ 110.836213, -7.647706 ], [ 110.836229, -7.647878 ], [ 110.83624, -7.647883 ], [ 110.83706, -7.648229 ], [ 110.837208, -7.648291 ], [ 110.837999, -7.648609 ], [ 110.83853, -7.648827 ], [ 110.838785, -7.648932 ], [ 110.838891, -7.648974 ], [ 110.839963, -7.649402 ], [ 110.84008, -7.649448 ], [ 110.840762, -7.649715 ], [ 110.840901, -7.649773 ], [ 110.841534, -7.650032 ], [ 110.841822, -7.650156 ], [ 110.842628, -7.650506 ], [ 110.843553, -7.650881 ], [ 110.843558, -7.650863 ], [ 110.843575, -7.650803 ], [ 110.84361, -7.6507 ], [ 110.84364, -7.650615 ], [ 110.843667, -7.650537 ], [ 110.843908, -7.649844 ], [ 110.84414, -7.649129 ], [ 110.844459, -7.648162 ], [ 110.844594, -7.6478 ], [ 110.844787, -7.64733 ], [ 110.845162, -7.646579 ], [ 110.845571, -7.645828 ], [ 110.846109, -7.644741 ], [ 110.846511, -7.643929 ], [ 110.846537, -7.643875 ], [ 110.846691, -7.643513 ], [ 110.847119, -7.642711 ], [ 110.847366, -7.642287 ], [ 110.847628, -7.64223 ], [ 110.847857, -7.642149 ], [ 110.848042, -7.642083 ], [ 110.849024, -7.64165 ], [ 110.850287, -7.641031 ], [ 110.851545, -7.640466 ], [ 110.852139, -7.640142 ], [ 110.8535, -7.639608 ], [ 110.853551, -7.639721 ], [ 110.853648, -7.639782 ], [ 110.853814, -7.639861 ], [ 110.853864, -7.639951 ], [ 110.853806, -7.640098 ], [ 110.853724, -7.640234 ], [ 110.853569, -7.64031 ], [ 110.853292, -7.640496 ], [ 110.853177, -7.640607 ], [ 110.853141, -7.640733 ], [ 110.853177, -7.640862 ], [ 110.85322, -7.640963 ], [ 110.853464, -7.641157 ], [ 110.853745, -7.641351 ], [ 110.854011, -7.641473 ] ] ] } },
{ "type": "Feature", "properties": { "KAB": "KAB SUKOHARJO", "KEC": "KEC. POLOKARTO", "Sumber": "RTRW Kab. Sukoharjo & Verifikasi Desa", "Tahun": "2014", "Label": "Kec. Polokarto", "Luas": 6688.9243114000001 }, "geometry": { "type": "Polygon", "coordinates": [ [ [ 110.854918, -7.609932 ], [ 110.855103, -7.609997 ], [ 110.855264, -7.610068 ], [ 110.855467, -7.61015 ], [ 110.85574, -7.61026 ], [ 110.856066, -7.610363 ], [ 110.856442, -7.610419 ], [ 110.856595, -7.610432 ], [ 110.85676, -7.61044 ], [ 110.857035, -7.610444 ], [ 110.857204, -7.610455 ], [ 110.857323, -7.610507 ], [ 110.857547, -7.610547 ], [ 110.85773, -7.610573 ], [ 110.857749, -7.610576 ], [ 110.857802, -7.610605 ], [ 110.857809, -7.61061 ], [ 110.857808, -7.610619 ], [ 110.857805, -7.61063 ], [ 110.857784, -7.610734 ], [ 110.857778, -7.610762 ], [ 110.857752, -7.610886 ], [ 110.857748, -7.610903 ], [ 110.857685, -7.611205 ], [ 110.857676, -7.611249 ], [ 110.857615, -7.611539 ], [ 110.857544, -7.611877 ], [ 110.857501, -7.612085 ], [ 110.857499, -7.612091 ], [ 110.857492, -7.612126 ], [ 110.857467, -7.612244 ], [ 110.857327, -7.612916 ], [ 110.857245, -7.613304 ], [ 110.857186, -7.613588 ], [ 110.857165, -7.613684 ], [ 110.856962, -7.614639 ], [ 110.856776, -7.615508 ], [ 110.856744, -7.615659 ], [ 110.856713, -7.615772 ], [ 110.856581, -7.616427 ], [ 110.856564, -7.616512 ], [ 110.856554, -7.616561 ], [ 110.856434, -7.617142 ], [ 110.856344, -7.617581 ], [ 110.856287, -7.617873 ], [ 110.856166, -7.618491 ], [ 110.856137, -7.618638 ], [ 110.856137, -7.618643 ], [ 110.856096, -7.61885 ], [ 110.856056, -7.619054 ], [ 110.855969, -7.61949 ], [ 110.855772, -7.620409 ], [ 110.855755, -7.620489 ], [ 110.855691, -7.620786 ], [ 110.855689, -7.620795 ], [ 110.855615, -7.621131 ], [ 110.855602, -7.62119 ], [ 110.855554, -7.621408 ], [ 110.85556, -7.621416 ], [ 110.855569, -7.621429 ], [ 110.855568, -7.621434 ], [ 110.855609, -7.621446 ], [ 110.85571, -7.621446 ], [ 110.85582, -7.621475 ], [ 110.855911, -7.621528 ], [ 110.856038, -7.621566 ], [ 110.856151, -7.621583 ], [ 110.856391, -7.621552 ], [ 110.856592, -7.621514 ], [ 110.856681, -7.621542 ], [ 110.856727, -7.621605 ], [ 110.856703, -7.621652 ], [ 110.856624, -7.621722 ], [ 110.856602, -7.621786 ], [ 110.856607, -7.621904 ], [ 110.856662, -7.621973 ], [ 110.856801, -7.621999 ], [ 110.856967, -7.622016 ], [ 110.857134, -7.622016 ], [ 110.857228, -7.622064 ], [ 110.857322, -7.622198 ], [ 110.857405, -7.622272 ], [ 110.857547, -7.622332 ], [ 110.85777, -7.622395 ], [ 110.858019, -7.622471 ], [ 110.858163, -7.622502 ], [ 110.85825, -7.62256 ], [ 110.858274, -7.622637 ], [ 110.85829, -7.622716 ], [ 110.858343, -7.622742 ], [ 110.858418, -7.622773 ], [ 110.858514, -7.622811 ], [ 110.858585, -7.622857 ], [ 110.858619, -7.622919 ], [ 110.858725, -7.623027 ], [ 110.859142, -7.623223 ], [ 110.859936, -7.623556 ], [ 110.860442, -7.623733 ], [ 110.860696, -7.62381 ], [ 110.860864, -7.623868 ], [ 110.860906, -7.623939 ], [ 110.860863, -7.624194 ], [ 110.861371, -7.624209 ], [ 110.863824, -7.62436 ], [ 110.865868, -7.624465 ], [ 110.868401, -7.624613 ], [ 110.869634, -7.624691 ], [ 110.869819, -7.624703 ], [ 110.869819, -7.624699 ], [ 110.869836, -7.624706 ], [ 110.869866, -7.624426 ], [ 110.869879, -7.624302 ], [ 110.869918, -7.624102 ], [ 110.870425, -7.624134 ], [ 110.870622, -7.624147 ], [ 110.870654, -7.624145 ], [ 110.870721, -7.624141 ], [ 110.870696, -7.624069 ], [ 110.870677, -7.623996 ], [ 110.870663, -7.623921 ], [ 110.870656, -7.623853 ], [ 110.870655, -7.623845 ], [ 110.870658, -7.623832 ], [ 110.870688, -7.623707 ], [ 110.870768, -7.623518 ], [ 110.870813, -7.623411 ], [ 110.870816, -7.623406 ], [ 110.870955, -7.623229 ], [ 110.871153, -7.623118 ], [ 110.871227, -7.62309 ], [ 110.871302, -7.623068 ], [ 110.87138, -7.623053 ], [ 110.871425, -7.623047 ], [ 110.871458, -7.623044 ], [ 110.871536, -7.623041 ], [ 110.871615, -7.623045 ], [ 110.871657, -7.623051 ], [ 110.871693, -7.623055 ], [ 110.87177, -7.623072 ], [ 110.871845, -7.623095 ], [ 110.871918, -7.623124 ], [ 110.87211, -7.623259 ], [ 110.872206, -7.623345 ], [ 110.872319, -7.623447 ], [ 110.872557, -7.62366 ], [ 110.87267, -7.623743 ], [ 110.872724, -7.623783 ], [ 110.87324, -7.623968 ], [ 110.873588, -7.623998 ], [ 110.873779, -7.624076 ], [ 110.873786, -7.624079 ], [ 110.873998, -7.624243 ], [ 110.87405, -7.624283 ], [ 110.874079, -7.624296 ], [ 110.874109, -7.624304 ], [ 110.874141, -7.624307 ], [ 110.874144, -7.624307 ], [ 110.874173, -7.624305 ], [ 110.874203, -7.624297 ], [ 110.874233, -7.624285 ], [ 110.874259, -7.624268 ], [ 110.874283, -7.624247 ], [ 110.874303, -7.624222 ], [ 110.874318, -7.624194 ], [ 110.874329, -7.624164 ], [ 110.874335, -7.624133 ], [ 110.874347, -7.623867 ], [ 110.874351, -7.623835 ], [ 110.874361, -7.623805 ], [ 110.874376, -7.623777 ], [ 110.874395, -7.623751 ], [ 110.874418, -7.623729 ], [ 110.874444, -7.623712 ], [ 110.874473, -7.623698 ], [ 110.874504, -7.62369 ], [ 110.874536, -7.623687 ], [ 110.874567, -7.623689 ], [ 110.874599, -7.623696 ], [ 110.874765, -7.623769 ], [ 110.874795, -7.623789 ], [ 110.875, -7.624008 ], [ 110.875131, -7.624125 ], [ 110.875264, -7.624244 ], [ 110.875381, -7.624327 ], [ 110.875422, -7.624357 ], [ 110.875528, -7.624433 ], [ 110.875564, -7.624448 ], [ 110.875845, -7.624571 ], [ 110.875885, -7.624588 ], [ 110.876304, -7.624639 ], [ 110.876382, -7.624648 ], [ 110.876464, -7.624661 ], [ 110.876546, -7.624667 ], [ 110.876629, -7.624666 ], [ 110.876711, -7.624658 ], [ 110.876792, -7.624643 ], [ 110.876831, -7.624633 ], [ 110.876872, -7.624622 ], [ 110.87695, -7.624594 ], [ 110.877025, -7.624559 ], [ 110.877097, -7.624519 ], [ 110.877165, -7.624473 ], [ 110.877229, -7.624421 ], [ 110.877289, -7.624364 ], [ 110.877344, -7.624302 ], [ 110.877348, -7.624296 ], [ 110.877393, -7.624236 ], [ 110.877444, -7.623928 ], [ 110.877449, -7.623884 ], [ 110.877449, -7.623879 ], [ 110.87746, -7.623832 ], [ 110.877478, -7.623786 ], [ 110.877501, -7.623743 ], [ 110.87753, -7.623704 ], [ 110.877564, -7.623669 ], [ 110.877602, -7.623638 ], [ 110.877643, -7.623613 ], [ 110.877688, -7.623593 ], [ 110.877735, -7.623579 ], [ 110.877783, -7.623572 ], [ 110.878248, -7.623524 ], [ 110.878395, -7.623531 ], [ 110.878476, -7.623536 ], [ 110.878542, -7.623539 ], [ 110.878595, -7.62355 ], [ 110.878648, -7.623567 ], [ 110.878698, -7.62359 ], [ 110.878745, -7.623618 ], [ 110.878768, -7.623635 ], [ 110.878789, -7.62365 ], [ 110.878829, -7.623688 ], [ 110.878847, -7.623709 ], [ 110.878865, -7.62373 ], [ 110.878896, -7.623775 ], [ 110.878922, -7.623823 ], [ 110.878944, -7.624015 ], [ 110.878968, -7.624233 ], [ 110.878969, -7.624242 ], [ 110.878982, -7.624359 ], [ 110.878974, -7.624407 ], [ 110.878911, -7.624784 ], [ 110.878898, -7.624857 ], [ 110.878886, -7.62493 ], [ 110.878875, -7.62495 ], [ 110.878873, -7.624954 ], [ 110.878853, -7.624989 ], [ 110.878616, -7.62541 ], [ 110.878505, -7.625609 ], [ 110.878442, -7.62572 ], [ 110.878415, -7.625764 ], [ 110.878394, -7.62581 ], [ 110.878378, -7.625859 ], [ 110.878369, -7.62591 ], [ 110.878366, -7.625961 ], [ 110.878369, -7.626012 ], [ 110.878378, -7.626062 ], [ 110.878392, -7.626106 ], [ 110.878394, -7.626111 ], [ 110.878415, -7.626158 ], [ 110.878442, -7.626202 ], [ 110.878552, -7.626274 ], [ 110.878616, -7.626315 ], [ 110.878853, -7.626348 ], [ 110.878873, -7.62635 ], [ 110.878941, -7.626355 ], [ 110.87903, -7.626355 ], [ 110.879119, -7.626348 ], [ 110.879206, -7.626334 ], [ 110.879272, -7.626318 ], [ 110.879293, -7.626313 ], [ 110.879377, -7.626285 ], [ 110.879414, -7.62627 ], [ 110.879459, -7.626251 ], [ 110.879538, -7.62621 ], [ 110.879558, -7.626197 ], [ 110.879613, -7.626163 ], [ 110.879684, -7.62611 ], [ 110.879751, -7.626051 ], [ 110.879813, -7.625988 ], [ 110.879869, -7.625919 ], [ 110.8799, -7.625876 ], [ 110.87992, -7.625847 ], [ 110.879965, -7.62577 ], [ 110.880004, -7.62569 ], [ 110.880012, -7.625669 ], [ 110.880039, -7.625598 ], [ 110.880061, -7.625523 ], [ 110.880083, -7.625121 ], [ 110.880088, -7.625011 ], [ 110.880111, -7.624941 ], [ 110.88013, -7.624881 ], [ 110.880145, -7.624832 ], [ 110.880327, -7.624409 ], [ 110.880447, -7.624249 ], [ 110.880553, -7.624146 ], [ 110.880567, -7.624135 ], [ 110.880624, -7.624098 ], [ 110.880683, -7.624066 ], [ 110.880746, -7.62404 ], [ 110.88081, -7.62402 ], [ 110.880877, -7.624007 ], [ 110.880944, -7.624 ], [ 110.881011, -7.623999 ], [ 110.881079, -7.624005 ], [ 110.881094, -7.624008 ], [ 110.881145, -7.624017 ], [ 110.88121, -7.624036 ], [ 110.881273, -7.624061 ], [ 110.881333, -7.624091 ], [ 110.88139, -7.624128 ], [ 110.881405, -7.624139 ], [ 110.881444, -7.624169 ], [ 110.881493, -7.624216 ], [ 110.881537, -7.624267 ], [ 110.881631, -7.624344 ], [ 110.881653, -7.624362 ], [ 110.881711, -7.624409 ], [ 110.881786, -7.62447 ], [ 110.881825, -7.624489 ], [ 110.881834, -7.624492 ], [ 110.881868, -7.624502 ], [ 110.881911, -7.624509 ], [ 110.881955, -7.624509 ], [ 110.881999, -7.624503 ], [ 110.882041, -7.624491 ], [ 110.882081, -7.624473 ], [ 110.882118, -7.624449 ], [ 110.882151, -7.62442 ], [ 110.88218, -7.624386 ], [ 110.882201, -7.624352 ], [ 110.882203, -7.624349 ], [ 110.882221, -7.624309 ], [ 110.882247, -7.624262 ], [ 110.88228, -7.62422 ], [ 110.882317, -7.624181 ], [ 110.882359, -7.624148 ], [ 110.882405, -7.62412 ], [ 110.882454, -7.624098 ], [ 110.882506, -7.624083 ], [ 110.882559, -7.624074 ], [ 110.882612, -7.624072 ], [ 110.882666, -7.624076 ], [ 110.882718, -7.624088 ], [ 110.882809, -7.624096 ], [ 110.882899, -7.624109 ], [ 110.882942, -7.624118 ], [ 110.882988, -7.624127 ], [ 110.883053, -7.624144 ], [ 110.883076, -7.62415 ], [ 110.883162, -7.624177 ], [ 110.883255, -7.624223 ], [ 110.883345, -7.624274 ], [ 110.883431, -7.624331 ], [ 110.883514, -7.624393 ], [ 110.883593, -7.62446 ], [ 110.883667, -7.624532 ], [ 110.883736, -7.624608 ], [ 110.883801, -7.624689 ], [ 110.883823, -7.624723 ], [ 110.883862, -7.624785 ], [ 110.883915, -7.624778 ], [ 110.883973, -7.62477 ], [ 110.884103, -7.624786 ], [ 110.884142, -7.624778 ], [ 110.884288, -7.624746 ], [ 110.88442, -7.624672 ], [ 110.884532, -7.624349 ], [ 110.884547, -7.624224 ], [ 110.884547, -7.624224 ], [ 110.884543, -7.624211 ], [ 110.884542, -7.624196 ], [ 110.884543, -7.624182 ], [ 110.884571, -7.623997 ], [ 110.884577, -7.623973 ], [ 110.884584, -7.623913 ], [ 110.884595, -7.623839 ], [ 110.884605, -7.623777 ], [ 110.884689, -7.623285 ], [ 110.884702, -7.623207 ], [ 110.884791, -7.622689 ], [ 110.884807, -7.622597 ], [ 110.884867, -7.622289 ], [ 110.88489, -7.622173 ], [ 110.884897, -7.622137 ], [ 110.884925, -7.621997 ], [ 110.884937, -7.621943 ], [ 110.885026, -7.621728 ], [ 110.885046, -7.621678 ], [ 110.885105, -7.621535 ], [ 110.885106, -7.621533 ], [ 110.885171, -7.621436 ], [ 110.885242, -7.621324 ], [ 110.885313, -7.621216 ], [ 110.88534, -7.621176 ], [ 110.885568, -7.620828 ], [ 110.885564, -7.620824 ], [ 110.885522, -7.620786 ], [ 110.88535, -7.620629 ], [ 110.885335, -7.620615 ], [ 110.885129, -7.620427 ], [ 110.885118, -7.620418 ], [ 110.884897, -7.620309 ], [ 110.884698, -7.620222 ], [ 110.884591, -7.620168 ], [ 110.884355, -7.620047 ], [ 110.884029, -7.619881 ], [ 110.883741, -7.619734 ], [ 110.883717, -7.61972 ], [ 110.883664, -7.61969 ], [ 110.883585, -7.619651 ], [ 110.883503, -7.619618 ], [ 110.883419, -7.61959 ], [ 110.883361, -7.619577 ], [ 110.883321, -7.619563 ], [ 110.883305, -7.619557 ], [ 110.883251, -7.619531 ], [ 110.883201, -7.619499 ], [ 110.883155, -7.619461 ], [ 110.883061, -7.619357 ], [ 110.883013, -7.619305 ], [ 110.882997, -7.619284 ], [ 110.882969, -7.619253 ], [ 110.882952, -7.619237 ], [ 110.882918, -7.6192 ], [ 110.882869, -7.619159 ], [ 110.882855, -7.619149 ], [ 110.882817, -7.619123 ], [ 110.88277, -7.619097 ], [ 110.882756, -7.61909 ], [ 110.88272, -7.619076 ], [ 110.882701, -7.619068 ], [ 110.88264, -7.619051 ], [ 110.882597, -7.619043 ], [ 110.882577, -7.619039 ], [ 110.88212, -7.618959 ], [ 110.881823, -7.618906 ], [ 110.881792, -7.618901 ], [ 110.881752, -7.618894 ], [ 110.881723, -7.618888 ], [ 110.881687, -7.61888 ], [ 110.881499, -7.61884 ], [ 110.880844, -7.618697 ], [ 110.880699, -7.618666 ], [ 110.880583, -7.618639 ], [ 110.880115, -7.61853 ], [ 110.880058, -7.618517 ], [ 110.880007, -7.618505 ], [ 110.879874, -7.618474 ], [ 110.879816, -7.618461 ], [ 110.879816, -7.618455 ], [ 110.879833, -7.618417 ], [ 110.879908, -7.618373 ], [ 110.880069, -7.618226 ], [ 110.880159, -7.617984 ], [ 110.880274, -7.617638 ], [ 110.88035, -7.617133 ], [ 110.880353, -7.617031 ], [ 110.880323, -7.616535 ], [ 110.880106, -7.61651 ], [ 110.88005, -7.616489 ], [ 110.880002, -7.616454 ], [ 110.879873, -7.616393 ], [ 110.879609, -7.61633 ], [ 110.879278, -7.616294 ], [ 110.879282, -7.616275 ], [ 110.879296, -7.616206 ], [ 110.87933, -7.616028 ], [ 110.87945, -7.615398 ], [ 110.8796, -7.614759 ], [ 110.879612, -7.614707 ], [ 110.879641, -7.614547 ], [ 110.879729, -7.614067 ], [ 110.879737, -7.614009 ], [ 110.879752, -7.613899 ], [ 110.879757, -7.613861 ], [ 110.879837, -7.613274 ], [ 110.879963, -7.612512 ], [ 110.879989, -7.612516 ], [ 110.88027, -7.612608 ], [ 110.88037, -7.612611 ], [ 110.880463, -7.612599 ], [ 110.880614, -7.612601 ], [ 110.880842, -7.612656 ], [ 110.881237, -7.612745 ], [ 110.881266, -7.612633 ], [ 110.88135, -7.612324 ], [ 110.881381, -7.612073 ], [ 110.881395, -7.611884 ], [ 110.881357, -7.611778 ], [ 110.881086, -7.611663 ], [ 110.881211, -7.611142 ], [ 110.881261, -7.610931 ], [ 110.881412, -7.610949 ], [ 110.881577, -7.610969 ], [ 110.882144, -7.61104 ], [ 110.882324, -7.611062 ], [ 110.882549, -7.61109 ], [ 110.883005, -7.611151 ], [ 110.883418, -7.611206 ], [ 110.883836, -7.611262 ], [ 110.884174, -7.611307 ], [ 110.884352, -7.611331 ], [ 110.884641, -7.61137 ], [ 110.884918, -7.611407 ], [ 110.885069, -7.611427 ], [ 110.885278, -7.611454 ], [ 110.885678, -7.611506 ], [ 110.886006, -7.611549 ], [ 110.886021, -7.611551 ], [ 110.886127, -7.61157 ], [ 110.886565, -7.611715 ], [ 110.886677, -7.611752 ], [ 110.88724, -7.611939 ], [ 110.887375, -7.611983 ], [ 110.887755, -7.612109 ], [ 110.887843, -7.612143 ], [ 110.888229, -7.61229 ], [ 110.888541, -7.612409 ], [ 110.888581, -7.612424 ], [ 110.889094, -7.612616 ], [ 110.889429, -7.612742 ], [ 110.889506, -7.612771 ], [ 110.889553, -7.61279 ], [ 110.889613, -7.612814 ], [ 110.889949, -7.612938 ], [ 110.890056, -7.612978 ], [ 110.890235, -7.613044 ], [ 110.890478, -7.613134 ], [ 110.89059, -7.613176 ], [ 110.890707, -7.61322 ], [ 110.890929, -7.613303 ], [ 110.890928, -7.613304 ], [ 110.89093, -7.613316 ], [ 110.891566, -7.613542 ], [ 110.89161, -7.613558 ], [ 110.892155, -7.613736 ], [ 110.892295, -7.613766 ], [ 110.892424, -7.61377 ], [ 110.89248, -7.613785 ], [ 110.892582, -7.61381 ], [ 110.89261, -7.613817 ], [ 110.893329, -7.613999 ], [ 110.89356, -7.614057 ], [ 110.893565, -7.614058 ], [ 110.893968, -7.61415 ], [ 110.894073, -7.614174 ], [ 110.894368, -7.614241 ], [ 110.894766, -7.614287 ], [ 110.894929, -7.614305 ], [ 110.894957, -7.614308 ], [ 110.895314, -7.614406 ], [ 110.895397, -7.614428 ], [ 110.895469, -7.614448 ], [ 110.895498, -7.614456 ], [ 110.895807, -7.614541 ], [ 110.89597, -7.614585 ], [ 110.896155, -7.614636 ], [ 110.896203, -7.614644 ], [ 110.896399, -7.614677 ], [ 110.896453, -7.614677 ], [ 110.89675, -7.614676 ], [ 110.89689, -7.614675 ], [ 110.89698, -7.614675 ], [ 110.897097, -7.61469 ], [ 110.897154, -7.614698 ], [ 110.897539, -7.61475 ], [ 110.897748, -7.614778 ], [ 110.897891, -7.614797 ], [ 110.898348, -7.614863 ], [ 110.898715, -7.614916 ], [ 110.898811, -7.61493 ], [ 110.89887, -7.614938 ], [ 110.899042, -7.614913 ], [ 110.899331, -7.61487 ], [ 110.899616, -7.614828 ], [ 110.89977, -7.61481 ], [ 110.90018, -7.614759 ], [ 110.900204, -7.614777 ], [ 110.900235, -7.614771 ], [ 110.900307, -7.614758 ], [ 110.900886, -7.614694 ], [ 110.900906, -7.614691 ], [ 110.90104, -7.614679 ], [ 110.901305, -7.614655 ], [ 110.90184, -7.61462 ], [ 110.901849, -7.61462 ], [ 110.902048, -7.61461 ], [ 110.902661, -7.614579 ], [ 110.902704, -7.614576 ], [ 110.903099, -7.614504 ], [ 110.903122, -7.6145 ], [ 110.903224, -7.614481 ], [ 110.903537, -7.614424 ], [ 110.903803, -7.614376 ], [ 110.903873, -7.614364 ], [ 110.90413, -7.614322 ], [ 110.904285, -7.614297 ], [ 110.904348, -7.614286 ], [ 110.904483, -7.614264 ], [ 110.904774, -7.614194 ], [ 110.904782, -7.614187 ], [ 110.9049, -7.614158 ], [ 110.905212, -7.614081 ], [ 110.905732, -7.613962 ], [ 110.905796, -7.613946 ], [ 110.906206, -7.61384 ], [ 110.906492, -7.613786 ], [ 110.90668, -7.613758 ], [ 110.90687, -7.613727 ], [ 110.907036, -7.613712 ], [ 110.907126, -7.613704 ], [ 110.907264, -7.613689 ], [ 110.907483, -7.613664 ], [ 110.90797, -7.613609 ], [ 110.908169, -7.613591 ], [ 110.908225, -7.613586 ], [ 110.908517, -7.613545 ], [ 110.908523, -7.613544 ], [ 110.908672, -7.61352 ], [ 110.908925, -7.61348 ], [ 110.909002, -7.613467 ], [ 110.909026, -7.613464 ], [ 110.90927, -7.613432 ], [ 110.909409, -7.613414 ], [ 110.909808, -7.613345 ], [ 110.910106, -7.613301 ], [ 110.91027, -7.613275 ], [ 110.910424, -7.613251 ], [ 110.910508, -7.613244 ], [ 110.910741, -7.613223 ], [ 110.910985, -7.613194 ], [ 110.911357, -7.613142 ], [ 110.911495, -7.613122 ], [ 110.911797, -7.613077 ], [ 110.912084, -7.613047 ], [ 110.912334, -7.613016 ], [ 110.912635, -7.61298 ], [ 110.913086, -7.612928 ], [ 110.913097, -7.612927 ], [ 110.913391, -7.612892 ], [ 110.913706, -7.612848 ], [ 110.914076, -7.612815 ], [ 110.9141, -7.612815 ], [ 110.91433, -7.61281 ], [ 110.914394, -7.612809 ], [ 110.914619, -7.612808 ], [ 110.914971, -7.612791 ], [ 110.915092, -7.612775 ], [ 110.915131, -7.612764 ], [ 110.915153, -7.612758 ], [ 110.91522, -7.612728 ], [ 110.915299, -7.612691 ], [ 110.91533, -7.612686 ], [ 110.915387, -7.612676 ], [ 110.915448, -7.612674 ], [ 110.915487, -7.612676 ], [ 110.915523, -7.612678 ], [ 110.915617, -7.612684 ], [ 110.915678, -7.612688 ], [ 110.91585, -7.612691 ], [ 110.916143, -7.612684 ], [ 110.916412, -7.612682 ], [ 110.916538, -7.612691 ], [ 110.916727, -7.61272 ], [ 110.916859, -7.612757 ], [ 110.917074, -7.612806 ], [ 110.917087, -7.612809 ], [ 110.917358, -7.612864 ], [ 110.917563, -7.612914 ], [ 110.917902, -7.613005 ], [ 110.917997, -7.613031 ], [ 110.91807, -7.613051 ], [ 110.918147, -7.613063 ], [ 110.9184, -7.613117 ], [ 110.918573, -7.613151 ], [ 110.918878, -7.613216 ], [ 110.919277, -7.613305 ], [ 110.919929, -7.613452 ], [ 110.920018, -7.613468 ], [ 110.9202, -7.613502 ], [ 110.920625, -7.613586 ], [ 110.920668, -7.613595 ], [ 110.921247, -7.613739 ], [ 110.921248, -7.613736 ], [ 110.921251, -7.613717 ], [ 110.92161, -7.613788 ], [ 110.922011, -7.613858 ], [ 110.922188, -7.613883 ], [ 110.922491, -7.613945 ], [ 110.922834, -7.613998 ], [ 110.922935, -7.614027 ], [ 110.922946, -7.61403 ], [ 110.923067, -7.614064 ], [ 110.923266, -7.614117 ], [ 110.92383, -7.614234 ], [ 110.924208, -7.614313 ], [ 110.924252, -7.614321 ], [ 110.924751, -7.61442 ], [ 110.925035, -7.614465 ], [ 110.925122, -7.614478 ], [ 110.925264, -7.6145 ], [ 110.925626, -7.614564 ], [ 110.925678, -7.614573 ], [ 110.925924, -7.614617 ], [ 110.9262, -7.614669 ], [ 110.926252, -7.614676 ], [ 110.926505, -7.614707 ], [ 110.926603, -7.614721 ], [ 110.926757, -7.614727 ], [ 110.926852, -7.614727 ], [ 110.92688, -7.614727 ], [ 110.927073, -7.614731 ], [ 110.927279, -7.614748 ], [ 110.927404, -7.614767 ], [ 110.927555, -7.614798 ], [ 110.92772, -7.61483 ], [ 110.927759, -7.614839 ], [ 110.927998, -7.614892 ], [ 110.928058, -7.614909 ], [ 110.928259, -7.61497 ], [ 110.928578, -7.615081 ], [ 110.928824, -7.615154 ], [ 110.929086, -7.615219 ], [ 110.929119, -7.615227 ], [ 110.929258, -7.615258 ], [ 110.929282, -7.615263 ], [ 110.929359, -7.615273 ], [ 110.929428, -7.615277 ], [ 110.929569, -7.615266 ], [ 110.929624, -7.615261 ], [ 110.929729, -7.615256 ], [ 110.929846, -7.615261 ], [ 110.929877, -7.615266 ], [ 110.929908, -7.615271 ], [ 110.92998, -7.61529 ], [ 110.930004, -7.615296 ], [ 110.930261, -7.615376 ], [ 110.930344, -7.615411 ], [ 110.930447, -7.615453 ], [ 110.930779, -7.61557 ], [ 110.931067, -7.615664 ], [ 110.931238, -7.615725 ], [ 110.931287, -7.615756 ], [ 110.931287, -7.615811 ], [ 110.931295, -7.615853 ], [ 110.931301, -7.615864 ], [ 110.931318, -7.615899 ], [ 110.931341, -7.615941 ], [ 110.931395, -7.615976 ], [ 110.931495, -7.616026 ], [ 110.931546, -7.616048 ], [ 110.931727, -7.616125 ], [ 110.931968, -7.616224 ], [ 110.932153, -7.61629 ], [ 110.932482, -7.616407 ], [ 110.932761, -7.616467 ], [ 110.932824, -7.61648 ], [ 110.932888, -7.616501 ], [ 110.932976, -7.616527 ], [ 110.933107, -7.616545 ], [ 110.933165, -7.616554 ], [ 110.933308, -7.616575 ], [ 110.933394, -7.6166 ], [ 110.933524, -7.616655 ], [ 110.93362, -7.616701 ], [ 110.933683, -7.616729 ], [ 110.933783, -7.616773 ], [ 110.933939, -7.616842 ], [ 110.934047, -7.616871 ], [ 110.934196, -7.616903 ], [ 110.934279, -7.616921 ], [ 110.934344, -7.616939 ], [ 110.934467, -7.616974 ], [ 110.934724, -7.61705 ], [ 110.93475, -7.617058 ], [ 110.935047, -7.617156 ], [ 110.935344, -7.617252 ], [ 110.935476, -7.617296 ], [ 110.935598, -7.617338 ], [ 110.935668, -7.617362 ], [ 110.935859, -7.617438 ], [ 110.936114, -7.617481 ], [ 110.936448, -7.617538 ], [ 110.936729, -7.617583 ], [ 110.93677, -7.617584 ], [ 110.936823, -7.61759 ], [ 110.93694, -7.617604 ], [ 110.937411, -7.617648 ], [ 110.937689, -7.617674 ], [ 110.938074, -7.61771 ], [ 110.93848, -7.617769 ], [ 110.938823, -7.617825 ], [ 110.938913, -7.617843 ], [ 110.938979, -7.617856 ], [ 110.939039, -7.617868 ], [ 110.939269, -7.617888 ], [ 110.939519, -7.617901 ], [ 110.939647, -7.617906 ], [ 110.93982, -7.617913 ], [ 110.940009, -7.61791 ], [ 110.940288, -7.61792 ], [ 110.940357, -7.617925 ], [ 110.940756, -7.617953 ], [ 110.940839, -7.617957 ], [ 110.940872, -7.617959 ], [ 110.941045, -7.617963 ], [ 110.941291, -7.617967 ], [ 110.941432, -7.617969 ], [ 110.941716, -7.617969 ], [ 110.941833, -7.617969 ], [ 110.942225, -7.617966 ], [ 110.942608, -7.617971 ], [ 110.942979, -7.617964 ], [ 110.943181, -7.617964 ], [ 110.943585, -7.617961 ], [ 110.944, -7.617961 ], [ 110.94427, -7.617955 ], [ 110.944655, -7.617949 ], [ 110.944963, -7.61797 ], [ 110.945229, -7.618004 ], [ 110.945399, -7.618046 ], [ 110.945521, -7.618076 ], [ 110.945783, -7.618135 ], [ 110.946167, -7.618244 ], [ 110.946518, -7.618349 ], [ 110.946814, -7.618427 ], [ 110.946628, -7.618564 ], [ 110.946487, -7.618667 ], [ 110.946097, -7.618959 ], [ 110.94586, -7.619171 ], [ 110.945797, -7.619216 ], [ 110.945756, -7.619246 ], [ 110.945599, -7.619415 ], [ 110.945544, -7.619526 ], [ 110.945533, -7.619621 ], [ 110.94555, -7.619712 ], [ 110.945573, -7.619787 ], [ 110.945634, -7.619911 ], [ 110.945706, -7.62 ], [ 110.945731, -7.620027 ], [ 110.945738, -7.620036 ], [ 110.945762, -7.620061 ], [ 110.945894, -7.620184 ], [ 110.945968, -7.620251 ], [ 110.946067, -7.620342 ], [ 110.946074, -7.62035 ], [ 110.946169, -7.620459 ], [ 110.946323, -7.620632 ], [ 110.94638, -7.620691 ], [ 110.946536, -7.620848 ], [ 110.946755, -7.621065 ], [ 110.946849, -7.62118 ], [ 110.946891, -7.621232 ], [ 110.946991, -7.621396 ], [ 110.94712, -7.621591 ], [ 110.94723, -7.621781 ], [ 110.947378, -7.62204 ], [ 110.947571, -7.622354 ], [ 110.947664, -7.622543 ], [ 110.947808, -7.62295 ], [ 110.947899, -7.623281 ], [ 110.947975, -7.623611 ], [ 110.948018, -7.624037 ], [ 110.948042, -7.62417 ], [ 110.948085, -7.624379 ], [ 110.948114, -7.624523 ], [ 110.948114, -7.624535 ], [ 110.948112, -7.624597 ], [ 110.948105, -7.62469 ], [ 110.948059, -7.624788 ], [ 110.948045, -7.624799 ], [ 110.947493, -7.625243 ], [ 110.947152, -7.625504 ], [ 110.947059, -7.625612 ], [ 110.947023, -7.625698 ], [ 110.947013, -7.625793 ], [ 110.947025, -7.62588 ], [ 110.947071, -7.625992 ], [ 110.947123, -7.626093 ], [ 110.947229, -7.626236 ], [ 110.947259, -7.626276 ], [ 110.947302, -7.626303 ], [ 110.947329, -7.626384 ], [ 110.947541, -7.626744 ], [ 110.947733, -7.627067 ], [ 110.947829, -7.627251 ], [ 110.947853, -7.627356 ], [ 110.947855, -7.627471 ], [ 110.947812, -7.62773 ], [ 110.947782, -7.627911 ], [ 110.94776, -7.628045 ], [ 110.947742, -7.628153 ], [ 110.947647, -7.628724 ], [ 110.947632, -7.628819 ], [ 110.947545, -7.629324 ], [ 110.947425, -7.629731 ], [ 110.947354, -7.62995 ], [ 110.947237, -7.630308 ], [ 110.947129, -7.630626 ], [ 110.947008, -7.630991 ], [ 110.946983, -7.631067 ], [ 110.946887, -7.631395 ], [ 110.946798, -7.631696 ], [ 110.946729, -7.631921 ], [ 110.946513, -7.632483 ], [ 110.946347, -7.63284 ], [ 110.946148, -7.63334 ], [ 110.946016, -7.633723 ], [ 110.945846, -7.634149 ], [ 110.945771, -7.63431 ], [ 110.945738, -7.634381 ], [ 110.945625, -7.634551 ], [ 110.945595, -7.634626 ], [ 110.945579, -7.634619 ], [ 110.945545, -7.634666 ], [ 110.945527, -7.634692 ], [ 110.945318, -7.635015 ], [ 110.945266, -7.635098 ], [ 110.945236, -7.635145 ], [ 110.945035, -7.635494 ], [ 110.944967, -7.635642 ], [ 110.944893, -7.635808 ], [ 110.944871, -7.635913 ], [ 110.944859, -7.636059 ], [ 110.944867, -7.636152 ], [ 110.944869, -7.636243 ], [ 110.94487, -7.636268 ], [ 110.944871, -7.636356 ], [ 110.944855, -7.636459 ], [ 110.944795, -7.636588 ], [ 110.944696, -7.636686 ], [ 110.944612, -7.636746 ], [ 110.944562, -7.636769 ], [ 110.944421, -7.636832 ], [ 110.944327, -7.636875 ], [ 110.944099, -7.63694 ], [ 110.943924, -7.63698 ], [ 110.943717, -7.636975 ], [ 110.943508, -7.636942 ], [ 110.943475, -7.636937 ], [ 110.943204, -7.636904 ], [ 110.942981, -7.636868 ], [ 110.942859, -7.636877 ], [ 110.942817, -7.636887 ], [ 110.94277, -7.636899 ], [ 110.942669, -7.636956 ], [ 110.942604, -7.637045 ], [ 110.942585, -7.637128 ], [ 110.942451, -7.637578 ], [ 110.942463, -7.637641 ], [ 110.942496, -7.637686 ], [ 110.942537, -7.637734 ], [ 110.942595, -7.63782 ], [ 110.942647, -7.637901 ], [ 110.942715, -7.638007 ], [ 110.942736, -7.638064 ], [ 110.942745, -7.638073 ], [ 110.942757, -7.638123 ], [ 110.942803, -7.638249 ], [ 110.942846, -7.638414 ], [ 110.942938, -7.638706 ], [ 110.942993, -7.638888 ], [ 110.943044, -7.639061 ], [ 110.943055, -7.639101 ], [ 110.943115, -7.639266 ], [ 110.943197, -7.639443 ], [ 110.943285, -7.639601 ], [ 110.943396, -7.639747 ], [ 110.943482, -7.639859 ], [ 110.943763, -7.640147 ], [ 110.943985, -7.640363 ], [ 110.944072, -7.640448 ], [ 110.944444, -7.6408 ], [ 110.944559, -7.640925 ], [ 110.944636, -7.641008 ], [ 110.94465, -7.641038 ], [ 110.944676, -7.641092 ], [ 110.944712, -7.641193 ], [ 110.944725, -7.641279 ], [ 110.944739, -7.641382 ], [ 110.944765, -7.641583 ], [ 110.944777, -7.641682 ], [ 110.944792, -7.641798 ], [ 110.9448, -7.641846 ], [ 110.944814, -7.641927 ], [ 110.944839, -7.642071 ], [ 110.944875, -7.642291 ], [ 110.944938, -7.642507 ], [ 110.944986, -7.642753 ], [ 110.944992, -7.642782 ], [ 110.945022, -7.642921 ], [ 110.945055, -7.643104 ], [ 110.945096, -7.643325 ], [ 110.945166, -7.643713 ], [ 110.945228, -7.644041 ], [ 110.945238, -7.644095 ], [ 110.945288, -7.644361 ], [ 110.945367, -7.644785 ], [ 110.945429, -7.645137 ], [ 110.945454, -7.64529 ], [ 110.945506, -7.64562 ], [ 110.945512, -7.645669 ], [ 110.945554, -7.645977 ], [ 110.945591, -7.646449 ], [ 110.945595, -7.646501 ], [ 110.945623, -7.646755 ], [ 110.945626, -7.646841 ], [ 110.94563, -7.64697 ], [ 110.945631, -7.646982 ], [ 110.945634, -7.646997 ], [ 110.945636, -7.647009 ], [ 110.945664, -7.647133 ], [ 110.945722, -7.647322 ], [ 110.945724, -7.647347 ], [ 110.94574, -7.647485 ], [ 110.945746, -7.64753 ], [ 110.945746, -7.647674 ], [ 110.94574, -7.647757 ], [ 110.945731, -7.64788 ], [ 110.945731, -7.648019 ], [ 110.945763, -7.648235 ], [ 110.945808, -7.64854 ], [ 110.945837, -7.648749 ], [ 110.945858, -7.648906 ], [ 110.9459, -7.649124 ], [ 110.945937, -7.649313 ], [ 110.946005, -7.649647 ], [ 110.946032, -7.649754 ], [ 110.94612, -7.650101 ], [ 110.946153, -7.650592 ], [ 110.946158, -7.650666 ], [ 110.946174, -7.650904 ], [ 110.946233, -7.65122 ], [ 110.946251, -7.651317 ], [ 110.946298, -7.651603 ], [ 110.946321, -7.65174 ], [ 110.946383, -7.65209 ], [ 110.946386, -7.652107 ], [ 110.946402, -7.652205 ], [ 110.946443, -7.652451 ], [ 110.946481, -7.652755 ], [ 110.94651, -7.652949 ], [ 110.946553, -7.653102 ], [ 110.946572, -7.653143 ], [ 110.946573, -7.653146 ], [ 110.946671, -7.653368 ], [ 110.94687, -7.653715 ], [ 110.947016, -7.653985 ], [ 110.947086, -7.654112 ], [ 110.947179, -7.65417 ], [ 110.947326, -7.654194 ], [ 110.94746, -7.654239 ], [ 110.947614, -7.65434 ], [ 110.947748, -7.654462 ], [ 110.947949, -7.654727 ], [ 110.94811, -7.654955 ], [ 110.948297, -7.65518 ], [ 110.948371, -7.655304 ], [ 110.948405, -7.655357 ], [ 110.948407, -7.655457 ], [ 110.948407, -7.655458 ], [ 110.948406, -7.65546 ], [ 110.94837, -7.655558 ], [ 110.948367, -7.655567 ], [ 110.948314, -7.655639 ], [ 110.948249, -7.655687 ], [ 110.948184, -7.655709 ], [ 110.948052, -7.655713 ], [ 110.947922, -7.65571 ], [ 110.947868, -7.655709 ], [ 110.947709, -7.655704 ], [ 110.947646, -7.655711 ], [ 110.947527, -7.655725 ], [ 110.947402, -7.655776 ], [ 110.947328, -7.655869 ], [ 110.947261, -7.65596 ], [ 110.94721, -7.656115 ], [ 110.947208, -7.656237 ], [ 110.947208, -7.656239 ], [ 110.94722, -7.656376 ], [ 110.947277, -7.656494 ], [ 110.947397, -7.656888 ], [ 110.94739, -7.657051 ], [ 110.947358, -7.657239 ], [ 110.947325, -7.657425 ], [ 110.94729, -7.657615 ], [ 110.947253, -7.657807 ], [ 110.947242, -7.65787 ], [ 110.947239, -7.657884 ], [ 110.947224, -7.657954 ], [ 110.947169, -7.658224 ], [ 110.94709, -7.658633 ], [ 110.947049, -7.658847 ], [ 110.947017, -7.659105 ], [ 110.947018, -7.659211 ], [ 110.947028, -7.659302 ], [ 110.947033, -7.659344 ], [ 110.947056, -7.659562 ], [ 110.947121, -7.660184 ], [ 110.947123, -7.660203 ], [ 110.94713, -7.660251 ], [ 110.947183, -7.660653 ], [ 110.947236, -7.661122 ], [ 110.947296, -7.661505 ], [ 110.947309, -7.661598 ], [ 110.947323, -7.661704 ], [ 110.947406, -7.662319 ], [ 110.947426, -7.662433 ], [ 110.947478, -7.662735 ], [ 110.947557, -7.663197 ], [ 110.947593, -7.663409 ], [ 110.94762, -7.663561 ], [ 110.947626, -7.663599 ], [ 110.947692, -7.663982 ], [ 110.947713, -7.664456 ], [ 110.94772, -7.665114 ], [ 110.947722, -7.665197 ], [ 110.947729, -7.66521 ], [ 110.947732, -7.665473 ], [ 110.947738, -7.665871 ], [ 110.947742, -7.665913 ], [ 110.947811, -7.666649 ], [ 110.947812, -7.666673 ], [ 110.94781, -7.666672 ], [ 110.947791, -7.666663 ], [ 110.947802, -7.667122 ], [ 110.947837, -7.667675 ], [ 110.94785, -7.66791 ], [ 110.947869, -7.668276 ], [ 110.947889, -7.668719 ], [ 110.947897, -7.668901 ], [ 110.947854, -7.669303 ], [ 110.94784, -7.669393 ], [ 110.947772, -7.669841 ], [ 110.947783, -7.669887 ], [ 110.947786, -7.669896 ], [ 110.9478, -7.669931 ], [ 110.947823, -7.669972 ], [ 110.947852, -7.670009 ], [ 110.948694, -7.670284 ], [ 110.948736, -7.670308 ], [ 110.948775, -7.670336 ], [ 110.948811, -7.670369 ], [ 110.948842, -7.670407 ], [ 110.948869, -7.670447 ], [ 110.948896, -7.670486 ], [ 110.94897, -7.670675 ], [ 110.949159, -7.671174 ], [ 110.949228, -7.671441 ], [ 110.949378, -7.671959 ], [ 110.949405, -7.672051 ], [ 110.949504, -7.672395 ], [ 110.949761, -7.673244 ], [ 110.949762, -7.673248 ], [ 110.950198, -7.674902 ], [ 110.950295, -7.675271 ], [ 110.950298, -7.675284 ], [ 110.950471, -7.675962 ], [ 110.950688, -7.676625 ], [ 110.95083, -7.677 ], [ 110.950976, -7.677268 ], [ 110.951198, -7.677622 ], [ 110.951313, -7.677813 ], [ 110.951582, -7.678261 ], [ 110.951636, -7.678348 ], [ 110.951812, -7.678631 ], [ 110.952242, -7.679322 ], [ 110.952328, -7.679441 ], [ 110.952526, -7.679713 ], [ 110.95287, -7.680169 ], [ 110.952914, -7.680232 ], [ 110.953276, -7.680741 ], [ 110.953317, -7.680792 ], [ 110.953363, -7.680839 ], [ 110.953413, -7.680881 ], [ 110.953433, -7.680895 ], [ 110.953459, -7.680933 ], [ 110.953538, -7.680955 ], [ 110.953611, -7.680977 ], [ 110.954192, -7.681011 ], [ 110.954667, -7.681038 ], [ 110.954975, -7.681056 ], [ 110.955655, -7.681095 ], [ 110.956483, -7.681142 ], [ 110.956999, -7.681217 ], [ 110.957357, -7.681269 ], [ 110.957437, -7.68128 ], [ 110.957803, -7.681355 ], [ 110.958114, -7.681433 ], [ 110.958267, -7.681484 ], [ 110.958462, -7.681568 ], [ 110.958513, -7.681633 ], [ 110.958537, -7.68175 ], [ 110.958534, -7.681876 ], [ 110.958539, -7.681965 ], [ 110.958546, -7.682082 ], [ 110.958591, -7.682232 ], [ 110.958699, -7.68236 ], [ 110.959089, -7.682582 ], [ 110.959275, -7.682654 ], [ 110.959401, -7.68271 ], [ 110.95947, -7.682773 ], [ 110.959482, -7.682822 ], [ 110.959494, -7.682866 ], [ 110.959482, -7.682968 ], [ 110.959425, -7.683069 ], [ 110.959338, -7.683141 ], [ 110.959302, -7.683171 ], [ 110.959137, -7.683276 ], [ 110.959059, -7.683392 ], [ 110.959041, -7.683533 ], [ 110.959077, -7.683629 ], [ 110.95914, -7.683692 ], [ 110.959281, -7.683725 ], [ 110.959401, -7.683692 ], [ 110.959432, -7.683674 ], [ 110.959485, -7.683644 ], [ 110.959614, -7.683626 ], [ 110.959782, -7.683641 ], [ 110.959947, -7.683722 ], [ 110.960076, -7.683808 ], [ 110.960095, -7.68381 ], [ 110.960108, -7.683829 ], [ 110.960108, -7.683829 ], [ 110.960144, -7.683868 ], [ 110.960252, -7.683985 ], [ 110.960333, -7.684078 ], [ 110.960337, -7.684165 ], [ 110.960339, -7.684233 ], [ 110.96031, -7.684335 ], [ 110.960288, -7.684413 ], [ 110.960264, -7.684568 ], [ 110.96026, -7.684581 ], [ 110.960248, -7.684618 ], [ 110.960118, -7.684576 ], [ 110.959959, -7.684504 ], [ 110.959887, -7.684408 ], [ 110.959886, -7.684404 ], [ 110.959835, -7.684283 ], [ 110.959811, -7.684164 ], [ 110.959748, -7.684092 ], [ 110.959657, -7.684044 ], [ 110.959523, -7.684054 ], [ 110.95947, -7.684097 ], [ 110.95947, -7.684217 ], [ 110.95947, -7.684279 ], [ 110.959503, -7.684465 ], [ 110.959436, -7.684604 ], [ 110.959355, -7.684647 ], [ 110.959244, -7.684657 ], [ 110.959038, -7.684652 ], [ 110.958937, -7.684575 ], [ 110.958856, -7.684465 ], [ 110.958779, -7.684336 ], [ 110.958726, -7.684267 ], [ 110.958702, -7.684236 ], [ 110.95864, -7.684168 ], [ 110.958505, -7.684149 ], [ 110.958504, -7.684149 ], [ 110.958409, -7.684145 ], [ 110.958294, -7.684092 ], [ 110.958179, -7.68401 ], [ 110.958136, -7.683915 ], [ 110.958136, -7.683762 ], [ 110.958189, -7.68358 ], [ 110.958256, -7.68345 ], [ 110.958306, -7.683343 ], [ 110.958333, -7.683288 ], [ 110.958376, -7.683115 ], [ 110.958429, -7.682962 ], [ 110.9584, -7.682843 ], [ 110.958366, -7.682718 ], [ 110.958194, -7.682637 ], [ 110.958002, -7.682584 ], [ 110.957834, -7.682618 ], [ 110.95769, -7.68268 ], [ 110.957594, -7.682814 ], [ 110.957493, -7.683024 ], [ 110.957464, -7.683273 ], [ 110.957431, -7.683503 ], [ 110.957435, -7.683757 ], [ 110.957459, -7.683867 ], [ 110.957551, -7.683982 ], [ 110.95769, -7.684077 ], [ 110.957758, -7.684123 ], [ 110.95779, -7.684144 ], [ 110.957819, -7.684211 ], [ 110.957824, -7.684259 ], [ 110.957829, -7.684307 ], [ 110.957833, -7.684354 ], [ 110.957838, -7.684422 ], [ 110.95781, -7.684499 ], [ 110.957714, -7.684599 ], [ 110.957584, -7.684614 ], [ 110.957445, -7.68459 ], [ 110.957325, -7.684561 ], [ 110.957152, -7.684503 ], [ 110.957004, -7.684393 ], [ 110.956967, -7.684334 ], [ 110.956917, -7.684254 ], [ 110.956812, -7.684082 ], [ 110.956692, -7.683828 ], [ 110.95661, -7.683675 ], [ 110.956485, -7.683508 ], [ 110.956356, -7.683345 ], [ 110.956102, -7.683077 ], [ 110.955886, -7.683024 ], [ 110.955703, -7.682991 ], [ 110.955521, -7.682986 ], [ 110.955291, -7.683053 ], [ 110.955209, -7.683101 ], [ 110.955113, -7.683216 ], [ 110.955082, -7.683329 ], [ 110.955075, -7.683354 ], [ 110.95507, -7.683565 ], [ 110.955094, -7.683728 ], [ 110.955084, -7.683881 ], [ 110.955031, -7.683977 ], [ 110.954994, -7.684021 ], [ 110.954916, -7.684111 ], [ 110.954753, -7.68413 ], [ 110.954537, -7.684135 ], [ 110.954422, -7.684024 ], [ 110.954331, -7.683934 ], [ 110.954259, -7.683814 ], [ 110.954192, -7.683685 ], [ 110.954168, -7.683546 ], [ 110.954105, -7.683417 ], [ 110.953981, -7.683253 ], [ 110.954048, -7.683066 ], [ 110.953988, -7.683063 ], [ 110.953898, -7.683084 ], [ 110.953826, -7.683168 ], [ 110.953778, -7.683231 ], [ 110.953736, -7.683315 ], [ 110.9537, -7.683398 ], [ 110.953664, -7.683461 ], [ 110.953616, -7.683551 ], [ 110.953574, -7.683629 ], [ 110.953499, -7.683692 ], [ 110.9534, -7.683724 ], [ 110.953334, -7.683727 ], [ 110.953265, -7.683721 ], [ 110.95322, -7.683656 ], [ 110.953097, -7.683485 ], [ 110.952839, -7.683159 ], [ 110.952644, -7.683006 ], [ 110.952422, -7.682914 ], [ 110.95217, -7.682806 ], [ 110.951936, -7.682755 ], [ 110.951667, -7.682728 ], [ 110.951451, -7.682761 ], [ 110.951307, -7.682851 ], [ 110.951142, -7.682872 ], [ 110.950986, -7.682845 ], [ 110.950851, -7.682797 ], [ 110.950704, -7.682719 ], [ 110.950587, -7.68265 ], [ 110.950491, -7.68262 ], [ 110.950341, -7.682614 ], [ 110.950224, -7.682614 ], [ 110.950056, -7.682641 ], [ 110.949846, -7.682731 ], [ 110.94969, -7.682824 ], [ 110.949624, -7.682892 ], [ 110.949612, -7.682949 ], [ 110.9496, -7.683021 ], [ 110.949516, -7.683147 ], [ 110.949402, -7.68323 ], [ 110.949306, -7.683263 ], [ 110.949207, -7.683245 ], [ 110.949144, -7.683185 ], [ 110.94906, -7.683063 ], [ 110.948764, -7.682644 ], [ 110.948689, -7.682536 ], [ 110.948647, -7.682431 ], [ 110.948647, -7.682387 ], [ 110.948668, -7.68227 ], [ 110.948668, -7.682189 ], [ 110.948668, -7.682156 ], [ 110.948671, -7.68204 ], [ 110.948653, -7.681953 ], [ 110.948608, -7.681887 ], [ 110.948542, -7.68183 ], [ 110.948446, -7.681821 ], [ 110.948086, -7.681929 ], [ 110.947714, -7.682054 ], [ 110.947432, -7.682141 ], [ 110.947339, -7.682156 ], [ 110.947258, -7.682138 ], [ 110.947174, -7.682099 ], [ 110.947123, -7.682021 ], [ 110.947096, -7.681914 ], [ 110.947141, -7.681408 ], [ 110.947159, -7.681265 ], [ 110.947159, -7.68116 ], [ 110.947144, -7.681082 ], [ 110.947087, -7.680986 ], [ 110.947015, -7.680935 ], [ 110.946976, -7.680926 ], [ 110.946928, -7.68095 ], [ 110.946823, -7.681052 ], [ 110.946685, -7.681291 ], [ 110.946407, -7.681716 ], [ 110.946236, -7.681899 ], [ 110.946161, -7.681964 ], [ 110.946098, -7.682003 ], [ 110.94602, -7.682027 ], [ 110.94593, -7.682033 ], [ 110.945699, -7.682006 ], [ 110.94551, -7.681943 ], [ 110.945393, -7.68194 ], [ 110.945315, -7.681973 ], [ 110.945204, -7.682042 ], [ 110.944919, -7.682329 ], [ 110.944736, -7.682539 ], [ 110.944625, -7.682691 ], [ 110.944541, -7.682769 ], [ 110.944466, -7.682835 ], [ 110.944421, -7.682862 ], [ 110.944337, -7.682889 ], [ 110.944247, -7.682889 ], [ 110.944124, -7.682829 ], [ 110.944049, -7.682811 ], [ 110.943926, -7.682784 ], [ 110.943767, -7.682784 ], [ 110.943638, -7.682823 ], [ 110.943575, -7.682886 ], [ 110.943551, -7.682972 ], [ 110.943548, -7.683068 ], [ 110.943551, -7.683164 ], [ 110.943542, -7.68323 ], [ 110.943512, -7.683286 ], [ 110.94347, -7.683346 ], [ 110.943413, -7.683385 ], [ 110.943323, -7.68343 ], [ 110.943233, -7.683445 ], [ 110.943048, -7.683352 ], [ 110.942826, -7.683167 ], [ 110.9427, -7.683055 ], [ 110.942469, -7.68285 ], [ 110.942364, -7.682766 ], [ 110.942316, -7.682748 ], [ 110.942259, -7.682727 ], [ 110.942187, -7.682727 ], [ 110.942136, -7.682736 ], [ 110.942082, -7.682763 ], [ 110.942028, -7.682817 ], [ 110.941959, -7.682906 ], [ 110.941839, -7.683011 ], [ 110.941743, -7.683056 ], [ 110.941674, -7.68308 ], [ 110.941602, -7.68308 ], [ 110.941545, -7.683029 ], [ 110.941452, -7.682933 ], [ 110.941341, -7.682799 ], [ 110.941296, -7.682751 ], [ 110.941254, -7.682727 ], [ 110.9412, -7.682727 ], [ 110.941164, -7.682739 ], [ 110.941104, -7.682781 ], [ 110.941074, -7.682837 ], [ 110.941044, -7.682915 ], [ 110.941041, -7.68299 ], [ 110.941065, -7.683101 ], [ 110.941074, -7.683226 ], [ 110.941086, -7.683376 ], [ 110.94108, -7.683684 ], [ 110.941035, -7.68381 ], [ 110.940918, -7.683875 ], [ 110.940783, -7.683914 ], [ 110.940636, -7.683938 ], [ 110.940444, -7.683932 ], [ 110.940219, -7.683878 ], [ 110.940025, -7.683801 ], [ 110.939833, -7.683621 ], [ 110.939494, -7.68334 ], [ 110.939353, -7.683316 ], [ 110.939044, -7.683358 ], [ 110.938969, -7.683367 ], [ 110.938894, -7.683364 ], [ 110.938834, -7.683322 ], [ 110.938807, -7.683259 ], [ 110.938795, -7.683187 ], [ 110.938801, -7.683097 ], [ 110.938846, -7.683008 ], [ 110.938975, -7.682834 ], [ 110.939284, -7.682427 ], [ 110.939335, -7.682335 ], [ 110.939353, -7.682233 ], [ 110.939359, -7.68208 ], [ 110.939329, -7.681987 ], [ 110.939272, -7.681904 ], [ 110.939146, -7.681823 ], [ 110.938969, -7.681769 ], [ 110.938783, -7.681736 ], [ 110.938621, -7.681736 ], [ 110.938486, -7.681748 ], [ 110.938372, -7.681793 ], [ 110.938336, -7.681835 ], [ 110.938267, -7.681957 ], [ 110.938216, -7.682044 ], [ 110.93815, -7.682146 ], [ 110.938084, -7.682224 ], [ 110.938036, -7.682325 ], [ 110.937949, -7.682436 ], [ 110.937851, -7.682508 ], [ 110.93777, -7.682547 ], [ 110.937695, -7.682574 ], [ 110.937641, -7.682577 ], [ 110.937509, -7.682565 ], [ 110.937347, -7.682535 ], [ 110.937185, -7.682472 ], [ 110.937086, -7.68243 ], [ 110.936972, -7.682331 ], [ 110.93678, -7.682122 ], [ 110.936609, -7.681972 ], [ 110.936501, -7.681894 ], [ 110.936468, -7.68187 ], [ 110.936387, -7.681873 ], [ 110.936186, -7.681894 ], [ 110.93603, -7.681969 ], [ 110.935925, -7.682044 ], [ 110.935757, -7.682107 ], [ 110.935652, -7.682119 ], [ 110.93552, -7.682059 ], [ 110.935227, -7.681819 ], [ 110.935134, -7.681765 ], [ 110.935071, -7.681742 ], [ 110.935005, -7.681748 ], [ 110.934951, -7.681771 ], [ 110.934861, -7.681795 ], [ 110.934756, -7.681813 ], [ 110.934618, -7.681816 ], [ 110.934528, -7.681816 ], [ 110.934252, -7.681753 ], [ 110.934036, -7.681679 ], [ 110.933925, -7.681619 ], [ 110.933763, -7.681574 ], [ 110.933541, -7.681466 ], [ 110.933409, -7.681376 ], [ 110.933265, -7.681233 ], [ 110.933181, -7.681107 ], [ 110.9331, -7.681032 ], [ 110.933046, -7.680982 ], [ 110.932897, -7.680844 ], [ 110.932765, -7.680709 ], [ 110.932621, -7.680583 ], [ 110.932468, -7.680503 ], [ 110.932189, -7.680368 ], [ 110.931943, -7.680248 ], [ 110.931688, -7.680158 ], [ 110.931544, -7.68009 ], [ 110.931433, -7.679979 ], [ 110.930935, -7.67969 ], [ 110.930465, -7.679334 ], [ 110.930141, -7.679076 ], [ 110.929961, -7.678882 ], [ 110.929928, -7.678825 ], [ 110.92991, -7.678714 ], [ 110.929862, -7.67858 ], [ 110.929772, -7.678454 ], [ 110.929646, -7.678343 ], [ 110.929466, -7.678245 ], [ 110.929328, -7.678188 ], [ 110.929109, -7.678134 ], [ 110.928809, -7.678119 ], [ 110.928555, -7.678146 ], [ 110.928138, -7.67811 ], [ 110.927829, -7.678032 ], [ 110.927733, -7.677936 ], [ 110.927484, -7.677739 ], [ 110.927136, -7.677523 ], [ 110.92695, -7.677386 ], [ 110.926779, -7.677242 ], [ 110.926692, -7.677164 ], [ 110.926549, -7.676943 ], [ 110.926417, -7.676814 ], [ 110.926372, -7.676772 ], [ 110.926327, -7.67676 ], [ 110.926234, -7.67676 ], [ 110.926141, -7.676796 ], [ 110.926063, -7.676847 ], [ 110.925979, -7.676996 ], [ 110.925895, -7.677164 ], [ 110.92585, -7.677302 ], [ 110.925826, -7.677376 ], [ 110.925778, -7.677418 ], [ 110.925733, -7.677436 ], [ 110.925679, -7.67743 ], [ 110.925625, -7.677412 ], [ 110.925574, -7.677358 ], [ 110.925544, -7.677284 ], [ 110.925421, -7.676772 ], [ 110.925295, -7.676257 ], [ 110.925202, -7.676012 ], [ 110.925127, -7.675919 ], [ 110.925019, -7.675818 ], [ 110.924944, -7.675794 ], [ 110.924851, -7.675782 ], [ 110.924764, -7.675785 ], [ 110.924629, -7.675853 ], [ 110.924431, -7.676027 ], [ 110.924225, -7.67623 ], [ 110.923922, -7.676446 ], [ 110.923862, -7.676461 ], [ 110.923844, -7.67646 ], [ 110.923778, -7.676458 ], [ 110.923682, -7.676392 ], [ 110.923541, -7.676257 ], [ 110.923475, -7.676146 ], [ 110.923418, -7.676015 ], [ 110.923397, -7.675901 ], [ 110.923397, -7.675814 ], [ 110.923427, -7.675734 ], [ 110.923475, -7.67553 ], [ 110.923475, -7.67547 ], [ 110.923475, -7.675437 ], [ 110.923472, -7.675398 ], [ 110.923469, -7.675363 ], [ 110.923475, -7.675336 ], [ 110.923493, -7.675318 ], [ 110.923496, -7.675303 ], [ 110.923511, -7.675252 ], [ 110.92352, -7.675138 ], [ 110.92349, -7.674977 ], [ 110.923454, -7.674791 ], [ 110.923406, -7.674558 ], [ 110.923343, -7.674411 ], [ 110.923289, -7.674333 ], [ 110.92325, -7.674286 ], [ 110.923244, -7.674244 ], [ 110.923178, -7.673959 ], [ 110.923103, -7.673612 ], [ 110.923085, -7.673328 ], [ 110.923073, -7.673197 ], [ 110.923097, -7.673128 ], [ 110.923154, -7.673038 ], [ 110.92319, -7.672951 ], [ 110.923202, -7.672888 ], [ 110.923203, -7.672808 ], [ 110.923203, -7.672694 ], [ 110.923146, -7.672607 ], [ 110.923077, -7.672559 ], [ 110.922927, -7.672553 ], [ 110.922549, -7.672655 ], [ 110.922378, -7.672721 ], [ 110.921943, -7.673095 ], [ 110.921721, -7.673298 ], [ 110.921523, -7.673633 ], [ 110.921424, -7.67383 ], [ 110.921418, -7.673932 ], [ 110.921421, -7.674043 ], [ 110.921448, -7.674258 ], [ 110.921514, -7.674614 ], [ 110.921598, -7.674815 ], [ 110.921739, -7.675003 ], [ 110.921811, -7.675048 ], [ 110.921859, -7.67509 ], [ 110.921904, -7.675171 ], [ 110.921922, -7.675285 ], [ 110.921922, -7.675377 ], [ 110.921856, -7.675464 ], [ 110.921748, -7.675566 ], [ 110.921514, -7.675646 ], [ 110.920911, -7.675823 ], [ 110.920413, -7.675984 ], [ 110.920329, -7.676065 ], [ 110.920302, -7.676131 ], [ 110.920293, -7.67623 ], [ 110.92035, -7.676571 ], [ 110.92035, -7.676639 ], [ 110.920299, -7.676702 ], [ 110.920197, -7.676732 ], [ 110.919615, -7.676729 ], [ 110.918784, -7.676603 ], [ 110.918569, -7.67654 ], [ 110.918392, -7.676451 ], [ 110.918188, -7.676265 ], [ 110.918065, -7.676139 ], [ 110.918029, -7.676047 ], [ 110.91802, -7.675876 ], [ 110.918023, -7.67581 ], [ 110.918044, -7.675739 ], [ 110.918128, -7.675661 ], [ 110.918539, -7.675335 ], [ 110.918662, -7.675167 ], [ 110.918725, -7.675015 ], [ 110.918716, -7.67491 ], [ 110.918608, -7.674763 ], [ 110.918278, -7.67435 ], [ 110.918167, -7.674249 ], [ 110.918044, -7.674174 ], [ 110.917942, -7.67412 ], [ 110.917816, -7.674087 ], [ 110.917687, -7.674093 ], [ 110.917555, -7.674123 ], [ 110.917348, -7.674225 ], [ 110.916977, -7.674452 ], [ 110.916593, -7.674685 ], [ 110.916374, -7.674835 ], [ 110.916257, -7.674975 ], [ 110.916176, -7.675104 ], [ 110.916131, -7.675218 ], [ 110.916101, -7.675283 ], [ 110.916026, -7.675415 ], [ 110.915864, -7.675675 ], [ 110.915768, -7.67584 ], [ 110.915645, -7.676079 ], [ 110.915516, -7.676217 ], [ 110.915381, -7.676312 ], [ 110.915117, -7.676513 ], [ 110.914817, -7.676686 ], [ 110.91476, -7.676692 ], [ 110.914637, -7.676668 ], [ 110.914451, -7.676607 ], [ 110.914274, -7.676549 ], [ 110.914127, -7.676516 ], [ 110.913959, -7.67648 ], [ 110.913806, -7.676486 ], [ 110.913659, -7.676468 ], [ 110.913527, -7.676423 ], [ 110.913306, -7.676312 ], [ 110.912718, -7.676085 ], [ 110.912304, -7.675938 ], [ 110.912034, -7.675914 ], [ 110.911848, -7.675878 ], [ 110.911677, -7.675791 ], [ 110.911524, -7.675671 ], [ 110.911434, -7.675555 ], [ 110.911321, -7.675061 ], [ 110.911255, -7.674891 ], [ 110.911138, -7.674699 ], [ 110.911084, -7.674585 ], [ 110.910997, -7.674358 ], [ 110.910961, -7.674244 ], [ 110.910931, -7.674017 ], [ 110.910901, -7.673813 ], [ 110.91082, -7.673544 ], [ 110.91067, -7.673176 ], [ 110.910647, -7.673151 ], [ 110.910622, -7.673125 ], [ 110.91055, -7.673048 ], [ 110.910427, -7.673012 ], [ 110.910166, -7.673006 ], [ 110.909894, -7.673077 ], [ 110.909666, -7.673113 ], [ 110.90942, -7.673107 ], [ 110.909216, -7.67308 ], [ 110.909132, -7.673029 ], [ 110.909033, -7.673038 ], [ 110.908961, -7.673071 ], [ 110.908751, -7.673221 ], [ 110.908652, -7.67337 ], [ 110.908418, -7.673684 ], [ 110.908418, -7.673744 ], [ 110.908409, -7.673828 ], [ 110.908346, -7.673933 ], [ 110.908232, -7.674019 ], [ 110.908154, -7.674121 ], [ 110.908094, -7.674256 ], [ 110.908049, -7.674393 ], [ 110.907992, -7.674585 ], [ 110.907809, -7.674869 ], [ 110.907692, -7.67506 ], [ 110.907557, -7.675156 ], [ 110.907305, -7.675213 ], [ 110.907158, -7.675288 ], [ 110.907035, -7.675392 ], [ 110.906897, -7.675464 ], [ 110.906714, -7.675506 ], [ 110.906513, -7.675542 ], [ 110.906165, -7.675613 ], [ 110.905833, -7.675706 ], [ 110.905504, -7.675802 ], [ 110.905485, -7.675808 ], [ 110.905185, -7.675856 ], [ 110.905026, -7.675891 ], [ 110.904783, -7.67599 ], [ 110.904594, -7.676053 ], [ 110.904297, -7.676101 ], [ 110.904096, -7.676101 ], [ 110.903964, -7.676089 ], [ 110.903922, -7.676002 ], [ 110.903913, -7.675879 ], [ 110.903829, -7.675715 ], [ 110.903589, -7.675275 ], [ 110.903464, -7.675122 ], [ 110.903365, -7.675062 ], [ 110.903233, -7.675026 ], [ 110.90302, -7.675002 ], [ 110.902507, -7.675008 ], [ 110.901583, -7.675038 ], [ 110.901208, -7.674981 ], [ 110.900939, -7.674867 ], [ 110.900711, -7.674655 ], [ 110.900543, -7.67443 ], [ 110.900327, -7.674137 ], [ 110.900177, -7.674044 ], [ 110.899946, -7.673985 ], [ 110.899718, -7.674023 ], [ 110.899485, -7.674122 ], [ 110.899484, -7.674122 ], [ 110.899338, -7.674132 ], [ 110.89886, -7.674164 ], [ 110.898238, -7.6742 ], [ 110.898044, -7.674214 ], [ 110.897835, -7.674182 ], [ 110.897601, -7.674085 ], [ 110.897245, -7.673772 ], [ 110.897007, -7.673571 ], [ 110.896782, -7.673451 ], [ 110.896698, -7.673406 ], [ 110.896489, -7.673313 ], [ 110.896302, -7.673259 ], [ 110.896043, -7.673234 ], [ 110.895755, -7.673226 ], [ 110.895377, -7.673151 ], [ 110.895104, -7.673072 ], [ 110.894809, -7.672942 ], [ 110.894618, -7.672792 ], [ 110.894488, -7.672713 ], [ 110.894413, -7.672677 ], [ 110.894341, -7.672677 ], [ 110.894269, -7.672702 ], [ 110.894186, -7.672748 ], [ 110.894118, -7.672835 ], [ 110.894103, -7.672921 ], [ 110.894143, -7.673151 ], [ 110.894265, -7.673466 ], [ 110.894251, -7.673847 ], [ 110.894222, -7.673973 ], [ 110.894179, -7.674044 ], [ 110.894027, -7.674148 ], [ 110.893937, -7.674195 ], [ 110.89384, -7.674206 ], [ 110.893768, -7.674159 ], [ 110.893682, -7.674008 ], [ 110.893531, -7.6738 ], [ 110.893427, -7.673761 ], [ 110.893351, -7.673753 ], [ 110.893207, -7.673761 ], [ 110.893124, -7.67384 ], [ 110.892966, -7.673972 ], [ 110.892908, -7.674109 ], [ 110.892854, -7.674292 ], [ 110.892775, -7.67455 ], [ 110.892617, -7.674974 ], [ 110.892555, -7.675071 ], [ 110.89248, -7.675114 ], [ 110.892393, -7.675135 ], [ 110.892271, -7.675107 ], [ 110.892059, -7.675053 ], [ 110.891735, -7.674859 ], [ 110.891461, -7.674676 ], [ 110.891174, -7.674503 ], [ 110.891116, -7.67446 ], [ 110.891048, -7.674439 ], [ 110.890922, -7.674421 ], [ 110.890778, -7.674421 ], [ 110.890612, -7.674446 ], [ 110.890479, -7.674499 ], [ 110.890324, -7.674668 ], [ 110.890101, -7.674905 ], [ 110.889975, -7.674977 ], [ 110.889914, -7.674991 ], [ 110.88977, -7.674973 ], [ 110.889698, -7.674952 ], [ 110.889594, -7.674801 ], [ 110.889576, -7.674682 ], [ 110.889673, -7.674374 ], [ 110.889716, -7.674033 ], [ 110.88972, -7.673925 ], [ 110.889698, -7.673835 ], [ 110.889608, -7.67372 ], [ 110.889497, -7.673699 ], [ 110.889043, -7.673788 ], [ 110.888716, -7.673978 ], [ 110.888622, -7.674086 ], [ 110.888597, -7.674248 ], [ 110.888608, -7.674406 ], [ 110.888629, -7.674643 ], [ 110.888629, -7.674818 ], [ 110.88859, -7.674969 ], [ 110.8885, -7.675077 ], [ 110.888349, -7.675181 ], [ 110.888158, -7.675271 ], [ 110.887751, -7.675321 ], [ 110.887542, -7.675328 ], [ 110.887183, -7.675256 ], [ 110.887017, -7.675256 ], [ 110.886934, -7.675306 ], [ 110.886895, -7.675392 ], [ 110.88688, -7.675507 ], [ 110.886884, -7.675651 ], [ 110.88692, -7.675838 ], [ 110.886948, -7.67601 ], [ 110.886959, -7.6761 ], [ 110.886934, -7.6762 ], [ 110.886844, -7.676268 ], [ 110.886617, -7.676408 ], [ 110.88647, -7.67652 ], [ 110.886383, -7.676616 ], [ 110.886369, -7.676699 ], [ 110.886398, -7.676764 ], [ 110.886419, -7.676922 ], [ 110.886444, -7.677083 ], [ 110.886473, -7.677284 ], [ 110.886531, -7.677435 ], [ 110.886577, -7.677582 ], [ 110.886606, -7.677711 ], [ 110.886584, -7.677844 ], [ 110.886523, -7.67793 ], [ 110.886474, -7.67795 ], [ 110.886408, -7.677977 ], [ 110.886257, -7.677995 ], [ 110.886052, -7.677938 ], [ 110.885811, -7.677769 ], [ 110.885588, -7.677492 ], [ 110.885386, -7.677291 ], [ 110.884947, -7.676742 ], [ 110.884814, -7.676602 ], [ 110.88475, -7.676555 ], [ 110.88466, -7.676544 ], [ 110.88458, -7.676559 ], [ 110.884469, -7.67662 ], [ 110.884346, -7.676767 ], [ 110.884253, -7.676925 ], [ 110.884195, -7.677079 ], [ 110.884181, -7.677273 ], [ 110.884213, -7.677434 ], [ 110.884335, -7.677567 ], [ 110.884422, -7.677668 ], [ 110.884436, -7.677736 ], [ 110.884357, -7.677901 ], [ 110.884274, -7.678056 ], [ 110.884227, -7.67812 ], [ 110.884166, -7.678185 ], [ 110.884098, -7.678224 ], [ 110.883921, -7.678256 ], [ 110.883806, -7.678253 ], [ 110.883626, -7.678188 ], [ 110.883425, -7.678045 ], [ 110.883342, -7.677901 ], [ 110.883285, -7.677804 ], [ 110.883198, -7.677739 ], [ 110.883112, -7.677682 ], [ 110.882997, -7.677488 ], [ 110.882828, -7.677208 ], [ 110.882759, -7.677025 ], [ 110.882713, -7.676777 ], [ 110.88268, -7.676626 ], [ 110.882648, -7.676562 ], [ 110.88245, -7.676411 ], [ 110.882267, -7.676289 ], [ 110.881781, -7.676052 ], [ 110.881666, -7.676008 ], [ 110.881176, -7.675886 ], [ 110.88073, -7.675753 ], [ 110.880334, -7.675707 ], [ 110.880133, -7.675721 ], [ 110.880037, -7.675743 ], [ 110.879996, -7.675753 ], [ 110.879856, -7.675685 ], [ 110.879698, -7.675707 ], [ 110.879647, -7.675714 ], [ 110.87958, -7.675735 ], [ 110.879201, -7.675857 ], [ 110.878931, -7.675986 ], [ 110.878718, -7.676079 ], [ 110.878632, -7.676083 ], [ 110.878546, -7.676079 ], [ 110.878484, -7.675993 ], [ 110.878452, -7.675828 ], [ 110.878449, -7.675677 ], [ 110.878488, -7.675512 ], [ 110.878499, -7.675361 ], [ 110.878467, -7.675229 ], [ 110.878405, -7.675157 ], [ 110.878197, -7.675078 ], [ 110.877398, -7.674787 ], [ 110.877164, -7.674719 ], [ 110.877066, -7.67469 ], [ 110.876969, -7.674662 ], [ 110.876811, -7.674629 ], [ 110.876675, -7.674632 ], [ 110.876542, -7.674654 ], [ 110.876394, -7.674679 ], [ 110.876282, -7.674661 ], [ 110.876174, -7.674654 ], [ 110.87607, -7.674603 ], [ 110.875951, -7.674513 ], [ 110.875754, -7.674111 ], [ 110.875692, -7.673896 ], [ 110.875559, -7.673802 ], [ 110.875246, -7.673573 ], [ 110.874897, -7.673314 ], [ 110.874764, -7.673109 ], [ 110.874685, -7.672865 ], [ 110.874599, -7.672564 ], [ 110.874509, -7.672413 ], [ 110.874304, -7.672309 ], [ 110.87403, -7.672305 ], [ 110.87385, -7.672398 ], [ 110.873703, -7.67247 ], [ 110.873599, -7.672474 ], [ 110.873437, -7.672398 ], [ 110.873357, -7.672222 ], [ 110.87326, -7.671637 ], [ 110.873257, -7.671447 ], [ 110.873466, -7.670632 ], [ 110.873574, -7.670165 ], [ 110.873509, -7.669882 ], [ 110.873445, -7.669699 ], [ 110.873293, -7.66954 ], [ 110.873099, -7.6694 ], [ 110.872819, -7.669242 ], [ 110.872455, -7.669059 ], [ 110.872257, -7.669045 ], [ 110.872099, -7.66902 ], [ 110.871804, -7.668854 ], [ 110.871581, -7.668621 ], [ 110.871473, -7.668406 ], [ 110.871369, -7.668129 ], [ 110.871315, -7.667953 ], [ 110.871383, -7.667784 ], [ 110.871459, -7.667713 ], [ 110.871563, -7.667666 ], [ 110.871707, -7.667662 ], [ 110.871873, -7.667695 ], [ 110.872092, -7.667803 ], [ 110.872322, -7.667882 ], [ 110.872578, -7.667921 ], [ 110.872794, -7.667864 ], [ 110.872959, -7.667781 ], [ 110.873061, -7.66764 ], [ 110.873089, -7.667602 ], [ 110.873114, -7.66739 ], [ 110.873078, -7.667071 ], [ 110.873021, -7.666704 ], [ 110.872963, -7.666352 ], [ 110.873007, -7.666137 ], [ 110.872992, -7.665757 ], [ 110.872964, -7.665512 ], [ 110.872859, -7.665049 ], [ 110.872744, -7.664557 ], [ 110.872561, -7.664371 ], [ 110.872363, -7.664252 ], [ 110.872273, -7.664227 ], [ 110.872144, -7.664213 ], [ 110.872046, -7.664227 ], [ 110.871935, -7.664274 ], [ 110.871784, -7.66436 ], [ 110.871701, -7.664449 ], [ 110.871694, -7.664579 ], [ 110.871683, -7.664755 ], [ 110.87165, -7.664902 ], [ 110.871618, -7.664999 ], [ 110.87151, -7.665225 ], [ 110.871387, -7.665376 ], [ 110.871247, -7.665494 ], [ 110.871168, -7.665515 ], [ 110.870812, -7.665925 ], [ 110.870509, -7.666323 ], [ 110.870261, -7.666535 ], [ 110.870052, -7.666585 ], [ 110.869933, -7.666499 ], [ 110.869861, -7.666369 ], [ 110.869534, -7.665831 ], [ 110.869063, -7.665292 ], [ 110.86862, -7.664922 ], [ 110.868386, -7.664761 ], [ 110.868307, -7.664703 ], [ 110.868127, -7.664671 ], [ 110.86794, -7.664671 ], [ 110.867753, -7.664728 ], [ 110.867505, -7.664854 ], [ 110.867267, -7.66499 ], [ 110.867087, -7.66503 ], [ 110.866882, -7.664972 ], [ 110.866447, -7.664746 ], [ 110.865997, -7.664415 ], [ 110.865663, -7.664185 ], [ 110.865526, -7.664146 ], [ 110.86531, -7.66411 ], [ 110.864903, -7.663988 ], [ 110.864637, -7.663815 ], [ 110.864479, -7.663679 ], [ 110.864418, -7.663507 ], [ 110.864468, -7.663327 ], [ 110.864616, -7.663212 ], [ 110.865069, -7.662789 ], [ 110.865254, -7.662485 ], [ 110.86526, -7.661929 ], [ 110.865242, -7.661558 ], [ 110.865231, -7.661289 ], [ 110.865237, -7.661151 ], [ 110.865279, -7.661025 ], [ 110.865381, -7.660918 ], [ 110.865866, -7.660714 ], [ 110.86616, -7.660649 ], [ 110.866754, -7.660637 ], [ 110.867294, -7.660493 ], [ 110.867456, -7.660346 ], [ 110.867496, -7.66026 ], [ 110.867478, -7.660109 ], [ 110.867413, -7.659984 ], [ 110.867258, -7.659811 ], [ 110.867068, -7.659621 ], [ 110.867006, -7.659517 ], [ 110.866971, -7.659418 ], [ 110.866952, -7.659366 ], [ 110.866863, -7.659147 ], [ 110.86674, -7.658907 ], [ 110.866578, -7.658641 ], [ 110.866557, -7.658515 ], [ 110.866582, -7.658422 ], [ 110.866651, -7.658314 ], [ 110.866773, -7.658181 ], [ 110.866845, -7.658038 ], [ 110.866913, -7.657998 ], [ 110.867007, -7.657955 ], [ 110.867133, -7.657945 ], [ 110.867313, -7.658024 ], [ 110.867637, -7.658203 ], [ 110.867816, -7.658286 ], [ 110.868065, -7.65835 ], [ 110.868216, -7.658325 ], [ 110.868291, -7.658272 ], [ 110.868396, -7.658182 ], [ 110.868428, -7.658038 ], [ 110.86841, -7.657712 ], [ 110.868407, -7.657557 ], [ 110.868486, -7.657385 ], [ 110.868997, -7.657019 ], [ 110.869397, -7.656804 ], [ 110.869569, -7.656674 ], [ 110.869623, -7.656588 ], [ 110.86962, -7.65619 ], [ 110.869627, -7.655824 ], [ 110.869663, -7.65563 ], [ 110.869797, -7.655289 ], [ 110.87003, -7.655055 ], [ 110.870185, -7.654765 ], [ 110.870459, -7.65447 ], [ 110.870786, -7.653993 ], [ 110.871258, -7.653408 ], [ 110.87142, -7.653171 ], [ 110.871452, -7.653078 ], [ 110.871474, -7.652963 ], [ 110.87151, -7.652866 ], [ 110.871553, -7.65278 ], [ 110.871607, -7.6526 ], [ 110.871571, -7.652406 ], [ 110.871496, -7.652266 ], [ 110.87123, -7.651954 ], [ 110.871003, -7.651742 ], [ 110.87083, -7.651613 ], [ 110.870744, -7.651595 ], [ 110.870672, -7.651602 ], [ 110.870582, -7.651631 ], [ 110.870377, -7.651735 ], [ 110.87019, -7.651886 ], [ 110.870064, -7.651968 ], [ 110.869956, -7.652051 ], [ 110.869726, -7.652126 ], [ 110.869459, -7.652137 ], [ 110.869218, -7.652083 ], [ 110.869132, -7.65204 ], [ 110.869092, -7.651964 ], [ 110.869092, -7.651799 ], [ 110.8692, -7.651497 ], [ 110.86924, -7.651192 ], [ 110.869222, -7.650905 ], [ 110.869161, -7.650769 ], [ 110.869039, -7.650639 ], [ 110.868884, -7.650571 ], [ 110.868628, -7.650535 ], [ 110.868272, -7.650521 ], [ 110.867952, -7.650553 ], [ 110.86775, -7.65061 ], [ 110.867502, -7.650661 ], [ 110.867391, -7.650639 ], [ 110.867283, -7.65051 ], [ 110.867247, -7.650441 ], [ 110.867142, -7.650197 ], [ 110.86706, -7.650039 ], [ 110.86697, -7.649932 ], [ 110.866873, -7.649853 ], [ 110.866765, -7.649802 ], [ 110.866723, -7.649796 ], [ 110.866588, -7.649777 ], [ 110.866376, -7.649666 ], [ 110.866158, -7.649444 ], [ 110.866135, -7.649422 ], [ 110.865793, -7.649023 ], [ 110.86566, -7.648861 ], [ 110.865542, -7.648653 ], [ 110.86543, -7.648556 ], [ 110.865114, -7.648326 ], [ 110.864834, -7.648093 ], [ 110.864743, -7.648017 ], [ 110.864513, -7.647867 ], [ 110.864354, -7.647823 ], [ 110.864138, -7.647802 ], [ 110.863876, -7.647798 ], [ 110.863768, -7.647838 ], [ 110.863631, -7.647967 ], [ 110.863552, -7.648046 ], [ 110.86343, -7.648053 ], [ 110.863206, -7.648021 ], [ 110.862796, -7.647905 ], [ 110.862444, -7.647798 ], [ 110.862332, -7.647783 ], [ 110.861782, -7.64779 ], [ 110.861483, -7.647801 ], [ 110.861181, -7.647808 ], [ 110.861069, -7.647794 ], [ 110.860882, -7.647682 ], [ 110.860724, -7.647546 ], [ 110.860684, -7.647449 ], [ 110.860663, -7.647259 ], [ 110.860652, -7.646742 ], [ 110.860706, -7.646469 ], [ 110.860807, -7.646182 ], [ 110.860757, -7.645823 ], [ 110.860728, -7.6456 ], [ 110.860728, -7.645431 ], [ 110.86067, -7.645191 ], [ 110.860635, -7.645105 ], [ 110.860563, -7.645026 ], [ 110.8603, -7.644878 ], [ 110.860027, -7.644623 ], [ 110.859883, -7.644376 ], [ 110.859753, -7.644218 ], [ 110.859577, -7.644117 ], [ 110.859293, -7.644024 ], [ 110.859124, -7.643995 ], [ 110.858983, -7.643984 ], [ 110.858846, -7.644016 ], [ 110.858688, -7.644077 ], [ 110.858609, -7.644124 ], [ 110.858559, -7.644142 ], [ 110.858508, -7.644135 ], [ 110.858461, -7.644092 ], [ 110.858379, -7.643969 ], [ 110.85831, -7.643844 ], [ 110.858228, -7.643736 ], [ 110.858159, -7.643693 ], [ 110.858062, -7.643682 ], [ 110.857965, -7.643707 ], [ 110.857864, -7.643768 ], [ 110.857781, -7.643822 ], [ 110.857713, -7.643865 ], [ 110.857623, -7.643869 ], [ 110.857508, -7.643847 ], [ 110.857418, -7.643883 ], [ 110.857234, -7.643883 ], [ 110.856943, -7.643782 ], [ 110.856688, -7.643581 ], [ 110.856447, -7.643337 ], [ 110.856403, -7.643222 ], [ 110.856414, -7.643089 ], [ 110.856443, -7.642971 ], [ 110.856497, -7.642885 ], [ 110.856544, -7.642859 ], [ 110.856634, -7.642849 ], [ 110.856785, -7.642878 ], [ 110.856915, -7.642931 ], [ 110.857055, -7.643021 ], [ 110.857246, -7.643097 ], [ 110.857429, -7.643147 ], [ 110.857713, -7.64309 ], [ 110.857904, -7.642982 ], [ 110.858066, -7.642853 ], [ 110.858113, -7.642749 ], [ 110.858134, -7.642612 ], [ 110.858084, -7.642415 ], [ 110.858013, -7.642282 ], [ 110.858009, -7.642275 ], [ 110.857872, -7.642117 ], [ 110.857732, -7.641962 ], [ 110.85766, -7.641876 ], [ 110.857602, -7.641751 ], [ 110.857581, -7.641672 ], [ 110.857541, -7.641578 ], [ 110.85752, -7.641517 ], [ 110.857473, -7.641445 ], [ 110.857383, -7.64137 ], [ 110.857235, -7.641273 ], [ 110.857113, -7.641219 ], [ 110.856976, -7.641169 ], [ 110.85689, -7.641115 ], [ 110.856214, -7.640921 ], [ 110.856041, -7.640863 ], [ 110.855944, -7.640867 ], [ 110.855893, -7.640888 ], [ 110.855825, -7.640996 ], [ 110.855771, -7.641082 ], [ 110.855627, -7.641183 ], [ 110.855533, -7.641222 ], [ 110.855386, -7.641233 ], [ 110.855292, -7.641236 ], [ 110.855195, -7.641333 ], [ 110.855019, -7.641434 ], [ 110.854846, -7.641498 ], [ 110.854565, -7.641527 ], [ 110.854321, -7.641527 ], [ 110.854011, -7.641473 ], [ 110.853745, -7.641351 ], [ 110.853464, -7.641157 ], [ 110.85322, -7.640963 ], [ 110.853177, -7.640862 ], [ 110.853141, -7.640733 ], [ 110.853177, -7.640607 ], [ 110.853292, -7.640496 ], [ 110.853569, -7.64031 ], [ 110.853724, -7.640234 ], [ 110.853806, -7.640098 ], [ 110.853864, -7.639951 ], [ 110.853814, -7.639861 ], [ 110.853648, -7.639782 ], [ 110.853551, -7.639721 ], [ 110.8535, -7.639608 ], [ 110.852139, -7.640142 ], [ 110.851545, -7.640466 ], [ 110.850287, -7.641031 ], [ 110.849024, -7.64165 ], [ 110.849034, -7.641602 ], [ 110.849245, -7.640768 ], [ 110.849344, -7.640415 ], [ 110.849524, -7.639808 ], [ 110.849541, -7.63975 ], [ 110.849705, -7.639281 ], [ 110.849823, -7.639132 ], [ 110.849866, -7.639107 ], [ 110.849916, -7.639094 ], [ 110.850041, -7.63909 ], [ 110.850355, -7.639054 ], [ 110.850696, -7.639006 ], [ 110.850852, -7.639045 ], [ 110.851014, -7.639072 ], [ 110.851245, -7.639087 ], [ 110.851467, -7.63905 ], [ 110.851586, -7.63903 ], [ 110.851625, -7.639022 ], [ 110.851772, -7.638994 ], [ 110.851928, -7.638934 ], [ 110.852105, -7.63886 ], [ 110.852186, -7.6388 ], [ 110.852216, -7.638704 ], [ 110.852216, -7.638632 ], [ 110.852174, -7.638593 ], [ 110.852154, -7.638588 ], [ 110.852018, -7.638548 ], [ 110.851931, -7.638527 ], [ 110.851825, -7.638481 ], [ 110.851627, -7.63838 ], [ 110.851571, -7.638351 ], [ 110.851441, -7.638262 ], [ 110.851304, -7.63819 ], [ 110.851151, -7.638128 ], [ 110.85121, -7.637998 ], [ 110.851105, -7.637935 ], [ 110.850811, -7.637831 ], [ 110.850447, -7.63767 ], [ 110.850301, -7.637622 ], [ 110.850196, -7.637602 ], [ 110.849943, -7.637552 ], [ 110.849767, -7.637517 ], [ 110.849617, -7.637464 ], [ 110.849616, -7.637464 ], [ 110.849511, -7.637426 ], [ 110.848604, -7.636964 ], [ 110.848091, -7.636494 ], [ 110.847825, -7.636234 ], [ 110.847727, -7.636097 ], [ 110.847689, -7.636044 ], [ 110.847681, -7.635982 ], [ 110.847647, -7.635698 ], [ 110.847646, -7.635685 ], [ 110.847707, -7.635491 ], [ 110.847797, -7.635323 ], [ 110.847927, -7.635186 ], [ 110.848135, -7.635057 ], [ 110.848344, -7.635018 ], [ 110.848661, -7.635065 ], [ 110.848963, -7.635079 ], [ 110.849348, -7.635162 ], [ 110.849473, -7.635217 ], [ 110.84951, -7.635234 ], [ 110.849672, -7.635395 ], [ 110.849791, -7.635521 ], [ 110.84996, -7.635683 ], [ 110.850182, -7.635774 ], [ 110.85022, -7.635789 ], [ 110.850222, -7.63579 ], [ 110.850223, -7.63579 ], [ 110.850362, -7.63582 ], [ 110.850406, -7.63583 ], [ 110.850568, -7.635838 ], [ 110.850617, -7.635838 ], [ 110.850679, -7.635821 ], [ 110.850892, -7.635763 ], [ 110.851271, -7.635486 ], [ 110.85153, -7.635179 ], [ 110.851659, -7.634973 ], [ 110.851702, -7.634758 ], [ 110.851797, -7.634585 ], [ 110.851828, -7.634526 ], [ 110.851908, -7.634381 ], [ 110.852061, -7.634099 ], [ 110.852181, -7.633928 ], [ 110.852352, -7.633684 ], [ 110.852384, -7.633638 ], [ 110.852422, -7.63354 ], [ 110.852445, -7.633481 ], [ 110.852519, -7.633289 ], [ 110.852548, -7.633021 ], [ 110.852485, -7.632805 ], [ 110.852394, -7.63262 ], [ 110.852365, -7.632561 ], [ 110.852261, -7.63246 ], [ 110.852253, -7.632452 ], [ 110.852028, -7.632235 ], [ 110.851918, -7.632114 ], [ 110.851905, -7.632099 ], [ 110.851795, -7.631958 ], [ 110.8518, -7.631857 ], [ 110.851802, -7.631727 ], [ 110.851805, -7.63157 ], [ 110.85182, -7.631515 ], [ 110.851846, -7.63142 ], [ 110.851848, -7.631412 ], [ 110.851877, -7.631283 ], [ 110.85192, -7.631214 ], [ 110.851976, -7.631125 ], [ 110.852045, -7.631029 ], [ 110.85207, -7.630936 ], [ 110.852126, -7.630733 ], [ 110.852209, -7.630372 ], [ 110.852178, -7.630264 ], [ 110.852101, -7.629997 ], [ 110.851972, -7.629839 ], [ 110.851899, -7.629782 ], [ 110.851827, -7.629725 ], [ 110.85182, -7.629719 ], [ 110.85177, -7.629681 ], [ 110.851454, -7.629573 ], [ 110.851151, -7.629659 ], [ 110.850924, -7.62979 ], [ 110.850914, -7.629795 ], [ 110.850787, -7.629893 ], [ 110.850755, -7.629917 ], [ 110.85074, -7.629934 ], [ 110.850671, -7.630008 ], [ 110.850655, -7.630025 ], [ 110.850595, -7.630077 ], [ 110.850539, -7.630125 ], [ 110.850462, -7.630163 ], [ 110.850345, -7.630219 ], [ 110.850201, -7.630247 ], [ 110.850023, -7.630284 ], [ 110.849956, -7.630297 ], [ 110.849738, -7.630325 ], [ 110.849611, -7.63034 ], [ 110.849287, -7.630369 ], [ 110.849189, -7.630377 ], [ 110.849073, -7.630387 ], [ 110.849035, -7.63039 ], [ 110.848675, -7.630484 ], [ 110.848488, -7.630634 ], [ 110.848366, -7.630778 ], [ 110.848366, -7.63095 ], [ 110.848369, -7.630982 ], [ 110.84838, -7.631101 ], [ 110.848371, -7.631126 ], [ 110.848308, -7.631295 ], [ 110.848265, -7.63151 ], [ 110.848258, -7.631683 ], [ 110.848279, -7.631984 ], [ 110.848315, -7.632365 ], [ 110.848315, -7.632395 ], [ 110.848315, -7.632531 ], [ 110.848315, -7.632738 ], [ 110.848344, -7.632925 ], [ 110.848228, -7.63309 ], [ 110.84812, -7.633198 ], [ 110.847969, -7.633226 ], [ 110.847761, -7.633212 ], [ 110.847552, -7.633039 ], [ 110.847358, -7.632731 ], [ 110.847222, -7.632514 ], [ 110.847146, -7.632381 ], [ 110.847122, -7.632352 ], [ 110.847074, -7.632295 ], [ 110.847057, -7.63224 ], [ 110.847046, -7.632205 ], [ 110.847008, -7.632157 ], [ 110.84697, -7.632108 ], [ 110.846922, -7.632026 ], [ 110.84692, -7.632022 ], [ 110.84683, -7.631914 ], [ 110.846617, -7.631806 ], [ 110.846307, -7.631549 ], [ 110.846212, -7.631471 ], [ 110.846069, -7.631412 ], [ 110.845917, -7.631349 ], [ 110.845687, -7.631342 ], [ 110.845356, -7.631413 ], [ 110.844946, -7.631564 ], [ 110.844787, -7.631636 ], [ 110.844679, -7.631758 ], [ 110.844506, -7.631844 ], [ 110.844348, -7.632425 ], [ 110.844283, -7.63272 ], [ 110.844369, -7.632784 ], [ 110.84447, -7.632835 ], [ 110.844816, -7.632921 ], [ 110.845168, -7.632921 ], [ 110.845344, -7.632939 ], [ 110.845456, -7.63295 ], [ 110.845622, -7.633029 ], [ 110.845641, -7.633036 ], [ 110.84614, -7.63323 ], [ 110.846189, -7.63327 ], [ 110.846504, -7.633522 ], [ 110.846565, -7.633623 ], [ 110.846621, -7.633715 ], [ 110.846725, -7.633886 ], [ 110.846897, -7.634145 ], [ 110.846936, -7.634205 ], [ 110.846984, -7.634279 ], [ 110.846984, -7.634345 ], [ 110.846984, -7.634441 ], [ 110.846964, -7.634748 ], [ 110.84683, -7.635207 ], [ 110.846718, -7.635319 ], [ 110.846618, -7.635418 ], [ 110.846551, -7.635485 ], [ 110.846187, -7.635724 ], [ 110.845822, -7.635896 ], [ 110.845477, -7.636049 ], [ 110.845112, -7.636126 ], [ 110.844757, -7.636183 ], [ 110.844354, -7.636068 ], [ 110.844325, -7.636048 ], [ 110.844114, -7.635905 ], [ 110.84401, -7.635761 ], [ 110.843759, -7.635417 ], [ 110.843491, -7.634995 ], [ 110.843414, -7.634687 ], [ 110.843419, -7.634631 ], [ 110.843436, -7.634457 ], [ 110.843486, -7.634234 ], [ 110.843608, -7.634098 ], [ 110.843709, -7.63405 ], [ 110.843817, -7.633998 ], [ 110.843968, -7.633883 ], [ 110.844008, -7.633822 ], [ 110.844062, -7.633739 ], [ 110.844091, -7.633603 ], [ 110.844019, -7.633423 ], [ 110.843904, -7.633265 ], [ 110.843904, -7.633093 ], [ 110.84371, -7.632791 ], [ 110.843537, -7.632683 ], [ 110.843372, -7.632389 ], [ 110.843343, -7.632224 ], [ 110.843285, -7.631973 ], [ 110.843272, -7.631937 ], [ 110.843235, -7.631836 ], [ 110.843235, -7.631649 ], [ 110.843235, -7.631491 ], [ 110.843271, -7.631334 ], [ 110.843273, -7.631328 ], [ 110.843315, -7.631147 ], [ 110.843315, -7.630996 ], [ 110.843286, -7.630831 ], [ 110.843228, -7.630702 ], [ 110.843005, -7.63058 ], [ 110.842948, -7.630562 ], [ 110.84284, -7.630529 ], [ 110.842624, -7.630529 ], [ 110.842466, -7.63063 ], [ 110.842357, -7.630867 ], [ 110.842329, -7.630918 ], [ 110.842156, -7.631233 ], [ 110.842093, -7.631456 ], [ 110.842069, -7.631541 ], [ 110.842041, -7.631642 ], [ 110.841983, -7.631907 ], [ 110.841954, -7.631959 ], [ 110.841904, -7.632051 ], [ 110.841781, -7.632202 ], [ 110.841623, -7.632245 ], [ 110.841479, -7.632245 ], [ 110.841321, -7.632123 ], [ 110.841094, -7.631935 ], [ 110.840853, -7.631763 ], [ 110.840637, -7.631627 ], [ 110.840465, -7.631462 ], [ 110.840364, -7.631305 ], [ 110.840148, -7.630966 ], [ 110.839954, -7.630815 ], [ 110.839834, -7.630815 ], [ 110.83976, -7.630815 ], [ 110.8397, -7.630849 ], [ 110.839544, -7.630937 ], [ 110.839527, -7.630968 ], [ 110.839436, -7.631145 ], [ 110.83927, -7.631404 ], [ 110.839198, -7.631504 ], [ 110.839104, -7.631634 ], [ 110.839032, -7.63177 ], [ 110.83896, -7.631816 ], [ 110.838874, -7.63187 ], [ 110.838744, -7.631928 ], [ 110.838464, -7.632007 ], [ 110.838154, -7.632007 ], [ 110.83791, -7.632006 ], [ 110.837737, -7.631913 ], [ 110.837673, -7.631809 ], [ 110.837622, -7.631726 ], [ 110.837492, -7.631468 ], [ 110.837443, -7.631295 ], [ 110.837392, -7.631116 ], [ 110.83737, -7.630836 ], [ 110.837385, -7.630787 ], [ 110.837404, -7.630728 ], [ 110.837428, -7.630649 ], [ 110.837622, -7.630542 ], [ 110.837794, -7.630456 ], [ 110.838058, -7.630325 ], [ 110.838356, -7.630176 ], [ 110.83863, -7.630032 ], [ 110.838683, -7.629993 ], [ 110.838807, -7.629903 ], [ 110.839063, -7.629633 ], [ 110.839071, -7.629625 ], [ 110.839076, -7.629616 ], [ 110.839171, -7.629455 ], [ 110.839195, -7.629461 ], [ 110.839211, -7.629465 ], [ 110.839353, -7.629499 ], [ 110.839371, -7.629503 ], [ 110.839417, -7.629384 ], [ 110.839488, -7.6292 ], [ 110.839537, -7.629073 ], [ 110.839532, -7.629066 ], [ 110.839442, -7.628922 ], [ 110.839274, -7.628625 ], [ 110.839207, -7.628505 ], [ 110.839097, -7.628395 ], [ 110.839063, -7.62828 ], [ 110.839025, -7.628103 ], [ 110.838996, -7.628031 ], [ 110.838922, -7.627952 ], [ 110.838804, -7.627876 ], [ 110.838601, -7.627769 ], [ 110.838576, -7.627756 ], [ 110.838428, -7.62771 ], [ 110.838425, -7.62771 ], [ 110.838257, -7.627689 ], [ 110.838101, -7.627681 ], [ 110.837748, -7.627592 ], [ 110.837553, -7.627562 ], [ 110.837451, -7.627568 ], [ 110.837376, -7.627625 ], [ 110.837292, -7.627742 ], [ 110.837235, -7.627855 ], [ 110.837226, -7.628026 ], [ 110.837229, -7.628152 ], [ 110.837235, -7.628307 ], [ 110.83722, -7.628547 ], [ 110.83722, -7.628669 ], [ 110.837193, -7.628792 ], [ 110.837154, -7.628929 ], [ 110.837091, -7.628977 ], [ 110.836954, -7.629082 ], [ 110.836798, -7.629185 ], [ 110.836702, -7.629257 ], [ 110.836684, -7.629267 ], [ 110.836582, -7.629324 ], [ 110.836438, -7.629395 ], [ 110.836342, -7.629563 ], [ 110.836294, -7.629749 ], [ 110.836238, -7.630169 ], [ 110.836238, -7.630571 ], [ 110.83631, -7.631174 ], [ 110.836374, -7.631713 ], [ 110.836353, -7.632043 ], [ 110.836293, -7.632208 ], [ 110.836217, -7.632419 ], [ 110.836168, -7.632494 ], [ 110.835995, -7.632763 ], [ 110.835693, -7.632893 ], [ 110.835515, -7.632888 ], [ 110.835362, -7.632825 ], [ 110.835194, -7.632639 ], [ 110.835045, -7.632476 ], [ 110.834896, -7.632327 ], [ 110.834604, -7.632016 ], [ 110.83451, -7.631931 ], [ 110.834508, -7.631912 ], [ 110.834501, -7.631839 ], [ 110.834485, -7.631668 ], [ 110.834494, -7.631618 ], [ 110.834524, -7.631438 ], [ 110.834559, -7.631229 ], [ 110.834573, -7.631151 ], [ 110.834588, -7.631058 ], [ 110.834572, -7.630969 ], [ 110.834495, -7.630541 ], [ 110.834465, -7.630417 ], [ 110.834382, -7.630319 ], [ 110.834365, -7.630298 ], [ 110.83423, -7.630264 ], [ 110.834086, -7.630264 ], [ 110.833957, -7.630283 ], [ 110.833952, -7.630286 ], [ 110.833822, -7.630345 ], [ 110.833669, -7.630484 ], [ 110.833439, -7.630604 ], [ 110.833256, -7.630656 ], [ 110.833169, -7.630639 ], [ 110.833112, -7.630628 ], [ 110.833012, -7.630537 ], [ 110.832777, -7.630174 ], [ 110.832718, -7.62988 ], [ 110.832674, -7.629659 ], [ 110.83267, -7.629573 ], [ 110.832668, -7.62952 ], [ 110.832668, -7.629518 ], [ 110.832654, -7.629207 ], [ 110.832683, -7.628933 ], [ 110.832707, -7.628705 ], [ 110.832701, -7.628513 ], [ 110.832698, -7.628399 ], [ 110.83265, -7.628269 ], [ 110.832544, -7.628063 ], [ 110.832424, -7.627925 ], [ 110.832271, -7.627781 ], [ 110.832137, -7.627656 ], [ 110.831849, -7.627498 ], [ 110.831609, -7.627417 ], [ 110.83155, -7.627404 ], [ 110.831379, -7.627366 ], [ 110.831063, -7.627296 ], [ 110.83099, -7.627283 ], [ 110.830762, -7.627241 ], [ 110.830725, -7.627234 ], [ 110.83061, -7.627212 ], [ 110.830435, -7.627146 ], [ 110.830358, -7.627117 ], [ 110.830208, -7.627021 ], [ 110.830115, -7.626874 ], [ 110.830051, -7.626697 ], [ 110.830004, -7.626425 ], [ 110.830014, -7.626231 ], [ 110.830041, -7.626108 ], [ 110.83009, -7.626 ], [ 110.830098, -7.625983 ], [ 110.830236, -7.62566 ], [ 110.83026, -7.625591 ], [ 110.8304, -7.6252 ], [ 110.830472, -7.624999 ], [ 110.830614, -7.624604 ], [ 110.830719, -7.624355 ], [ 110.830784, -7.624246 ], [ 110.830923, -7.624012 ], [ 110.831053, -7.623795 ], [ 110.831169, -7.623602 ], [ 110.831214, -7.62351 ], [ 110.83126, -7.623415 ], [ 110.83129, -7.623352 ], [ 110.831346, -7.623159 ], [ 110.831343, -7.623033 ], [ 110.831342, -7.623024 ], [ 110.831328, -7.622887 ], [ 110.831259, -7.622635 ], [ 110.831114, -7.622353 ], [ 110.831074, -7.622273 ], [ 110.830875, -7.621961 ], [ 110.830771, -7.621798 ], [ 110.83064, -7.621588 ], [ 110.830465, -7.62131 ], [ 110.830408, -7.621189 ], [ 110.83035, -7.621067 ], [ 110.830291, -7.620943 ], [ 110.830258, -7.620813 ], [ 110.830242, -7.620751 ], [ 110.830241, -7.620744 ], [ 110.830241, -7.620568 ], [ 110.830253, -7.620442 ], [ 110.830304, -7.620251 ], [ 110.830307, -7.620243 ], [ 110.83034, -7.620164 ], [ 110.83041, -7.620032 ], [ 110.830447, -7.619963 ], [ 110.830484, -7.619895 ], [ 110.830601, -7.619679 ], [ 110.830649, -7.619585 ], [ 110.830724, -7.619437 ], [ 110.830817, -7.619248 ], [ 110.830877, -7.619126 ], [ 110.831026, -7.618813 ], [ 110.83106, -7.61874 ], [ 110.831092, -7.618689 ], [ 110.83111, -7.618661 ], [ 110.831237, -7.618459 ], [ 110.831457, -7.618142 ], [ 110.831639, -7.617846 ], [ 110.831661, -7.617799 ], [ 110.831695, -7.617727 ], [ 110.831728, -7.617656 ], [ 110.831768, -7.617572 ], [ 110.831825, -7.617451 ], [ 110.83186, -7.617338 ], [ 110.831879, -7.617277 ], [ 110.831906, -7.617187 ], [ 110.83193, -7.61711 ], [ 110.831955, -7.617119 ], [ 110.831955, -7.61712 ], [ 110.831962, -7.617122 ], [ 110.83206, -7.617152 ], [ 110.832119, -7.617171 ], [ 110.832193, -7.617194 ], [ 110.832258, -7.617214 ], [ 110.832593, -7.617318 ], [ 110.832695, -7.616955 ], [ 110.832697, -7.616951 ], [ 110.832737, -7.616808 ], [ 110.833125, -7.616927 ], [ 110.833428, -7.617019 ], [ 110.833504, -7.617042 ], [ 110.8336, -7.617071 ], [ 110.833603, -7.617072 ], [ 110.833615, -7.616995 ], [ 110.833652, -7.616805 ], [ 110.833693, -7.616598 ], [ 110.833718, -7.616468 ], [ 110.833751, -7.616232 ], [ 110.83376, -7.616173 ], [ 110.833763, -7.616148 ], [ 110.833764, -7.616142 ], [ 110.833767, -7.616123 ], [ 110.83375, -7.61564 ], [ 110.833764, -7.615511 ], [ 110.833775, -7.615421 ], [ 110.833812, -7.615092 ], [ 110.833829, -7.614934 ], [ 110.833862, -7.614804 ], [ 110.833919, -7.614576 ], [ 110.833951, -7.614452 ], [ 110.834072, -7.613968 ], [ 110.834168, -7.61399 ], [ 110.834503, -7.614097 ], [ 110.834591, -7.614126 ], [ 110.835319, -7.614363 ], [ 110.837113, -7.614927 ], [ 110.837957, -7.615207 ], [ 110.838065, -7.615221 ], [ 110.839418, -7.614853 ], [ 110.840526, -7.614554 ], [ 110.841947, -7.614371 ], [ 110.841426, -7.615534 ], [ 110.84071, -7.617163 ], [ 110.839906, -7.618984 ], [ 110.840091, -7.619027 ], [ 110.84033, -7.619133 ], [ 110.840561, -7.619188 ], [ 110.840757, -7.619157 ], [ 110.840978, -7.619195 ], [ 110.841539, -7.619452 ], [ 110.841858, -7.619588 ], [ 110.84205, -7.61965 ], [ 110.842187, -7.619691 ], [ 110.842283, -7.619729 ], [ 110.842336, -7.619794 ], [ 110.842419, -7.619923 ], [ 110.842501, -7.619978 ], [ 110.842552, -7.619977 ], [ 110.84264, -7.619974 ], [ 110.842767, -7.619935 ], [ 110.842894, -7.619801 ], [ 110.843007, -7.619565 ], [ 110.843123, -7.619321 ], [ 110.843219, -7.619045 ], [ 110.84342, -7.618579 ], [ 110.843545, -7.618404 ], [ 110.843615, -7.618292 ], [ 110.843792, -7.618119 ], [ 110.843886, -7.618088 ], [ 110.844061, -7.618124 ], [ 110.84426, -7.618213 ], [ 110.844766, -7.618498 ], [ 110.844852, -7.618543 ], [ 110.844931, -7.618598 ], [ 110.844979, -7.618718 ], [ 110.845039, -7.61891 ], [ 110.845104, -7.618996 ], [ 110.845207, -7.619099 ], [ 110.845337, -7.619163 ], [ 110.845512, -7.619206 ], [ 110.845584, -7.619187 ], [ 110.84567, -7.619106 ], [ 110.845769, -7.618955 ], [ 110.845898, -7.61869 ], [ 110.845925, -7.618615 ], [ 110.845968, -7.618565 ], [ 110.846028, -7.618553 ], [ 110.846112, -7.618556 ], [ 110.846164, -7.618551 ], [ 110.846196, -7.618515 ], [ 110.846201, -7.618415 ], [ 110.846205, -7.618285 ], [ 110.846237, -7.61818 ], [ 110.846311, -7.618144 ], [ 110.846409, -7.618154 ], [ 110.846488, -7.618197 ], [ 110.846541, -7.618252 ], [ 110.846577, -7.61834 ], [ 110.846623, -7.618472 ], [ 110.846668, -7.618513 ], [ 110.846767, -7.618546 ], [ 110.846858, -7.618542 ], [ 110.846978, -7.618525 ], [ 110.847059, -7.618546 ], [ 110.847184, -7.618654 ], [ 110.847256, -7.618781 ], [ 110.847309, -7.618853 ], [ 110.847409, -7.618863 ], [ 110.847517, -7.618796 ], [ 110.847637, -7.618707 ], [ 110.847764, -7.618647 ], [ 110.847971, -7.618657 ], [ 110.848069, -7.618655 ], [ 110.848074, -7.618655 ], [ 110.848622, -7.616953 ], [ 110.848896, -7.616158 ], [ 110.849017, -7.615768 ], [ 110.850123, -7.616297 ], [ 110.850238, -7.616364 ], [ 110.850263, -7.616276 ], [ 110.850315, -7.616086 ], [ 110.850357, -7.616048 ], [ 110.850414, -7.61609 ], [ 110.850508, -7.61618 ], [ 110.850616, -7.616285 ], [ 110.850886, -7.616458 ], [ 110.85103, -7.616511 ], [ 110.851243, -7.616573 ], [ 110.851404, -7.616613 ], [ 110.8516, -7.616638 ], [ 110.851765, -7.616636 ], [ 110.851819, -7.616592 ], [ 110.851838, -7.616462 ], [ 110.851859, -7.616311 ], [ 110.851886, -7.616221 ], [ 110.851923, -7.616108 ], [ 110.851925, -7.615807 ], [ 110.851907, -7.615713 ], [ 110.851909, -7.615529 ], [ 110.851925, -7.615422 ], [ 110.851894, -7.61539 ], [ 110.851689, -7.615323 ], [ 110.850729, -7.615085 ], [ 110.850697, -7.615039 ], [ 110.850724, -7.61497 ], [ 110.850783, -7.614857 ], [ 110.850866, -7.614713 ], [ 110.850897, -7.614597 ], [ 110.850983, -7.614396 ], [ 110.851054, -7.614218 ], [ 110.851012, -7.614191 ], [ 110.850899, -7.614164 ], [ 110.850762, -7.614112 ], [ 110.850342, -7.614016 ], [ 110.850166, -7.61394 ], [ 110.850189, -7.613823 ], [ 110.850291, -7.613524 ], [ 110.850306, -7.613382 ], [ 110.850341, -7.613224 ], [ 110.849997, -7.613114 ], [ 110.85016, -7.612768 ], [ 110.850237, -7.612756 ], [ 110.850423, -7.612741 ], [ 110.850692, -7.61263 ], [ 110.850966, -7.61255 ], [ 110.851124, -7.61245 ], [ 110.851181, -7.612347 ], [ 110.851245, -7.612211 ], [ 110.85146, -7.612232 ], [ 110.851579, -7.612226 ], [ 110.851761, -7.611443 ], [ 110.851865, -7.611036 ], [ 110.85193, -7.610875 ], [ 110.852042, -7.610687 ], [ 110.852247, -7.61018 ], [ 110.852345, -7.609891 ], [ 110.852397, -7.609845 ], [ 110.852481, -7.609835 ], [ 110.852635, -7.609851 ], [ 110.852827, -7.609866 ], [ 110.853174, -7.609899 ], [ 110.853546, -7.609947 ], [ 110.853988, -7.609974 ], [ 110.854164, -7.609957 ], [ 110.854291, -7.609899 ], [ 110.854435, -7.609849 ], [ 110.854615, -7.609836 ], [ 110.854918, -7.609932 ] ] ] } },
{ "type": "Feature", "properties": { "KAB": "KAB SUKOHARJO", "KEC": "KEC. GROGOL", "Sumber": "RTRW Kab. Sukoharjo & Verifikasi Desa", "Tahun": "2014", "Label": "Kec. Grogol", "Luas": 3133.3979206 }, "geometry": { "type": "Polygon", "coordinates": [ [ [ 110.802037, -7.571551 ], [ 110.802068, -7.571595 ], [ 110.802105, -7.571663 ], [ 110.802143, -7.571753 ], [ 110.8022, -7.571896 ], [ 110.802237, -7.571997 ], [ 110.802268, -7.572084 ], [ 110.802324, -7.572221 ], [ 110.802373, -7.572326 ], [ 110.802412, -7.57241 ], [ 110.802454, -7.572491 ], [ 110.802503, -7.572552 ], [ 110.802562, -7.572594 ], [ 110.802716, -7.572659 ], [ 110.802791, -7.572708 ], [ 110.80287, -7.57276 ], [ 110.803137, -7.572867 ], [ 110.803247, -7.572915 ], [ 110.8033, -7.572949 ], [ 110.80337, -7.572997 ], [ 110.803462, -7.573065 ], [ 110.803504, -7.573096 ], [ 110.80372, -7.573222 ], [ 110.803829, -7.573325 ], [ 110.803899, -7.573405 ], [ 110.803938, -7.57345 ], [ 110.804053, -7.57355 ], [ 110.80407, -7.573564 ], [ 110.804126, -7.573591 ], [ 110.804195, -7.573604 ], [ 110.804316, -7.573611 ], [ 110.804442, -7.57362 ], [ 110.80454, -7.573642 ], [ 110.804639, -7.573696 ], [ 110.804694, -7.573739 ], [ 110.804753, -7.573826 ], [ 110.804789, -7.573916 ], [ 110.804797, -7.573975 ], [ 110.804794, -7.574068 ], [ 110.804757, -7.574226 ], [ 110.804738, -7.574323 ], [ 110.804723, -7.574435 ], [ 110.804718, -7.574501 ], [ 110.804719, -7.574674 ], [ 110.804727, -7.574731 ], [ 110.804773, -7.574827 ], [ 110.804873, -7.574964 ], [ 110.804928, -7.575018 ], [ 110.80504, -7.575108 ], [ 110.80521, -7.575238 ], [ 110.805278, -7.575329 ], [ 110.805347, -7.57547 ], [ 110.805361, -7.575558 ], [ 110.805363, -7.575627 ], [ 110.805342, -7.57571 ], [ 110.805314, -7.575762 ], [ 110.80529, -7.575795 ], [ 110.805238, -7.575927 ], [ 110.80519, -7.57604 ], [ 110.805167, -7.57608 ], [ 110.80514, -7.576108 ], [ 110.805112, -7.576138 ], [ 110.805077, -7.576182 ], [ 110.805016, -7.576268 ], [ 110.804995, -7.576332 ], [ 110.804952, -7.576468 ], [ 110.804935, -7.576594 ], [ 110.80496, -7.576655 ], [ 110.804989, -7.576691 ], [ 110.805224, -7.576844 ], [ 110.805395, -7.576958 ], [ 110.80551, -7.57704 ], [ 110.805643, -7.577151 ], [ 110.805799, -7.577258 ], [ 110.805917, -7.577335 ], [ 110.80606, -7.577513 ], [ 110.806133, -7.577651 ], [ 110.806148, -7.577713 ], [ 110.80615, -7.577787 ], [ 110.806151, -7.577836 ], [ 110.806131, -7.578162 ], [ 110.806135, -7.578244 ], [ 110.806174, -7.578379 ], [ 110.806239, -7.578535 ], [ 110.806377, -7.578756 ], [ 110.806436, -7.578886 ], [ 110.806453, -7.57894 ], [ 110.806488, -7.579052 ], [ 110.806522, -7.579202 ], [ 110.806582, -7.579429 ], [ 110.806603, -7.579535 ], [ 110.806648, -7.579587 ], [ 110.806732, -7.579639 ], [ 110.806833, -7.579676 ], [ 110.807019, -7.579728 ], [ 110.807088, -7.579747 ], [ 110.807149, -7.57978 ], [ 110.807208, -7.579849 ], [ 110.807288, -7.579966 ], [ 110.807316, -7.580012 ], [ 110.807387, -7.580128 ], [ 110.807521, -7.580324 ], [ 110.807578, -7.580389 ], [ 110.807667, -7.580458 ], [ 110.807764, -7.580507 ], [ 110.807822, -7.580521 ], [ 110.807939, -7.580533 ], [ 110.808068, -7.58051 ], [ 110.808109, -7.580502 ], [ 110.808293, -7.580477 ], [ 110.808376, -7.580477 ], [ 110.80844, -7.580492 ], [ 110.808575, -7.580579 ], [ 110.808616, -7.580629 ], [ 110.80868, -7.580673 ], [ 110.808863, -7.580734 ], [ 110.808967, -7.580758 ], [ 110.809034, -7.580774 ], [ 110.809144, -7.580799 ], [ 110.809253, -7.580853 ], [ 110.809362, -7.580919 ], [ 110.809467, -7.581017 ], [ 110.809517, -7.581151 ], [ 110.80958, -7.58137 ], [ 110.809623, -7.581551 ], [ 110.809638, -7.581625 ], [ 110.809624, -7.5818 ], [ 110.809607, -7.581948 ], [ 110.809601, -7.582054 ], [ 110.809606, -7.582346 ], [ 110.809628, -7.582556 ], [ 110.809635, -7.58275 ], [ 110.809647, -7.582924 ], [ 110.809651, -7.582954 ], [ 110.809687, -7.58303 ], [ 110.809719, -7.583097 ], [ 110.809817, -7.583183 ], [ 110.809882, -7.583211 ], [ 110.809981, -7.583207 ], [ 110.810112, -7.583176 ], [ 110.810303, -7.583148 ], [ 110.81044, -7.583155 ], [ 110.810579, -7.583181 ], [ 110.810825, -7.58326 ], [ 110.810957, -7.583288 ], [ 110.811169, -7.583316 ], [ 110.81129, -7.583349 ], [ 110.811397, -7.583395 ], [ 110.811511, -7.583461 ], [ 110.811579, -7.583518 ], [ 110.81165, -7.583577 ], [ 110.811753, -7.583651 ], [ 110.811854, -7.583723 ], [ 110.811998, -7.58384 ], [ 110.812142, -7.584004 ], [ 110.812263, -7.584155 ], [ 110.812385, -7.584283 ], [ 110.812479, -7.584388 ], [ 110.812609, -7.584527 ], [ 110.812801, -7.584717 ], [ 110.812984, -7.584905 ], [ 110.813171, -7.585074 ], [ 110.813328, -7.585226 ], [ 110.813396, -7.585297 ], [ 110.813563, -7.585453 ], [ 110.813748, -7.585648 ], [ 110.813972, -7.58585 ], [ 110.814119, -7.585994 ], [ 110.814337, -7.586215 ], [ 110.814492, -7.586352 ], [ 110.81464, -7.586492 ], [ 110.814812, -7.58665 ], [ 110.814987, -7.586816 ], [ 110.815182, -7.586999 ], [ 110.815349, -7.587144 ], [ 110.815591, -7.587332 ], [ 110.815774, -7.587474 ], [ 110.816028, -7.58767 ], [ 110.8163, -7.587865 ], [ 110.816589, -7.588078 ], [ 110.816709, -7.588178 ], [ 110.816791, -7.588235 ], [ 110.816904, -7.588315 ], [ 110.817068, -7.58843 ], [ 110.817236, -7.588546 ], [ 110.81742, -7.588684 ], [ 110.817581, -7.588803 ], [ 110.817682, -7.58889 ], [ 110.817637, -7.588999 ], [ 110.817624, -7.589031 ], [ 110.817597, -7.589094 ], [ 110.817548, -7.589213 ], [ 110.817491, -7.589352 ], [ 110.817478, -7.589382 ], [ 110.817443, -7.589468 ], [ 110.817412, -7.589543 ], [ 110.817371, -7.589641 ], [ 110.817339, -7.589719 ], [ 110.81725, -7.589918 ], [ 110.817244, -7.589932 ], [ 110.81719, -7.590071 ], [ 110.817162, -7.590166 ], [ 110.817151, -7.59021 ], [ 110.817148, -7.590224 ], [ 110.817132, -7.590341 ], [ 110.817112, -7.590515 ], [ 110.817098, -7.590633 ], [ 110.817071, -7.590797 ], [ 110.817065, -7.590835 ], [ 110.81704, -7.590914 ], [ 110.816979, -7.591104 ], [ 110.816959, -7.591165 ], [ 110.816949, -7.591194 ], [ 110.816929, -7.591271 ], [ 110.816889, -7.591417 ], [ 110.816888, -7.591423 ], [ 110.816877, -7.591462 ], [ 110.816852, -7.591554 ], [ 110.816832, -7.591628 ], [ 110.816805, -7.591729 ], [ 110.816786, -7.5918 ], [ 110.816784, -7.591808 ], [ 110.816794, -7.59181 ], [ 110.817096, -7.59191 ], [ 110.817184, -7.591944 ], [ 110.817273, -7.591975 ], [ 110.817292, -7.592013 ], [ 110.81729, -7.592052 ], [ 110.817286, -7.592092 ], [ 110.817295, -7.592121 ], [ 110.817297, -7.592143 ], [ 110.817293, -7.59218 ], [ 110.817287, -7.592215 ], [ 110.817279, -7.592261 ], [ 110.817279, -7.59228 ], [ 110.817284, -7.59231 ], [ 110.817288, -7.592333 ], [ 110.817308, -7.5924 ], [ 110.817324, -7.592448 ], [ 110.817337, -7.592486 ], [ 110.817359, -7.592559 ], [ 110.817371, -7.592647 ], [ 110.817372, -7.59274 ], [ 110.817373, -7.592815 ], [ 110.817375, -7.5929 ], [ 110.817387, -7.592954 ], [ 110.817408, -7.593037 ], [ 110.817434, -7.59308 ], [ 110.817473, -7.593114 ], [ 110.817516, -7.59314 ], [ 110.8176, -7.59317 ], [ 110.817674, -7.593187 ], [ 110.817741, -7.59319 ], [ 110.817858, -7.593189 ], [ 110.81794, -7.593204 ], [ 110.818035, -7.593226 ], [ 110.818088, -7.593243 ], [ 110.818115, -7.593263 ], [ 110.818154, -7.593295 ], [ 110.818172, -7.593317 ], [ 110.818213, -7.593388 ], [ 110.81825, -7.593485 ], [ 110.818255, -7.59355 ], [ 110.818262, -7.593646 ], [ 110.818257, -7.593778 ], [ 110.818253, -7.59389 ], [ 110.818248, -7.593965 ], [ 110.818245, -7.594032 ], [ 110.818246, -7.594044 ], [ 110.81825, -7.594062 ], [ 110.818257, -7.594093 ], [ 110.818281, -7.594127 ], [ 110.8183, -7.594136 ], [ 110.818342, -7.594149 ], [ 110.818429, -7.594175 ], [ 110.818501, -7.594191 ], [ 110.818524, -7.5942 ], [ 110.818545, -7.594223 ], [ 110.818556, -7.594236 ], [ 110.81856, -7.594262 ], [ 110.818557, -7.594302 ], [ 110.81856, -7.594349 ], [ 110.81857, -7.594411 ], [ 110.818593, -7.594447 ], [ 110.818639, -7.594499 ], [ 110.818659, -7.594512 ], [ 110.818717, -7.594542 ], [ 110.818756, -7.594573 ], [ 110.818783, -7.594598 ], [ 110.818802, -7.594618 ], [ 110.81882, -7.594632 ], [ 110.818828, -7.594638 ], [ 110.818836, -7.594645 ], [ 110.81887, -7.594652 ], [ 110.818929, -7.594663 ], [ 110.818959, -7.594664 ], [ 110.81902, -7.594664 ], [ 110.819061, -7.594667 ], [ 110.819105, -7.594672 ], [ 110.819119, -7.594679 ], [ 110.819133, -7.594695 ], [ 110.819151, -7.59472 ], [ 110.81916, -7.594732 ], [ 110.81919, -7.594754 ], [ 110.819224, -7.59478 ], [ 110.819259, -7.594797 ], [ 110.819292, -7.594807 ], [ 110.819342, -7.594813 ], [ 110.819397, -7.59481 ], [ 110.819451, -7.594804 ], [ 110.819504, -7.594805 ], [ 110.819567, -7.594808 ], [ 110.819594, -7.5948 ], [ 110.819613, -7.594785 ], [ 110.81963, -7.594766 ], [ 110.819648, -7.594727 ], [ 110.819671, -7.594648 ], [ 110.819683, -7.594624 ], [ 110.819706, -7.594603 ], [ 110.819728, -7.594596 ], [ 110.819785, -7.594585 ], [ 110.819815, -7.594579 ], [ 110.819851, -7.59457 ], [ 110.819886, -7.594569 ], [ 110.819933, -7.594573 ], [ 110.819976, -7.594582 ], [ 110.820003, -7.594597 ], [ 110.820027, -7.594619 ], [ 110.82004, -7.594645 ], [ 110.820057, -7.594696 ], [ 110.820066, -7.594747 ], [ 110.82008, -7.594779 ], [ 110.820101, -7.594808 ], [ 110.820133, -7.594826 ], [ 110.820175, -7.594835 ], [ 110.820241, -7.594839 ], [ 110.820321, -7.594841 ], [ 110.820406, -7.594832 ], [ 110.820512, -7.594815 ], [ 110.820583, -7.594798 ], [ 110.820639, -7.594782 ], [ 110.820681, -7.594772 ], [ 110.820715, -7.59477 ], [ 110.820754, -7.594774 ], [ 110.820804, -7.594788 ], [ 110.820844, -7.594802 ], [ 110.820873, -7.594825 ], [ 110.820895, -7.594852 ], [ 110.820907, -7.594875 ], [ 110.820937, -7.594893 ], [ 110.820989, -7.594923 ], [ 110.82104, -7.594949 ], [ 110.821104, -7.594981 ], [ 110.821219, -7.595039 ], [ 110.821277, -7.595053 ], [ 110.821324, -7.595063 ], [ 110.821378, -7.595083 ], [ 110.821422, -7.595114 ], [ 110.821456, -7.595134 ], [ 110.821515, -7.595161 ], [ 110.821591, -7.595197 ], [ 110.821618, -7.595217 ], [ 110.821664, -7.59525 ], [ 110.821699, -7.595266 ], [ 110.821753, -7.595275 ], [ 110.821803, -7.595277 ], [ 110.821858, -7.595272 ], [ 110.821944, -7.595257 ], [ 110.82204, -7.595227 ], [ 110.822137, -7.595202 ], [ 110.822217, -7.595186 ], [ 110.822287, -7.595165 ], [ 110.822349, -7.595135 ], [ 110.822398, -7.595042 ], [ 110.822416, -7.594993 ], [ 110.822426, -7.594934 ], [ 110.822439, -7.594847 ], [ 110.822462, -7.594796 ], [ 110.822464, -7.594791 ], [ 110.822508, -7.594733 ], [ 110.822566, -7.594689 ], [ 110.822611, -7.594681 ], [ 110.822643, -7.59468 ], [ 110.8227, -7.594685 ], [ 110.822779, -7.594708 ], [ 110.822928, -7.594767 ], [ 110.82314, -7.59485 ], [ 110.823286, -7.594919 ], [ 110.823408, -7.594975 ], [ 110.823546, -7.595041 ], [ 110.823613, -7.595063 ], [ 110.823667, -7.595082 ], [ 110.823739, -7.595082 ], [ 110.823809, -7.595061 ], [ 110.823873, -7.595013 ], [ 110.823897, -7.594973 ], [ 110.823969, -7.594795 ], [ 110.824023, -7.594652 ], [ 110.824082, -7.594492 ], [ 110.824143, -7.594323 ], [ 110.824181, -7.594253 ], [ 110.824219, -7.594228 ], [ 110.824264, -7.59422 ], [ 110.824327, -7.59422 ], [ 110.824367, -7.594242 ], [ 110.824384, -7.594269 ], [ 110.824395, -7.594321 ], [ 110.824396, -7.594393 ], [ 110.824401, -7.594444 ], [ 110.824427, -7.59452 ], [ 110.824468, -7.594563 ], [ 110.824509, -7.594595 ], [ 110.824565, -7.59463 ], [ 110.824644, -7.594665 ], [ 110.824695, -7.594673 ], [ 110.824753, -7.594669 ], [ 110.824797, -7.594659 ], [ 110.824885, -7.594608 ], [ 110.824919, -7.594558 ], [ 110.824934, -7.594523 ], [ 110.824936, -7.594489 ], [ 110.824929, -7.594441 ], [ 110.82491, -7.594372 ], [ 110.824886, -7.594295 ], [ 110.824854, -7.594217 ], [ 110.824843, -7.594168 ], [ 110.824846, -7.594112 ], [ 110.824854, -7.59407 ], [ 110.824878, -7.594017 ], [ 110.824919, -7.593981 ], [ 110.824966, -7.593956 ], [ 110.825032, -7.593933 ], [ 110.82508, -7.593922 ], [ 110.825151, -7.593889 ], [ 110.825181, -7.593876 ], [ 110.825288, -7.593847 ], [ 110.825381, -7.593832 ], [ 110.825426, -7.593837 ], [ 110.82549, -7.593836 ], [ 110.825562, -7.593822 ], [ 110.825632, -7.593808 ], [ 110.825712, -7.593785 ], [ 110.825777, -7.593768 ], [ 110.825808, -7.593762 ], [ 110.825862, -7.593771 ], [ 110.82591, -7.593797 ], [ 110.825944, -7.593833 ], [ 110.825959, -7.593858 ], [ 110.825977, -7.593919 ], [ 110.826012, -7.593997 ], [ 110.826048, -7.594067 ], [ 110.826079, -7.594105 ], [ 110.826122, -7.594134 ], [ 110.826169, -7.594136 ], [ 110.826233, -7.594133 ], [ 110.826267, -7.594122 ], [ 110.826362, -7.594051 ], [ 110.826434, -7.593994 ], [ 110.82657, -7.593911 ], [ 110.826711, -7.593836 ], [ 110.826852, -7.593779 ], [ 110.826997, -7.593727 ], [ 110.827123, -7.593693 ], [ 110.827223, -7.593693 ], [ 110.827339, -7.593726 ], [ 110.827423, -7.593771 ], [ 110.827478, -7.593787 ], [ 110.82758, -7.593812 ], [ 110.827607, -7.593812 ], [ 110.827688, -7.593814 ], [ 110.82776, -7.593807 ], [ 110.82782, -7.593771 ], [ 110.827873, -7.593685 ], [ 110.827914, -7.593424 ], [ 110.827921, -7.593273 ], [ 110.82796, -7.593113 ], [ 110.828061, -7.592803 ], [ 110.828079, -7.592757 ], [ 110.828552, -7.592805 ], [ 110.829242, -7.592886 ], [ 110.829632, -7.592973 ], [ 110.83, -7.593173 ], [ 110.830372, -7.59344 ], [ 110.830873, -7.593766 ], [ 110.831412, -7.594203 ], [ 110.83179, -7.594505 ], [ 110.832141, -7.594712 ], [ 110.8325, -7.594877 ], [ 110.832632, -7.594906 ], [ 110.832752, -7.594913 ], [ 110.832983, -7.59485 ], [ 110.833169, -7.594784 ], [ 110.833559, -7.5945 ], [ 110.83388, -7.594177 ], [ 110.834622, -7.593299 ], [ 110.835245, -7.592493 ], [ 110.835728, -7.591868 ], [ 110.835941, -7.591659 ], [ 110.836768, -7.590935 ], [ 110.837158, -7.590597 ], [ 110.83729, -7.590526 ], [ 110.837506, -7.59046 ], [ 110.837968, -7.590364 ], [ 110.838645, -7.590293 ], [ 110.839467, -7.590248 ], [ 110.840145, -7.590251 ], [ 110.840125, -7.590273 ], [ 110.839986, -7.590422 ], [ 110.839793, -7.590689 ], [ 110.839727, -7.59078 ], [ 110.839542, -7.591036 ], [ 110.839533, -7.591049 ], [ 110.839205, -7.591515 ], [ 110.839097, -7.591669 ], [ 110.838386, -7.592565 ], [ 110.837732, -7.593402 ], [ 110.837348, -7.593894 ], [ 110.836709, -7.594424 ], [ 110.836512, -7.594558 ], [ 110.835569, -7.595198 ], [ 110.834813, -7.595679 ], [ 110.834663, -7.595788 ], [ 110.833921, -7.596328 ], [ 110.833187, -7.596924 ], [ 110.832812, -7.597278 ], [ 110.83278, -7.597308 ], [ 110.832676, -7.59752 ], [ 110.832636, -7.597828 ], [ 110.832666, -7.597974 ], [ 110.832675, -7.598019 ], [ 110.832696, -7.598076 ], [ 110.832784, -7.598317 ], [ 110.832822, -7.598396 ], [ 110.83288, -7.59852 ], [ 110.83311, -7.599006 ], [ 110.833326, -7.599419 ], [ 110.833653, -7.600072 ], [ 110.833691, -7.600168 ], [ 110.83384, -7.600539 ], [ 110.8342, -7.601491 ], [ 110.834208, -7.601529 ], [ 110.834382, -7.602342 ], [ 110.83441, -7.602521 ], [ 110.834426, -7.602622 ], [ 110.834404, -7.602923 ], [ 110.834346, -7.603049 ], [ 110.834239, -7.603186 ], [ 110.834053, -7.603423 ], [ 110.833819, -7.60372 ], [ 110.833461, -7.604097 ], [ 110.833294, -7.60434 ], [ 110.833213, -7.604459 ], [ 110.832978, -7.604965 ], [ 110.832849, -7.605324 ], [ 110.832769, -7.605676 ], [ 110.832724, -7.606185 ], [ 110.832721, -7.606212 ], [ 110.832751, -7.607099 ], [ 110.832839, -7.608338 ], [ 110.832957, -7.609107 ], [ 110.833005, -7.609342 ], [ 110.833167, -7.609905 ], [ 110.833238, -7.6101 ], [ 110.833289, -7.61024 ], [ 110.833308, -7.610431 ], [ 110.83327, -7.610587 ], [ 110.833207, -7.610747 ], [ 110.833159, -7.61081 ], [ 110.833105, -7.61088 ], [ 110.832864, -7.611118 ], [ 110.832737, -7.611245 ], [ 110.832651, -7.611319 ], [ 110.832593, -7.611369 ], [ 110.832065, -7.611673 ], [ 110.831916, -7.61174 ], [ 110.831881, -7.611758 ], [ 110.831807, -7.611797 ], [ 110.83169, -7.611918 ], [ 110.831644, -7.611964 ], [ 110.831438, -7.612205 ], [ 110.83139, -7.612261 ], [ 110.831208, -7.612505 ], [ 110.831107, -7.612673 ], [ 110.831063, -7.612816 ], [ 110.831039, -7.612969 ], [ 110.831036, -7.613244 ], [ 110.831041, -7.61358 ], [ 110.831148, -7.6141 ], [ 110.831339, -7.614407 ], [ 110.831534, -7.614678 ], [ 110.831688, -7.61489 ], [ 110.831805, -7.615091 ], [ 110.831868, -7.61521 ], [ 110.831966, -7.6157 ], [ 110.832009, -7.615916 ], [ 110.832036, -7.616343 ], [ 110.832031, -7.616394 ], [ 110.831977, -7.616904 ], [ 110.83193, -7.61711 ], [ 110.831906, -7.617187 ], [ 110.831879, -7.617277 ], [ 110.83186, -7.617338 ], [ 110.831825, -7.617451 ], [ 110.831768, -7.617572 ], [ 110.831728, -7.617656 ], [ 110.831695, -7.617727 ], [ 110.831661, -7.617799 ], [ 110.831639, -7.617846 ], [ 110.831457, -7.618142 ], [ 110.831237, -7.618459 ], [ 110.83111, -7.618661 ], [ 110.831092, -7.618689 ], [ 110.83106, -7.61874 ], [ 110.831026, -7.618813 ], [ 110.830877, -7.619126 ], [ 110.830817, -7.619248 ], [ 110.830724, -7.619437 ], [ 110.830649, -7.619585 ], [ 110.830601, -7.619679 ], [ 110.830484, -7.619895 ], [ 110.830447, -7.619963 ], [ 110.83041, -7.620032 ], [ 110.83034, -7.620164 ], [ 110.830307, -7.620243 ], [ 110.830304, -7.620251 ], [ 110.830253, -7.620442 ], [ 110.830241, -7.620568 ], [ 110.830241, -7.620744 ], [ 110.830242, -7.620751 ], [ 110.830258, -7.620813 ], [ 110.830291, -7.620943 ], [ 110.83035, -7.621067 ], [ 110.830408, -7.621189 ], [ 110.830465, -7.62131 ], [ 110.83064, -7.621588 ], [ 110.830771, -7.621798 ], [ 110.830875, -7.621961 ], [ 110.831074, -7.622273 ], [ 110.831114, -7.622353 ], [ 110.831259, -7.622635 ], [ 110.831328, -7.622887 ], [ 110.831342, -7.623024 ], [ 110.831343, -7.623033 ], [ 110.831346, -7.623159 ], [ 110.83129, -7.623352 ], [ 110.83126, -7.623415 ], [ 110.831214, -7.62351 ], [ 110.831169, -7.623602 ], [ 110.831053, -7.623795 ], [ 110.830923, -7.624012 ], [ 110.830784, -7.624246 ], [ 110.830719, -7.624355 ], [ 110.830614, -7.624604 ], [ 110.830472, -7.624999 ], [ 110.8304, -7.6252 ], [ 110.83026, -7.625591 ], [ 110.830236, -7.62566 ], [ 110.830098, -7.625983 ], [ 110.83009, -7.626 ], [ 110.830041, -7.626108 ], [ 110.830014, -7.626231 ], [ 110.830004, -7.626425 ], [ 110.830051, -7.626697 ], [ 110.830115, -7.626874 ], [ 110.830208, -7.627021 ], [ 110.830358, -7.627117 ], [ 110.830435, -7.627146 ], [ 110.83061, -7.627212 ], [ 110.830725, -7.627234 ], [ 110.830762, -7.627241 ], [ 110.83099, -7.627283 ], [ 110.831063, -7.627296 ], [ 110.831379, -7.627366 ], [ 110.83155, -7.627404 ], [ 110.831609, -7.627417 ], [ 110.831849, -7.627498 ], [ 110.832137, -7.627656 ], [ 110.832271, -7.627781 ], [ 110.832424, -7.627925 ], [ 110.832544, -7.628063 ], [ 110.83265, -7.628269 ], [ 110.832698, -7.628399 ], [ 110.832701, -7.628513 ], [ 110.832707, -7.628705 ], [ 110.832683, -7.628933 ], [ 110.832654, -7.629207 ], [ 110.832668, -7.629518 ], [ 110.832668, -7.62952 ], [ 110.83267, -7.629573 ], [ 110.832674, -7.629659 ], [ 110.832718, -7.62988 ], [ 110.832777, -7.630174 ], [ 110.833012, -7.630537 ], [ 110.833112, -7.630628 ], [ 110.833169, -7.630639 ], [ 110.833256, -7.630656 ], [ 110.833439, -7.630604 ], [ 110.833669, -7.630484 ], [ 110.833822, -7.630345 ], [ 110.833952, -7.630286 ], [ 110.833957, -7.630283 ], [ 110.834086, -7.630264 ], [ 110.83423, -7.630264 ], [ 110.834365, -7.630298 ], [ 110.834382, -7.630319 ], [ 110.834465, -7.630417 ], [ 110.834495, -7.630541 ], [ 110.834572, -7.630969 ], [ 110.834588, -7.631058 ], [ 110.834573, -7.631151 ], [ 110.834559, -7.631229 ], [ 110.834524, -7.631438 ], [ 110.834494, -7.631618 ], [ 110.834485, -7.631668 ], [ 110.834501, -7.631839 ], [ 110.834508, -7.631912 ], [ 110.83451, -7.631931 ], [ 110.834604, -7.632016 ], [ 110.834896, -7.632327 ], [ 110.835045, -7.632476 ], [ 110.835194, -7.632639 ], [ 110.835362, -7.632825 ], [ 110.835515, -7.632888 ], [ 110.835693, -7.632893 ], [ 110.835995, -7.632763 ], [ 110.836168, -7.632494 ], [ 110.836217, -7.632419 ], [ 110.836293, -7.632208 ], [ 110.836353, -7.632043 ], [ 110.836374, -7.631713 ], [ 110.83631, -7.631174 ], [ 110.836238, -7.630571 ], [ 110.836238, -7.630169 ], [ 110.836294, -7.629749 ], [ 110.836342, -7.629563 ], [ 110.836438, -7.629395 ], [ 110.836582, -7.629324 ], [ 110.836684, -7.629267 ], [ 110.836702, -7.629257 ], [ 110.836798, -7.629185 ], [ 110.836954, -7.629082 ], [ 110.837091, -7.628977 ], [ 110.837154, -7.628929 ], [ 110.837193, -7.628792 ], [ 110.83722, -7.628669 ], [ 110.83722, -7.628547 ], [ 110.837235, -7.628307 ], [ 110.837229, -7.628152 ], [ 110.837226, -7.628026 ], [ 110.837235, -7.627855 ], [ 110.837292, -7.627742 ], [ 110.837376, -7.627625 ], [ 110.837451, -7.627568 ], [ 110.837553, -7.627562 ], [ 110.837748, -7.627592 ], [ 110.838101, -7.627681 ], [ 110.838257, -7.627689 ], [ 110.838425, -7.62771 ], [ 110.838428, -7.62771 ], [ 110.838576, -7.627756 ], [ 110.838601, -7.627769 ], [ 110.838804, -7.627876 ], [ 110.838922, -7.627952 ], [ 110.838996, -7.628031 ], [ 110.839025, -7.628103 ], [ 110.839063, -7.62828 ], [ 110.839097, -7.628395 ], [ 110.839207, -7.628505 ], [ 110.839274, -7.628625 ], [ 110.839442, -7.628922 ], [ 110.839532, -7.629066 ], [ 110.839537, -7.629073 ], [ 110.839488, -7.6292 ], [ 110.839417, -7.629384 ], [ 110.839371, -7.629503 ], [ 110.839353, -7.629499 ], [ 110.839211, -7.629465 ], [ 110.839195, -7.629461 ], [ 110.839171, -7.629455 ], [ 110.839076, -7.629616 ], [ 110.839071, -7.629625 ], [ 110.839063, -7.629633 ], [ 110.838807, -7.629903 ], [ 110.838683, -7.629993 ], [ 110.83863, -7.630032 ], [ 110.838356, -7.630176 ], [ 110.838058, -7.630325 ], [ 110.837794, -7.630456 ], [ 110.837622, -7.630542 ], [ 110.837428, -7.630649 ], [ 110.837404, -7.630728 ], [ 110.837385, -7.630787 ], [ 110.83737, -7.630836 ], [ 110.837392, -7.631116 ], [ 110.837443, -7.631295 ], [ 110.837492, -7.631468 ], [ 110.837622, -7.631726 ], [ 110.837673, -7.631809 ], [ 110.837737, -7.631913 ], [ 110.83791, -7.632006 ], [ 110.838154, -7.632007 ], [ 110.838464, -7.632007 ], [ 110.838744, -7.631928 ], [ 110.838874, -7.63187 ], [ 110.83896, -7.631816 ], [ 110.839032, -7.63177 ], [ 110.839104, -7.631634 ], [ 110.839198, -7.631504 ], [ 110.83927, -7.631404 ], [ 110.839436, -7.631145 ], [ 110.839527, -7.630968 ], [ 110.839544, -7.630937 ], [ 110.8397, -7.630849 ], [ 110.83976, -7.630815 ], [ 110.839834, -7.630815 ], [ 110.839954, -7.630815 ], [ 110.840148, -7.630966 ], [ 110.840364, -7.631305 ], [ 110.840465, -7.631462 ], [ 110.840637, -7.631627 ], [ 110.840853, -7.631763 ], [ 110.841094, -7.631935 ], [ 110.841321, -7.632123 ], [ 110.841479, -7.632245 ], [ 110.841623, -7.632245 ], [ 110.841781, -7.632202 ], [ 110.841904, -7.632051 ], [ 110.841954, -7.631959 ], [ 110.841983, -7.631907 ], [ 110.842041, -7.631642 ], [ 110.842069, -7.631541 ], [ 110.842093, -7.631456 ], [ 110.842156, -7.631233 ], [ 110.842329, -7.630918 ], [ 110.842357, -7.630867 ], [ 110.842466, -7.63063 ], [ 110.842624, -7.630529 ], [ 110.84284, -7.630529 ], [ 110.842948, -7.630562 ], [ 110.843005, -7.63058 ], [ 110.843228, -7.630702 ], [ 110.843286, -7.630831 ], [ 110.843315, -7.630996 ], [ 110.843315, -7.631147 ], [ 110.843273, -7.631328 ], [ 110.843271, -7.631334 ], [ 110.843235, -7.631491 ], [ 110.843235, -7.631649 ], [ 110.843235, -7.631836 ], [ 110.843272, -7.631937 ], [ 110.843285, -7.631973 ], [ 110.843343, -7.632224 ], [ 110.843372, -7.632389 ], [ 110.843537, -7.632683 ], [ 110.84371, -7.632791 ], [ 110.843904, -7.633093 ], [ 110.843904, -7.633265 ], [ 110.844019, -7.633423 ], [ 110.844091, -7.633603 ], [ 110.844062, -7.633739 ], [ 110.844008, -7.633822 ], [ 110.843968, -7.633883 ], [ 110.843817, -7.633998 ], [ 110.843709, -7.63405 ], [ 110.843608, -7.634098 ], [ 110.843486, -7.634234 ], [ 110.843436, -7.634457 ], [ 110.843419, -7.634631 ], [ 110.843414, -7.634687 ], [ 110.843491, -7.634995 ], [ 110.843759, -7.635417 ], [ 110.84401, -7.635761 ], [ 110.844114, -7.635905 ], [ 110.844325, -7.636048 ], [ 110.844354, -7.636068 ], [ 110.844757, -7.636183 ], [ 110.845112, -7.636126 ], [ 110.845477, -7.636049 ], [ 110.845822, -7.635896 ], [ 110.846187, -7.635724 ], [ 110.846551, -7.635485 ], [ 110.846618, -7.635418 ], [ 110.846718, -7.635319 ], [ 110.84683, -7.635207 ], [ 110.846964, -7.634748 ], [ 110.846984, -7.634441 ], [ 110.846984, -7.634345 ], [ 110.846984, -7.634279 ], [ 110.846936, -7.634205 ], [ 110.846897, -7.634145 ], [ 110.846725, -7.633886 ], [ 110.846621, -7.633715 ], [ 110.846565, -7.633623 ], [ 110.846504, -7.633522 ], [ 110.846189, -7.63327 ], [ 110.84614, -7.63323 ], [ 110.845641, -7.633036 ], [ 110.845622, -7.633029 ], [ 110.845456, -7.63295 ], [ 110.845344, -7.632939 ], [ 110.845168, -7.632921 ], [ 110.844816, -7.632921 ], [ 110.84447, -7.632835 ], [ 110.844369, -7.632784 ], [ 110.844283, -7.63272 ], [ 110.844348, -7.632425 ], [ 110.844506, -7.631844 ], [ 110.844679, -7.631758 ], [ 110.844787, -7.631636 ], [ 110.844946, -7.631564 ], [ 110.845356, -7.631413 ], [ 110.845687, -7.631342 ], [ 110.845917, -7.631349 ], [ 110.846069, -7.631412 ], [ 110.846212, -7.631471 ], [ 110.846307, -7.631549 ], [ 110.846617, -7.631806 ], [ 110.84683, -7.631914 ], [ 110.84692, -7.632022 ], [ 110.846922, -7.632026 ], [ 110.84697, -7.632108 ], [ 110.847008, -7.632157 ], [ 110.847046, -7.632205 ], [ 110.847057, -7.63224 ], [ 110.847074, -7.632295 ], [ 110.847122, -7.632352 ], [ 110.847146, -7.632381 ], [ 110.847222, -7.632514 ], [ 110.847358, -7.632731 ], [ 110.847552, -7.633039 ], [ 110.847761, -7.633212 ], [ 110.847969, -7.633226 ], [ 110.84812, -7.633198 ], [ 110.848228, -7.63309 ], [ 110.848344, -7.632925 ], [ 110.848315, -7.632738 ], [ 110.848315, -7.632531 ], [ 110.848315, -7.632395 ], [ 110.848315, -7.632365 ], [ 110.848279, -7.631984 ], [ 110.848258, -7.631683 ], [ 110.848265, -7.63151 ], [ 110.848308, -7.631295 ], [ 110.848371, -7.631126 ], [ 110.84838, -7.631101 ], [ 110.848369, -7.630982 ], [ 110.848366, -7.63095 ], [ 110.848366, -7.630778 ], [ 110.848488, -7.630634 ], [ 110.848675, -7.630484 ], [ 110.849035, -7.63039 ], [ 110.849073, -7.630387 ], [ 110.849189, -7.630377 ], [ 110.849287, -7.630369 ], [ 110.849611, -7.63034 ], [ 110.849738, -7.630325 ], [ 110.849956, -7.630297 ], [ 110.850023, -7.630284 ], [ 110.850201, -7.630247 ], [ 110.850345, -7.630219 ], [ 110.850462, -7.630163 ], [ 110.850539, -7.630125 ], [ 110.850595, -7.630077 ], [ 110.850655, -7.630025 ], [ 110.850671, -7.630008 ], [ 110.85074, -7.629934 ], [ 110.850755, -7.629917 ], [ 110.850787, -7.629893 ], [ 110.850914, -7.629795 ], [ 110.850924, -7.62979 ], [ 110.851151, -7.629659 ], [ 110.851454, -7.629573 ], [ 110.85177, -7.629681 ], [ 110.85182, -7.629719 ], [ 110.851827, -7.629725 ], [ 110.851899, -7.629782 ], [ 110.851972, -7.629839 ], [ 110.852101, -7.629997 ], [ 110.852178, -7.630264 ], [ 110.852209, -7.630372 ], [ 110.852126, -7.630733 ], [ 110.85207, -7.630936 ], [ 110.852045, -7.631029 ], [ 110.851976, -7.631125 ], [ 110.85192, -7.631214 ], [ 110.851877, -7.631283 ], [ 110.851848, -7.631412 ], [ 110.851846, -7.63142 ], [ 110.85182, -7.631515 ], [ 110.851805, -7.63157 ], [ 110.851802, -7.631727 ], [ 110.8518, -7.631857 ], [ 110.851795, -7.631958 ], [ 110.851905, -7.632099 ], [ 110.851918, -7.632114 ], [ 110.852028, -7.632235 ], [ 110.852253, -7.632452 ], [ 110.852261, -7.63246 ], [ 110.852365, -7.632561 ], [ 110.852394, -7.63262 ], [ 110.852485, -7.632805 ], [ 110.852548, -7.633021 ], [ 110.852519, -7.633289 ], [ 110.852445, -7.633481 ], [ 110.852422, -7.63354 ], [ 110.852384, -7.633638 ], [ 110.852352, -7.633684 ], [ 110.852181, -7.633928 ], [ 110.852061, -7.634099 ], [ 110.851908, -7.634381 ], [ 110.851828, -7.634526 ], [ 110.851797, -7.634585 ], [ 110.851702, -7.634758 ], [ 110.851659, -7.634973 ], [ 110.85153, -7.635179 ], [ 110.851271, -7.635486 ], [ 110.850892, -7.635763 ], [ 110.850679, -7.635821 ], [ 110.850617, -7.635838 ], [ 110.850568, -7.635838 ], [ 110.850406, -7.63583 ], [ 110.850362, -7.63582 ], [ 110.850223, -7.63579 ], [ 110.850222, -7.63579 ], [ 110.85022, -7.635789 ], [ 110.850182, -7.635774 ], [ 110.84996, -7.635683 ], [ 110.849791, -7.635521 ], [ 110.849672, -7.635395 ], [ 110.84951, -7.635234 ], [ 110.849473, -7.635217 ], [ 110.849348, -7.635162 ], [ 110.848963, -7.635079 ], [ 110.848661, -7.635065 ], [ 110.848344, -7.635018 ], [ 110.848135, -7.635057 ], [ 110.847927, -7.635186 ], [ 110.847797, -7.635323 ], [ 110.847707, -7.635491 ], [ 110.847646, -7.635685 ], [ 110.847647, -7.635698 ], [ 110.847681, -7.635982 ], [ 110.847689, -7.636044 ], [ 110.847727, -7.636097 ], [ 110.847825, -7.636234 ], [ 110.848091, -7.636494 ], [ 110.848604, -7.636964 ], [ 110.849511, -7.637426 ], [ 110.849616, -7.637464 ], [ 110.849617, -7.637464 ], [ 110.849767, -7.637517 ], [ 110.849943, -7.637552 ], [ 110.850196, -7.637602 ], [ 110.850301, -7.637622 ], [ 110.850447, -7.63767 ], [ 110.850811, -7.637831 ], [ 110.851105, -7.637935 ], [ 110.85121, -7.637998 ], [ 110.851151, -7.638128 ], [ 110.851304, -7.63819 ], [ 110.851441, -7.638262 ], [ 110.851571, -7.638351 ], [ 110.851627, -7.63838 ], [ 110.851825, -7.638481 ], [ 110.851931, -7.638527 ], [ 110.852018, -7.638548 ], [ 110.852154, -7.638588 ], [ 110.852174, -7.638593 ], [ 110.852216, -7.638632 ], [ 110.852216, -7.638704 ], [ 110.852186, -7.6388 ], [ 110.852105, -7.63886 ], [ 110.851928, -7.638934 ], [ 110.851772, -7.638994 ], [ 110.851625, -7.639022 ], [ 110.851586, -7.63903 ], [ 110.851467, -7.63905 ], [ 110.851245, -7.639087 ], [ 110.851014, -7.639072 ], [ 110.850852, -7.639045 ], [ 110.850696, -7.639006 ], [ 110.850355, -7.639054 ], [ 110.850041, -7.63909 ], [ 110.849916, -7.639094 ], [ 110.849866, -7.639107 ], [ 110.849823, -7.639132 ], [ 110.849705, -7.639281 ], [ 110.849541, -7.63975 ], [ 110.849524, -7.639808 ], [ 110.849344, -7.640415 ], [ 110.849245, -7.640768 ], [ 110.849034, -7.641602 ], [ 110.849024, -7.64165 ], [ 110.848042, -7.642083 ], [ 110.847857, -7.642149 ], [ 110.847628, -7.64223 ], [ 110.847366, -7.642287 ], [ 110.847119, -7.642711 ], [ 110.846691, -7.643513 ], [ 110.846537, -7.643875 ], [ 110.846511, -7.643929 ], [ 110.846109, -7.644741 ], [ 110.845571, -7.645828 ], [ 110.845162, -7.646579 ], [ 110.844787, -7.64733 ], [ 110.844594, -7.6478 ], [ 110.844459, -7.648162 ], [ 110.84414, -7.649129 ], [ 110.843908, -7.649844 ], [ 110.843667, -7.650537 ], [ 110.84364, -7.650615 ], [ 110.84361, -7.6507 ], [ 110.843575, -7.650803 ], [ 110.843558, -7.650863 ], [ 110.843553, -7.650881 ], [ 110.842628, -7.650506 ], [ 110.841822, -7.650156 ], [ 110.841534, -7.650032 ], [ 110.840901, -7.649773 ], [ 110.840762, -7.649715 ], [ 110.84008, -7.649448 ], [ 110.839963, -7.649402 ], [ 110.838891, -7.648974 ], [ 110.838785, -7.648932 ], [ 110.83853, -7.648827 ], [ 110.837999, -7.648609 ], [ 110.837208, -7.648291 ], [ 110.83706, -7.648229 ], [ 110.83624, -7.647883 ], [ 110.836229, -7.647878 ], [ 110.836213, -7.647706 ], [ 110.836197, -7.647582 ], [ 110.836171, -7.647408 ], [ 110.836086, -7.647196 ], [ 110.836063, -7.647091 ], [ 110.836038, -7.646994 ], [ 110.836021, -7.646927 ], [ 110.835975, -7.646834 ], [ 110.835951, -7.646788 ], [ 110.835882, -7.646696 ], [ 110.835846, -7.646664 ], [ 110.835759, -7.646604 ], [ 110.835728, -7.646576 ], [ 110.835687, -7.6465 ], [ 110.835652, -7.646418 ], [ 110.835618, -7.646317 ], [ 110.8356, -7.64621 ], [ 110.835585, -7.646111 ], [ 110.835576, -7.646036 ], [ 110.835565, -7.646008 ], [ 110.83553, -7.645929 ], [ 110.835502, -7.645878 ], [ 110.83546, -7.645809 ], [ 110.835453, -7.645788 ], [ 110.835431, -7.645712 ], [ 110.835394, -7.645583 ], [ 110.835368, -7.645496 ], [ 110.83534, -7.645426 ], [ 110.83531, -7.645356 ], [ 110.835267, -7.645265 ], [ 110.83513, -7.645503 ], [ 110.834761, -7.64626 ], [ 110.834649, -7.646553 ], [ 110.834557, -7.646754 ], [ 110.834411, -7.647073 ], [ 110.834373, -7.647151 ], [ 110.834349, -7.647141 ], [ 110.83382, -7.646929 ], [ 110.83341, -7.646713 ], [ 110.832942, -7.64652 ], [ 110.832014, -7.64616 ], [ 110.831722, -7.646037 ], [ 110.831407, -7.645905 ], [ 110.831236, -7.645833 ], [ 110.831186, -7.645816 ], [ 110.831173, -7.645812 ], [ 110.831197, -7.645741 ], [ 110.831216, -7.645687 ], [ 110.831224, -7.645664 ], [ 110.831232, -7.645641 ], [ 110.831251, -7.645571 ], [ 110.831272, -7.6455 ], [ 110.831312, -7.645366 ], [ 110.83138, -7.645142 ], [ 110.831477, -7.64494 ], [ 110.831493, -7.644909 ], [ 110.83157, -7.644716 ], [ 110.831584, -7.644683 ], [ 110.831598, -7.644653 ], [ 110.831512, -7.644617 ], [ 110.831314, -7.644532 ], [ 110.831165, -7.644467 ], [ 110.831189, -7.644392 ], [ 110.83127, -7.644201 ], [ 110.83135, -7.643938 ], [ 110.831282, -7.643907 ], [ 110.831148, -7.643842 ], [ 110.830762, -7.643715 ], [ 110.8305, -7.64365 ], [ 110.830431, -7.643619 ], [ 110.830449, -7.643429 ], [ 110.830471, -7.643209 ], [ 110.830491, -7.642999 ], [ 110.830498, -7.642923 ], [ 110.830203, -7.642882 ], [ 110.829792, -7.642831 ], [ 110.829653, -7.642329 ], [ 110.829613, -7.642187 ], [ 110.829574, -7.642045 ], [ 110.82956, -7.641994 ], [ 110.829509, -7.64181 ], [ 110.829488, -7.641735 ], [ 110.829446, -7.641583 ], [ 110.829408, -7.641443 ], [ 110.829392, -7.641386 ], [ 110.829378, -7.641335 ], [ 110.829317, -7.641098 ], [ 110.829303, -7.641047 ], [ 110.829207, -7.640672 ], [ 110.829173, -7.64054 ], [ 110.829133, -7.640388 ], [ 110.829043, -7.640039 ], [ 110.829032, -7.639994 ], [ 110.829023, -7.639961 ], [ 110.828936, -7.639671 ], [ 110.828934, -7.639662 ], [ 110.828902, -7.639559 ], [ 110.828783, -7.63916 ], [ 110.828725, -7.638967 ], [ 110.828648, -7.638712 ], [ 110.828635, -7.638668 ], [ 110.828623, -7.638613 ], [ 110.828574, -7.638401 ], [ 110.828508, -7.638107 ], [ 110.828506, -7.638099 ], [ 110.828497, -7.638069 ], [ 110.828448, -7.637897 ], [ 110.828424, -7.637814 ], [ 110.828345, -7.637537 ], [ 110.828262, -7.637246 ], [ 110.828227, -7.637125 ], [ 110.828189, -7.636992 ], [ 110.828108, -7.63671 ], [ 110.828087, -7.636635 ], [ 110.827974, -7.636241 ], [ 110.827942, -7.636143 ], [ 110.827906, -7.636033 ], [ 110.827903, -7.636025 ], [ 110.827781, -7.635651 ], [ 110.82772, -7.635464 ], [ 110.827639, -7.635217 ], [ 110.827594, -7.635095 ], [ 110.827587, -7.635074 ], [ 110.827556, -7.634989 ], [ 110.827532, -7.634924 ], [ 110.827518, -7.634886 ], [ 110.82751, -7.634884 ], [ 110.827225, -7.634803 ], [ 110.826768, -7.634678 ], [ 110.826365, -7.634547 ], [ 110.82608, -7.634459 ], [ 110.826003, -7.634435 ], [ 110.825746, -7.634359 ], [ 110.825679, -7.634339 ], [ 110.825386, -7.634255 ], [ 110.82508, -7.634167 ], [ 110.824868, -7.634103 ], [ 110.824656, -7.634048 ], [ 110.824318, -7.633953 ], [ 110.823954, -7.633847 ], [ 110.823835, -7.633813 ], [ 110.823742, -7.633788 ], [ 110.823548, -7.633732 ], [ 110.823367, -7.633676 ], [ 110.823187, -7.63362 ], [ 110.823151, -7.633609 ], [ 110.822798, -7.633508 ], [ 110.822395, -7.633393 ], [ 110.822183, -7.633335 ], [ 110.821924, -7.633263 ], [ 110.821573, -7.633171 ], [ 110.821325, -7.633092 ], [ 110.820796, -7.632947 ], [ 110.820801, -7.632984 ], [ 110.820803, -7.633012 ], [ 110.820777, -7.63303 ], [ 110.820741, -7.633038 ], [ 110.820718, -7.633056 ], [ 110.820694, -7.633081 ], [ 110.820659, -7.63311 ], [ 110.820623, -7.633121 ], [ 110.820591, -7.63311 ], [ 110.820509, -7.633082 ], [ 110.820462, -7.633065 ], [ 110.820068, -7.632919 ], [ 110.819818, -7.632793 ], [ 110.819732, -7.632783 ], [ 110.819598, -7.632865 ], [ 110.819421, -7.633082 ], [ 110.819322, -7.633288 ], [ 110.819287, -7.633362 ], [ 110.819282, -7.633371 ], [ 110.819281, -7.633387 ], [ 110.819243, -7.633411 ], [ 110.819191, -7.633448 ], [ 110.819151, -7.633478 ], [ 110.819123, -7.633509 ], [ 110.81911, -7.633539 ], [ 110.819087, -7.633593 ], [ 110.819081, -7.633642 ], [ 110.819077, -7.633686 ], [ 110.819077, -7.633719 ], [ 110.819089, -7.633755 ], [ 110.819109, -7.633788 ], [ 110.819158, -7.633853 ], [ 110.81918, -7.6339 ], [ 110.819206, -7.633988 ], [ 110.819212, -7.634069 ], [ 110.819197, -7.63415 ], [ 110.819174, -7.634196 ], [ 110.819142, -7.63426 ], [ 110.819125, -7.634312 ], [ 110.819122, -7.634342 ], [ 110.819131, -7.634385 ], [ 110.819163, -7.634487 ], [ 110.819177, -7.634547 ], [ 110.819184, -7.634573 ], [ 110.819202, -7.634594 ], [ 110.819234, -7.634622 ], [ 110.819302, -7.634682 ], [ 110.819329, -7.634706 ], [ 110.819354, -7.634737 ], [ 110.819388, -7.634775 ], [ 110.819423, -7.634833 ], [ 110.819434, -7.634878 ], [ 110.819436, -7.634961 ], [ 110.819429, -7.635018 ], [ 110.819423, -7.635034 ], [ 110.819416, -7.635057 ], [ 110.819387, -7.635106 ], [ 110.819359, -7.635132 ], [ 110.819318, -7.635165 ], [ 110.81927, -7.635187 ], [ 110.819222, -7.63519 ], [ 110.819117, -7.635177 ], [ 110.818924, -7.635145 ], [ 110.818878, -7.635139 ], [ 110.818824, -7.635145 ], [ 110.81877, -7.63517 ], [ 110.818717, -7.63522 ], [ 110.818684, -7.63527 ], [ 110.818657, -7.635362 ], [ 110.818633, -7.635442 ], [ 110.818606, -7.635487 ], [ 110.818595, -7.635506 ], [ 110.818545, -7.635646 ], [ 110.818515, -7.635732 ], [ 110.818476, -7.635875 ], [ 110.818458, -7.635938 ], [ 110.818448, -7.636002 ], [ 110.818456, -7.636038 ], [ 110.818476, -7.636075 ], [ 110.818503, -7.636103 ], [ 110.818533, -7.636117 ], [ 110.818613, -7.636162 ], [ 110.818637, -7.636186 ], [ 110.818694, -7.636208 ], [ 110.818771, -7.636229 ], [ 110.818853, -7.636264 ], [ 110.818946, -7.636307 ], [ 110.819009, -7.63633 ], [ 110.819073, -7.636354 ], [ 110.819102, -7.636362 ], [ 110.819119, -7.636417 ], [ 110.819185, -7.636555 ], [ 110.819241, -7.636627 ], [ 110.819289, -7.636666 ], [ 110.819369, -7.636704 ], [ 110.81947, -7.636731 ], [ 110.819601, -7.636736 ], [ 110.819705, -7.63673 ], [ 110.819816, -7.636746 ], [ 110.819878, -7.636768 ], [ 110.819918, -7.636797 ], [ 110.819951, -7.636852 ], [ 110.819977, -7.636917 ], [ 110.819999, -7.636981 ], [ 110.82002, -7.637047 ], [ 110.820024, -7.63706 ], [ 110.820029, -7.637103 ], [ 110.820024, -7.637144 ], [ 110.820003, -7.637207 ], [ 110.819986, -7.637241 ], [ 110.819959, -7.637269 ], [ 110.819901, -7.637335 ], [ 110.81982, -7.637414 ], [ 110.819772, -7.637459 ], [ 110.819735, -7.637504 ], [ 110.819722, -7.637531 ], [ 110.819715, -7.637554 ], [ 110.819712, -7.637563 ], [ 110.819712, -7.637599 ], [ 110.819718, -7.637637 ], [ 110.819721, -7.637645 ], [ 110.819735, -7.637684 ], [ 110.819757, -7.637723 ], [ 110.819787, -7.637755 ], [ 110.819887, -7.637813 ], [ 110.819984, -7.637877 ], [ 110.820022, -7.63791 ], [ 110.820075, -7.637969 ], [ 110.820119, -7.63803 ], [ 110.820171, -7.638108 ], [ 110.820203, -7.638165 ], [ 110.820211, -7.63818 ], [ 110.820238, -7.638246 ], [ 110.820239, -7.63831 ], [ 110.820232, -7.638367 ], [ 110.820214, -7.638408 ], [ 110.820173, -7.638469 ], [ 110.820145, -7.638479 ], [ 110.820112, -7.638491 ], [ 110.820073, -7.638499 ], [ 110.819987, -7.638499 ], [ 110.819939, -7.638491 ], [ 110.81987, -7.638488 ], [ 110.819828, -7.6385 ], [ 110.819801, -7.638524 ], [ 110.819785, -7.638558 ], [ 110.819777, -7.638599 ], [ 110.819786, -7.638665 ], [ 110.819826, -7.638778 ], [ 110.819885, -7.638867 ], [ 110.819977, -7.63897 ], [ 110.820077, -7.63911 ], [ 110.820124, -7.639197 ], [ 110.820134, -7.639237 ], [ 110.820145, -7.639328 ], [ 110.820147, -7.639382 ], [ 110.820138, -7.639459 ], [ 110.820131, -7.639478 ], [ 110.820114, -7.639527 ], [ 110.82007, -7.639588 ], [ 110.820012, -7.639669 ], [ 110.820008, -7.639674 ], [ 110.819945, -7.63975 ], [ 110.819919, -7.639819 ], [ 110.819889, -7.63991 ], [ 110.819885, -7.639918 ], [ 110.81986, -7.639971 ], [ 110.819841, -7.639993 ], [ 110.819818, -7.64002 ], [ 110.819766, -7.640074 ], [ 110.819692, -7.640103 ], [ 110.819575, -7.640145 ], [ 110.819558, -7.64016 ], [ 110.819512, -7.640201 ], [ 110.819483, -7.640258 ], [ 110.81946, -7.640317 ], [ 110.819458, -7.640324 ], [ 110.819437, -7.640386 ], [ 110.819395, -7.640568 ], [ 110.819392, -7.640581 ], [ 110.819391, -7.640588 ], [ 110.819353, -7.640752 ], [ 110.819348, -7.640775 ], [ 110.819263, -7.640743 ], [ 110.818869, -7.640597 ], [ 110.818858, -7.640593 ], [ 110.818773, -7.640561 ], [ 110.818614, -7.640502 ], [ 110.818613, -7.640502 ], [ 110.818606, -7.640499 ], [ 110.818599, -7.64051 ], [ 110.81857, -7.640553 ], [ 110.818481, -7.64068 ], [ 110.818364, -7.640892 ], [ 110.818287, -7.641043 ], [ 110.818221, -7.641156 ], [ 110.818169, -7.641244 ], [ 110.818018, -7.64151 ], [ 110.817974, -7.641567 ], [ 110.817946, -7.641603 ], [ 110.817898, -7.64167 ], [ 110.817815, -7.641806 ], [ 110.81779, -7.641848 ], [ 110.817739, -7.641958 ], [ 110.817722, -7.642008 ], [ 110.817726, -7.642049 ], [ 110.817739, -7.642101 ], [ 110.81776, -7.642137 ], [ 110.817787, -7.64218 ], [ 110.817819, -7.642205 ], [ 110.817901, -7.642234 ], [ 110.818054, -7.642273 ], [ 110.818113, -7.642303 ], [ 110.818165, -7.642362 ], [ 110.81819, -7.642436 ], [ 110.818186, -7.642507 ], [ 110.818175, -7.642557 ], [ 110.818158, -7.642624 ], [ 110.818131, -7.6427 ], [ 110.818124, -7.642721 ], [ 110.818043, -7.642883 ], [ 110.817994, -7.643012 ], [ 110.817983, -7.643064 ], [ 110.817982, -7.64307 ], [ 110.817983, -7.643118 ], [ 110.818017, -7.643233 ], [ 110.818042, -7.643278 ], [ 110.818108, -7.643344 ], [ 110.81813, -7.643385 ], [ 110.818146, -7.643415 ], [ 110.81817, -7.643485 ], [ 110.818169, -7.643551 ], [ 110.818145, -7.64362 ], [ 110.818101, -7.64369 ], [ 110.818037, -7.643737 ], [ 110.817855, -7.643854 ], [ 110.817834, -7.643868 ], [ 110.817772, -7.643909 ], [ 110.817722, -7.643908 ], [ 110.8177, -7.643908 ], [ 110.817529, -7.643958 ], [ 110.817466, -7.643977 ], [ 110.817373, -7.64401 ], [ 110.817211, -7.644069 ], [ 110.81704, -7.644168 ], [ 110.816971, -7.644252 ], [ 110.816902, -7.644419 ], [ 110.816889, -7.644457 ], [ 110.816842, -7.64459 ], [ 110.816812, -7.644792 ], [ 110.816807, -7.644822 ], [ 110.816806, -7.644873 ], [ 110.816794, -7.644914 ], [ 110.816761, -7.644938 ], [ 110.816698, -7.644944 ], [ 110.816533, -7.644905 ], [ 110.815531, -7.644635 ], [ 110.815462, -7.644791 ], [ 110.815443, -7.644834 ], [ 110.815409, -7.644914 ], [ 110.815152, -7.645499 ], [ 110.815032, -7.645774 ], [ 110.81495, -7.645961 ], [ 110.814975, -7.646032 ], [ 110.815032, -7.646089 ], [ 110.815125, -7.646122 ], [ 110.815305, -7.646187 ], [ 110.815321, -7.646193 ], [ 110.815237, -7.6465 ], [ 110.814915, -7.647671 ], [ 110.814892, -7.647756 ], [ 110.814893, -7.647756 ], [ 110.814891, -7.647761 ], [ 110.814857, -7.647758 ], [ 110.81484, -7.647756 ], [ 110.8148, -7.647753 ], [ 110.81479, -7.647752 ], [ 110.814657, -7.647739 ], [ 110.8145, -7.647724 ], [ 110.814496, -7.647724 ], [ 110.814279, -7.647703 ], [ 110.814193, -7.647695 ], [ 110.814163, -7.647684 ], [ 110.813885, -7.647578 ], [ 110.813788, -7.647547 ], [ 110.813611, -7.647492 ], [ 110.813464, -7.647445 ], [ 110.813292, -7.647392 ], [ 110.813018, -7.647305 ], [ 110.812987, -7.647296 ], [ 110.812891, -7.647266 ], [ 110.812761, -7.647225 ], [ 110.812313, -7.647084 ], [ 110.812142, -7.647025 ], [ 110.812076, -7.647005 ], [ 110.811989, -7.646974 ], [ 110.811975, -7.646969 ], [ 110.811937, -7.646956 ], [ 110.811835, -7.64692 ], [ 110.811665, -7.646859 ], [ 110.811609, -7.64684 ], [ 110.811217, -7.646707 ], [ 110.811095, -7.646665 ], [ 110.811058, -7.646652 ], [ 110.810871, -7.646588 ], [ 110.810658, -7.646515 ], [ 110.810156, -7.646343 ], [ 110.810126, -7.646333 ], [ 110.809909, -7.646258 ], [ 110.809617, -7.646158 ], [ 110.809472, -7.646111 ], [ 110.809068, -7.645979 ], [ 110.808584, -7.64582 ], [ 110.808374, -7.645751 ], [ 110.808185, -7.645689 ], [ 110.808025, -7.645637 ], [ 110.807959, -7.645616 ], [ 110.807785, -7.645561 ], [ 110.807755, -7.645552 ], [ 110.807306, -7.64541 ], [ 110.806784, -7.645245 ], [ 110.806644, -7.645201 ], [ 110.806337, -7.645104 ], [ 110.806084, -7.64502 ], [ 110.805961, -7.644979 ], [ 110.805251, -7.644745 ], [ 110.805015, -7.644666 ], [ 110.804907, -7.644633 ], [ 110.804812, -7.644604 ], [ 110.804692, -7.644567 ], [ 110.804692, -7.644567 ], [ 110.804665, -7.644559 ], [ 110.804542, -7.644521 ], [ 110.804517, -7.644513 ], [ 110.804008, -7.644355 ], [ 110.803783, -7.644286 ], [ 110.803652, -7.644242 ], [ 110.803157, -7.644077 ], [ 110.803118, -7.644064 ], [ 110.802947, -7.644006 ], [ 110.802547, -7.643873 ], [ 110.802512, -7.643861 ], [ 110.80244, -7.643837 ], [ 110.802033, -7.643699 ], [ 110.801807, -7.643623 ], [ 110.801348, -7.643468 ], [ 110.801258, -7.643437 ], [ 110.801149, -7.6434 ], [ 110.801118, -7.643389 ], [ 110.801069, -7.643372 ], [ 110.800956, -7.643333 ], [ 110.800775, -7.643271 ], [ 110.800704, -7.643246 ], [ 110.80073, -7.643197 ], [ 110.800725, -7.643194 ], [ 110.800652, -7.643151 ], [ 110.800569, -7.643102 ], [ 110.800293, -7.642937 ], [ 110.800282, -7.642931 ], [ 110.800097, -7.642836 ], [ 110.800096, -7.642836 ], [ 110.800083, -7.64283 ], [ 110.80004, -7.642807 ], [ 110.799949, -7.642774 ], [ 110.799875, -7.642759 ], [ 110.799736, -7.642747 ], [ 110.799647, -7.642739 ], [ 110.799572, -7.642732 ], [ 110.799491, -7.642322 ], [ 110.799155, -7.641882 ], [ 110.798918, -7.641707 ], [ 110.798378, -7.641623 ], [ 110.797639, -7.64168 ], [ 110.797064, -7.641794 ], [ 110.796737, -7.642062 ], [ 110.796516, -7.64257 ], [ 110.796017, -7.643316 ], [ 110.795623, -7.643632 ], [ 110.795335, -7.643775 ], [ 110.794923, -7.643775 ], [ 110.794501, -7.64365 ], [ 110.7938, -7.643344 ], [ 110.793138, -7.642989 ], [ 110.792448, -7.642644 ], [ 110.791834, -7.642376 ], [ 110.791344, -7.642184 ], [ 110.791349, -7.642169 ], [ 110.791611, -7.641427 ], [ 110.791874, -7.640668 ], [ 110.792307, -7.639786 ], [ 110.792533, -7.639447 ], [ 110.792988, -7.639007 ], [ 110.793402, -7.638744 ], [ 110.795714, -7.637822 ], [ 110.796458, -7.637492 ], [ 110.796939, -7.637278 ], [ 110.79909, -7.636067 ], [ 110.799721, -7.635325 ], [ 110.799884, -7.634954 ], [ 110.7999, -7.634917 ], [ 110.799929, -7.634851 ], [ 110.800098, -7.634466 ], [ 110.800145, -7.634346 ], [ 110.800159, -7.634309 ], [ 110.800425, -7.633634 ], [ 110.800583, -7.633245 ], [ 110.800645, -7.633093 ], [ 110.800748, -7.632838 ], [ 110.800808, -7.632685 ], [ 110.800587, -7.632618 ], [ 110.800494, -7.632589 ], [ 110.80006, -7.632559 ], [ 110.799821, -7.632521 ], [ 110.799671, -7.632497 ], [ 110.799654, -7.632494 ], [ 110.799487, -7.632459 ], [ 110.799386, -7.632438 ], [ 110.799342, -7.632422 ], [ 110.79928, -7.632399 ], [ 110.799079, -7.632325 ], [ 110.799058, -7.632314 ], [ 110.798996, -7.632282 ], [ 110.798816, -7.632188 ], [ 110.798704, -7.632106 ], [ 110.798691, -7.632097 ], [ 110.798463, -7.631923 ], [ 110.798195, -7.631676 ], [ 110.798132, -7.631613 ], [ 110.798004, -7.631484 ], [ 110.797942, -7.631408 ], [ 110.797916, -7.631377 ], [ 110.79785, -7.631297 ], [ 110.797736, -7.63117 ], [ 110.7977, -7.631133 ], [ 110.797523, -7.630949 ], [ 110.797366, -7.630761 ], [ 110.797281, -7.630655 ], [ 110.797123, -7.630449 ], [ 110.796956, -7.63024 ], [ 110.796806, -7.630059 ], [ 110.796795, -7.630048 ], [ 110.796727, -7.629971 ], [ 110.79659, -7.629787 ], [ 110.796429, -7.629616 ], [ 110.79634, -7.629526 ], [ 110.796265, -7.629445 ], [ 110.796224, -7.629401 ], [ 110.796077, -7.629241 ], [ 110.795889, -7.629028 ], [ 110.795658, -7.628764 ], [ 110.795435, -7.628496 ], [ 110.795226, -7.628254 ], [ 110.795039, -7.628039 ], [ 110.794873, -7.627832 ], [ 110.794745, -7.627681 ], [ 110.794605, -7.62753 ], [ 110.794476, -7.627384 ], [ 110.794324, -7.627216 ], [ 110.794227, -7.627117 ], [ 110.794218, -7.627131 ], [ 110.793927, -7.627777 ], [ 110.793844, -7.627961 ], [ 110.793834, -7.627987 ], [ 110.793726, -7.627949 ], [ 110.793369, -7.627727 ], [ 110.793312, -7.627695 ], [ 110.79306, -7.627554 ], [ 110.793053, -7.627532 ], [ 110.793007, -7.627394 ], [ 110.792986, -7.627331 ], [ 110.792971, -7.627286 ], [ 110.792961, -7.627257 ], [ 110.792983, -7.627127 ], [ 110.79299, -7.627087 ], [ 110.793007, -7.626983 ], [ 110.793011, -7.626958 ], [ 110.792875, -7.626889 ], [ 110.792643, -7.626773 ], [ 110.792888, -7.625977 ], [ 110.79306, -7.626016 ], [ 110.793315, -7.626102 ], [ 110.793403, -7.626133 ], [ 110.793421, -7.62608 ], [ 110.793433, -7.626046 ], [ 110.793691, -7.626116 ], [ 110.793988, -7.626148 ], [ 110.794015, -7.626024 ], [ 110.794018, -7.626008 ], [ 110.794038, -7.625919 ], [ 110.794055, -7.625721 ], [ 110.794049, -7.625497 ], [ 110.794049, -7.625477 ], [ 110.794028, -7.625361 ], [ 110.793998, -7.625279 ], [ 110.793954, -7.625156 ], [ 110.793871, -7.624984 ], [ 110.793771, -7.624846 ], [ 110.79362, -7.624661 ], [ 110.793403, -7.624412 ], [ 110.793081, -7.624097 ], [ 110.79279, -7.623835 ], [ 110.792561, -7.623619 ], [ 110.792227, -7.623312 ], [ 110.791865, -7.622985 ], [ 110.791561, -7.622708 ], [ 110.791335, -7.622493 ], [ 110.791279, -7.62244 ], [ 110.791278, -7.62244 ], [ 110.7913, -7.622423 ], [ 110.791351, -7.622382 ], [ 110.791445, -7.622312 ], [ 110.791619, -7.622182 ], [ 110.791619, -7.622182 ], [ 110.791718, -7.622109 ], [ 110.791733, -7.622097 ], [ 110.791864, -7.622 ], [ 110.791918, -7.62196 ], [ 110.792109, -7.621804 ], [ 110.792188, -7.621739 ], [ 110.792232, -7.621703 ], [ 110.792346, -7.621609 ], [ 110.792379, -7.621581 ], [ 110.792497, -7.621483 ], [ 110.792643, -7.621374 ], [ 110.792657, -7.621364 ], [ 110.792722, -7.621328 ], [ 110.792816, -7.621309 ], [ 110.79308, -7.621267 ], [ 110.793123, -7.62126 ], [ 110.793548, -7.621191 ], [ 110.79372, -7.62116 ], [ 110.793809, -7.621144 ], [ 110.794085, -7.621094 ], [ 110.794144, -7.621084 ], [ 110.794347, -7.621047 ], [ 110.794367, -7.621044 ], [ 110.794484, -7.621023 ], [ 110.794487, -7.621022 ], [ 110.794751, -7.620975 ], [ 110.794758, -7.620953 ], [ 110.794816, -7.620769 ], [ 110.794856, -7.620641 ], [ 110.794934, -7.620395 ], [ 110.795, -7.620175 ], [ 110.795103, -7.619838 ], [ 110.795143, -7.619704 ], [ 110.795307, -7.619176 ], [ 110.795371, -7.618969 ], [ 110.795384, -7.618926 ], [ 110.795426, -7.61879 ], [ 110.795469, -7.618649 ], [ 110.795518, -7.618531 ], [ 110.795555, -7.618442 ], [ 110.795556, -7.618438 ], [ 110.79558, -7.618379 ], [ 110.795602, -7.618325 ], [ 110.795774, -7.617888 ], [ 110.795775, -7.617885 ], [ 110.795854, -7.617703 ], [ 110.795877, -7.617651 ], [ 110.795883, -7.617637 ], [ 110.795897, -7.617602 ], [ 110.796003, -7.617343 ], [ 110.796016, -7.617311 ], [ 110.796023, -7.617293 ], [ 110.796054, -7.617215 ], [ 110.796075, -7.617166 ], [ 110.796094, -7.617145 ], [ 110.796128, -7.617133 ], [ 110.79617, -7.617133 ], [ 110.796229, -7.617136 ], [ 110.796295, -7.61715 ], [ 110.796338, -7.617168 ], [ 110.796349, -7.617174 ], [ 110.79635, -7.617174 ], [ 110.796382, -7.617185 ], [ 110.796388, -7.617188 ], [ 110.796391, -7.617188 ], [ 110.796439, -7.617196 ], [ 110.796509, -7.6172 ], [ 110.796515, -7.617201 ], [ 110.796728, -7.617221 ], [ 110.796934, -7.617264 ], [ 110.797029, -7.617284 ], [ 110.797058, -7.617293 ], [ 110.797196, -7.617335 ], [ 110.797217, -7.617342 ], [ 110.797263, -7.617357 ], [ 110.797467, -7.617427 ], [ 110.797476, -7.617431 ], [ 110.797651, -7.617511 ], [ 110.797722, -7.617527 ], [ 110.797781, -7.617529 ], [ 110.797856, -7.617532 ], [ 110.797886, -7.617531 ], [ 110.798042, -7.617525 ], [ 110.798055, -7.617525 ], [ 110.798202, -7.617526 ], [ 110.798328, -7.617532 ], [ 110.798425, -7.617558 ], [ 110.798447, -7.617565 ], [ 110.798467, -7.617349 ], [ 110.798484, -7.617161 ], [ 110.798559, -7.616881 ], [ 110.798714, -7.616619 ], [ 110.798778, -7.616511 ], [ 110.798858, -7.616374 ], [ 110.798908, -7.61629 ], [ 110.798908, -7.61629 ], [ 110.799068, -7.616363 ], [ 110.799119, -7.616386 ], [ 110.799151, -7.616362 ], [ 110.79919, -7.616329 ], [ 110.799205, -7.616309 ], [ 110.799209, -7.616288 ], [ 110.799217, -7.616257 ], [ 110.799236, -7.616215 ], [ 110.799239, -7.616191 ], [ 110.799246, -7.616152 ], [ 110.799255, -7.616123 ], [ 110.799266, -7.616093 ], [ 110.79928, -7.616064 ], [ 110.799292, -7.616052 ], [ 110.7993, -7.616043 ], [ 110.799333, -7.616033 ], [ 110.799383, -7.616031 ], [ 110.799441, -7.616047 ], [ 110.799454, -7.616052 ], [ 110.799515, -7.616078 ], [ 110.79953, -7.616085 ], [ 110.799542, -7.616092 ], [ 110.799573, -7.61609 ], [ 110.799596, -7.616086 ], [ 110.799645, -7.616079 ], [ 110.799756, -7.616092 ], [ 110.79983, -7.616095 ], [ 110.799905, -7.616097 ], [ 110.799938, -7.616098 ], [ 110.799943, -7.616034 ], [ 110.799943, -7.616032 ], [ 110.799957, -7.615878 ], [ 110.799961, -7.61581 ], [ 110.799966, -7.615794 ], [ 110.799975, -7.615769 ], [ 110.799991, -7.61572 ], [ 110.800005, -7.615677 ], [ 110.800176, -7.615364 ], [ 110.800306, -7.615123 ], [ 110.800317, -7.615104 ], [ 110.800341, -7.615066 ], [ 110.800198, -7.614997 ], [ 110.80017, -7.614984 ], [ 110.799998, -7.614893 ], [ 110.799933, -7.614858 ], [ 110.799984, -7.614753 ], [ 110.800163, -7.614373 ], [ 110.800178, -7.614342 ], [ 110.800212, -7.614259 ], [ 110.800266, -7.614127 ], [ 110.800293, -7.614062 ], [ 110.800318, -7.614001 ], [ 110.800392, -7.61382 ], [ 110.800398, -7.613805 ], [ 110.80045, -7.613677 ], [ 110.800505, -7.613544 ], [ 110.800517, -7.613513 ], [ 110.800584, -7.613399 ], [ 110.800594, -7.613382 ], [ 110.800616, -7.613347 ], [ 110.800628, -7.613328 ], [ 110.800636, -7.613316 ], [ 110.800662, -7.613273 ], [ 110.800662, -7.613273 ], [ 110.800707, -7.613188 ], [ 110.800734, -7.613137 ], [ 110.800756, -7.613095 ], [ 110.800773, -7.613058 ], [ 110.800839, -7.612911 ], [ 110.800856, -7.612871 ], [ 110.800868, -7.612858 ], [ 110.800878, -7.612858 ], [ 110.80089, -7.612858 ], [ 110.800892, -7.612858 ], [ 110.800974, -7.61289 ], [ 110.801054, -7.612918 ], [ 110.801068, -7.612923 ], [ 110.801223, -7.612977 ], [ 110.801273, -7.612994 ], [ 110.801345, -7.613019 ], [ 110.801475, -7.613067 ], [ 110.801591, -7.613117 ], [ 110.801637, -7.613149 ], [ 110.8017, -7.613185 ], [ 110.801703, -7.613187 ], [ 110.801765, -7.613219 ], [ 110.801779, -7.613227 ], [ 110.801867, -7.613273 ], [ 110.801902, -7.613291 ], [ 110.80204, -7.613363 ], [ 110.80204, -7.613362 ], [ 110.802043, -7.613358 ], [ 110.802054, -7.613342 ], [ 110.802154, -7.613202 ], [ 110.802154, -7.613202 ], [ 110.802162, -7.613191 ], [ 110.802165, -7.613187 ], [ 110.802252, -7.613064 ], [ 110.802305, -7.612989 ], [ 110.802313, -7.612978 ], [ 110.802353, -7.612892 ], [ 110.802398, -7.612793 ], [ 110.802416, -7.612755 ], [ 110.802457, -7.612664 ], [ 110.80249, -7.612587 ], [ 110.802494, -7.612578 ], [ 110.802559, -7.612426 ], [ 110.802572, -7.612395 ], [ 110.802631, -7.612257 ], [ 110.802649, -7.612215 ], [ 110.80263, -7.612206 ], [ 110.802628, -7.612205 ], [ 110.802552, -7.612171 ], [ 110.802291, -7.612054 ], [ 110.801681, -7.611781 ], [ 110.800765, -7.611355 ], [ 110.799561, -7.610911 ], [ 110.799451, -7.610875 ], [ 110.799691, -7.610317 ], [ 110.800092, -7.609314 ], [ 110.800203, -7.609084 ], [ 110.800239, -7.609029 ], [ 110.7997, -7.608853 ], [ 110.799487, -7.608784 ], [ 110.799095, -7.608656 ], [ 110.798861, -7.60858 ], [ 110.798688, -7.608523 ], [ 110.798379, -7.608415 ], [ 110.798226, -7.608361 ], [ 110.797743, -7.60819 ], [ 110.797623, -7.608148 ], [ 110.797415, -7.608075 ], [ 110.797345, -7.60805 ], [ 110.797301, -7.608034 ], [ 110.797211, -7.608004 ], [ 110.797016, -7.607938 ], [ 110.796586, -7.607794 ], [ 110.796311, -7.607702 ], [ 110.796181, -7.607658 ], [ 110.79588, -7.60756 ], [ 110.795738, -7.607514 ], [ 110.795544, -7.607451 ], [ 110.795414, -7.607397 ], [ 110.795388, -7.607388 ], [ 110.795109, -7.607294 ], [ 110.794813, -7.607194 ], [ 110.794591, -7.607119 ], [ 110.794522, -7.607097 ], [ 110.794264, -7.607016 ], [ 110.793966, -7.606922 ], [ 110.793752, -7.606855 ], [ 110.793638, -7.606815 ], [ 110.79337, -7.606721 ], [ 110.793086, -7.606621 ], [ 110.792797, -7.606519 ], [ 110.792793, -7.606517 ], [ 110.792481, -7.606411 ], [ 110.792417, -7.606389 ], [ 110.792117, -7.606287 ], [ 110.791967, -7.606236 ], [ 110.791872, -7.606203 ], [ 110.791512, -7.606089 ], [ 110.791444, -7.606055 ], [ 110.7914, -7.606013 ], [ 110.791415, -7.606011 ], [ 110.791442, -7.606007 ], [ 110.791638, -7.605982 ], [ 110.79166, -7.605979 ], [ 110.791839, -7.605955 ], [ 110.79193, -7.605942 ], [ 110.792075, -7.605919 ], [ 110.792307, -7.605886 ], [ 110.792449, -7.605865 ], [ 110.792528, -7.605853 ], [ 110.792566, -7.605848 ], [ 110.79262, -7.60584 ], [ 110.79279, -7.605814 ], [ 110.793045, -7.605773 ], [ 110.793153, -7.605747 ], [ 110.793226, -7.605721 ], [ 110.793345, -7.605669 ], [ 110.79349, -7.60559 ], [ 110.793696, -7.605484 ], [ 110.793886, -7.605357 ], [ 110.794039, -7.605269 ], [ 110.794215, -7.605152 ], [ 110.794431, -7.605012 ], [ 110.794951, -7.604709 ], [ 110.795062, -7.604649 ], [ 110.795111, -7.604622 ], [ 110.795199, -7.604574 ], [ 110.795224, -7.604561 ], [ 110.795195, -7.60455 ], [ 110.795195, -7.60455 ], [ 110.794841, -7.604444 ], [ 110.79459, -7.604362 ], [ 110.794197, -7.604224 ], [ 110.794128, -7.6042 ], [ 110.793856, -7.604106 ], [ 110.793753, -7.604068 ], [ 110.793477, -7.603965 ], [ 110.793036, -7.603806 ], [ 110.792779, -7.603716 ], [ 110.792758, -7.603708 ], [ 110.792965, -7.603218 ], [ 110.793291, -7.602487 ], [ 110.793331, -7.60239 ], [ 110.793431, -7.602183 ], [ 110.793741, -7.601497 ], [ 110.793944, -7.601042 ], [ 110.793987, -7.600962 ], [ 110.794018, -7.60097 ], [ 110.794413, -7.601084 ], [ 110.794756, -7.601183 ], [ 110.795161, -7.6013 ], [ 110.795182, -7.601305 ], [ 110.795314, -7.601351 ], [ 110.795331, -7.601356 ], [ 110.795332, -7.601357 ], [ 110.795346, -7.601361 ], [ 110.795502, -7.601409 ], [ 110.795552, -7.601424 ], [ 110.795689, -7.601467 ], [ 110.795716, -7.601475 ], [ 110.79585, -7.601517 ], [ 110.795939, -7.601545 ], [ 110.795976, -7.601556 ], [ 110.796192, -7.601623 ], [ 110.796215, -7.60163 ], [ 110.796275, -7.601649 ], [ 110.796512, -7.600891 ], [ 110.796649, -7.600406 ], [ 110.796668, -7.600339 ], [ 110.796671, -7.600329 ], [ 110.796599, -7.600315 ], [ 110.796484, -7.600289 ], [ 110.796263, -7.600234 ], [ 110.7962, -7.600216 ], [ 110.796165, -7.600205 ], [ 110.796133, -7.600187 ], [ 110.796106, -7.60017 ], [ 110.796074, -7.600163 ], [ 110.796051, -7.600162 ], [ 110.796004, -7.600166 ], [ 110.795922, -7.600186 ], [ 110.795834, -7.600209 ], [ 110.79578, -7.600213 ], [ 110.795747, -7.600212 ], [ 110.795708, -7.600204 ], [ 110.795682, -7.600193 ], [ 110.795639, -7.600164 ], [ 110.795568, -7.60012 ], [ 110.795512, -7.600098 ], [ 110.795435, -7.600067 ], [ 110.795364, -7.600031 ], [ 110.795309, -7.599988 ], [ 110.795279, -7.599965 ], [ 110.795246, -7.599929 ], [ 110.795212, -7.599876 ], [ 110.795197, -7.59986 ], [ 110.795164, -7.599839 ], [ 110.79514, -7.599819 ], [ 110.79512, -7.599804 ], [ 110.795099, -7.599795 ], [ 110.79507, -7.599783 ], [ 110.795049, -7.599772 ], [ 110.794988, -7.599735 ], [ 110.794899, -7.599682 ], [ 110.794836, -7.599644 ], [ 110.794815, -7.599633 ], [ 110.794795, -7.599629 ], [ 110.794781, -7.59963 ], [ 110.79475, -7.599632 ], [ 110.794728, -7.599634 ], [ 110.794676, -7.599648 ], [ 110.79463, -7.599658 ], [ 110.794616, -7.599659 ], [ 110.794594, -7.599653 ], [ 110.794577, -7.599646 ], [ 110.794554, -7.599629 ], [ 110.794512, -7.599589 ], [ 110.794504, -7.599583 ], [ 110.794435, -7.599571 ], [ 110.794342, -7.599553 ], [ 110.794267, -7.599549 ], [ 110.79418, -7.599546 ], [ 110.794081, -7.599541 ], [ 110.794051, -7.599536 ], [ 110.793995, -7.599525 ], [ 110.793946, -7.599514 ], [ 110.793906, -7.599502 ], [ 110.7939, -7.599497 ], [ 110.79389, -7.59949 ], [ 110.793872, -7.599471 ], [ 110.793867, -7.599463 ], [ 110.793866, -7.599451 ], [ 110.793866, -7.599416 ], [ 110.793869, -7.599398 ], [ 110.793879, -7.599364 ], [ 110.793888, -7.59934 ], [ 110.793912, -7.599298 ], [ 110.793947, -7.59924 ], [ 110.793957, -7.599216 ], [ 110.79396, -7.599191 ], [ 110.793954, -7.599177 ], [ 110.793941, -7.599165 ], [ 110.793924, -7.59916 ], [ 110.793902, -7.599155 ], [ 110.79386, -7.59914 ], [ 110.793841, -7.599133 ], [ 110.793797, -7.599109 ], [ 110.793764, -7.599097 ], [ 110.793708, -7.599079 ], [ 110.793681, -7.599061 ], [ 110.793648, -7.599041 ], [ 110.793607, -7.599021 ], [ 110.79356, -7.599005 ], [ 110.793517, -7.598991 ], [ 110.793475, -7.598976 ], [ 110.793414, -7.598951 ], [ 110.793332, -7.598916 ], [ 110.793301, -7.598902 ], [ 110.793258, -7.598879 ], [ 110.793239, -7.598876 ], [ 110.793208, -7.598875 ], [ 110.793179, -7.598877 ], [ 110.793137, -7.598884 ], [ 110.793107, -7.59889 ], [ 110.793036, -7.598916 ], [ 110.792991, -7.598924 ], [ 110.792961, -7.598927 ], [ 110.792926, -7.598928 ], [ 110.792885, -7.598925 ], [ 110.792822, -7.598919 ], [ 110.792767, -7.598914 ], [ 110.792694, -7.5989 ], [ 110.792668, -7.598895 ], [ 110.792633, -7.598892 ], [ 110.792605, -7.598891 ], [ 110.792582, -7.598887 ], [ 110.792565, -7.598878 ], [ 110.792556, -7.598872 ], [ 110.792545, -7.598855 ], [ 110.792532, -7.598835 ], [ 110.792522, -7.598826 ], [ 110.792488, -7.598807 ], [ 110.792474, -7.598793 ], [ 110.79246, -7.598775 ], [ 110.792439, -7.598755 ], [ 110.792348, -7.598672 ], [ 110.792321, -7.59865 ], [ 110.792253, -7.598617 ], [ 110.792197, -7.598587 ], [ 110.792171, -7.598569 ], [ 110.792149, -7.598547 ], [ 110.792121, -7.598521 ], [ 110.792104, -7.598514 ], [ 110.792086, -7.598508 ], [ 110.792068, -7.598497 ], [ 110.79206, -7.598488 ], [ 110.792057, -7.598478 ], [ 110.792057, -7.598463 ], [ 110.792062, -7.598448 ], [ 110.792088, -7.59837 ], [ 110.792129, -7.598258 ], [ 110.792183, -7.598099 ], [ 110.792214, -7.598017 ], [ 110.792227, -7.597981 ], [ 110.792253, -7.597934 ], [ 110.792302, -7.597839 ], [ 110.792312, -7.597812 ], [ 110.792318, -7.597797 ], [ 110.792317, -7.597775 ], [ 110.792301, -7.597755 ], [ 110.79226, -7.597728 ], [ 110.792174, -7.597683 ], [ 110.792115, -7.597655 ], [ 110.792077, -7.597637 ], [ 110.792031, -7.597626 ], [ 110.791991, -7.597622 ], [ 110.791961, -7.597618 ], [ 110.791878, -7.597591 ], [ 110.791693, -7.597523 ], [ 110.791632, -7.5975 ], [ 110.791505, -7.597468 ], [ 110.791481, -7.597468 ], [ 110.791415, -7.597471 ], [ 110.791349, -7.597473 ], [ 110.791309, -7.597469 ], [ 110.791279, -7.597465 ], [ 110.791249, -7.597458 ], [ 110.791177, -7.597445 ], [ 110.791135, -7.597444 ], [ 110.791086, -7.597445 ], [ 110.791042, -7.597441 ], [ 110.79098, -7.597429 ], [ 110.790936, -7.597411 ], [ 110.79089, -7.597388 ], [ 110.790746, -7.597321 ], [ 110.790678, -7.59728 ], [ 110.790614, -7.59723 ], [ 110.790598, -7.597208 ], [ 110.790592, -7.597171 ], [ 110.790593, -7.597138 ], [ 110.790614, -7.597074 ], [ 110.790662, -7.596954 ], [ 110.790707, -7.596857 ], [ 110.790733, -7.596792 ], [ 110.790777, -7.596669 ], [ 110.790784, -7.596635 ], [ 110.790782, -7.596611 ], [ 110.790771, -7.596592 ], [ 110.790734, -7.596571 ], [ 110.790612, -7.596517 ], [ 110.790506, -7.59646 ], [ 110.7905, -7.596457 ], [ 110.790445, -7.596428 ], [ 110.790412, -7.596404 ], [ 110.790281, -7.596315 ], [ 110.790203, -7.596257 ], [ 110.790141, -7.59622 ], [ 110.790085, -7.596198 ], [ 110.790028, -7.596182 ], [ 110.789884, -7.59615 ], [ 110.789752, -7.596122 ], [ 110.789678, -7.59611 ], [ 110.789622, -7.596105 ], [ 110.789534, -7.596095 ], [ 110.789457, -7.596085 ], [ 110.789424, -7.596081 ], [ 110.789407, -7.596075 ], [ 110.789346, -7.596051 ], [ 110.789266, -7.59602 ], [ 110.789178, -7.595991 ], [ 110.788964, -7.595929 ], [ 110.788841, -7.595895 ], [ 110.788679, -7.595845 ], [ 110.788648, -7.595832 ], [ 110.788585, -7.595792 ], [ 110.788539, -7.595765 ], [ 110.788538, -7.595764 ], [ 110.7885, -7.595749 ], [ 110.788413, -7.595725 ], [ 110.788222, -7.595663 ], [ 110.788147, -7.59564 ], [ 110.788089, -7.595627 ], [ 110.78808, -7.595625 ], [ 110.787992, -7.595609 ], [ 110.787913, -7.59559 ], [ 110.787848, -7.595575 ], [ 110.787775, -7.595563 ], [ 110.787737, -7.595555 ], [ 110.787641, -7.595527 ], [ 110.787537, -7.595499 ], [ 110.787424, -7.595465 ], [ 110.787265, -7.595419 ], [ 110.78733, -7.595236 ], [ 110.787498, -7.594743 ], [ 110.787533, -7.594651 ], [ 110.787567, -7.59456 ], [ 110.787591, -7.594554 ], [ 110.787657, -7.594563 ], [ 110.787728, -7.594586 ], [ 110.787772, -7.5946 ], [ 110.787796, -7.594608 ], [ 110.787799, -7.594605 ], [ 110.787813, -7.594594 ], [ 110.787815, -7.594584 ], [ 110.787815, -7.594584 ], [ 110.787816, -7.594482 ], [ 110.787816, -7.594452 ], [ 110.787816, -7.594447 ], [ 110.787795, -7.594404 ], [ 110.787784, -7.594383 ], [ 110.78778, -7.594375 ], [ 110.787715, -7.594307 ], [ 110.787648, -7.59426 ], [ 110.787528, -7.594177 ], [ 110.787346, -7.59405 ], [ 110.786755, -7.59364 ], [ 110.786539, -7.593473 ], [ 110.786118, -7.593148 ], [ 110.785973, -7.593049 ], [ 110.785841, -7.592965 ], [ 110.785758, -7.592913 ], [ 110.785705, -7.592868 ], [ 110.785668, -7.592835 ], [ 110.785656, -7.592824 ], [ 110.785545, -7.592726 ], [ 110.785488, -7.592659 ], [ 110.785488, -7.592657 ], [ 110.78548, -7.592581 ], [ 110.785477, -7.592551 ], [ 110.78548, -7.592533 ], [ 110.785491, -7.592475 ], [ 110.785492, -7.59247 ], [ 110.785493, -7.592455 ], [ 110.785494, -7.592451 ], [ 110.785505, -7.592329 ], [ 110.785508, -7.5923 ], [ 110.785518, -7.5922 ], [ 110.785527, -7.592116 ], [ 110.785532, -7.592062 ], [ 110.785534, -7.592044 ], [ 110.785523, -7.59204 ], [ 110.785437, -7.592005 ], [ 110.785331, -7.591963 ], [ 110.785321, -7.59196 ], [ 110.785318, -7.591929 ], [ 110.785319, -7.591923 ], [ 110.785336, -7.591867 ], [ 110.785338, -7.59186 ], [ 110.78534, -7.591854 ], [ 110.785375, -7.591733 ], [ 110.785401, -7.591645 ], [ 110.785406, -7.59163 ], [ 110.785422, -7.591576 ], [ 110.785456, -7.591467 ], [ 110.785461, -7.59145 ], [ 110.785489, -7.591353 ], [ 110.7855, -7.591316 ], [ 110.785522, -7.59124 ], [ 110.785541, -7.591176 ], [ 110.785549, -7.591149 ], [ 110.78559, -7.591016 ], [ 110.785607, -7.590963 ], [ 110.785645, -7.590841 ], [ 110.785684, -7.590716 ], [ 110.785699, -7.590668 ], [ 110.785719, -7.590574 ], [ 110.785731, -7.590518 ], [ 110.785735, -7.590498 ], [ 110.785737, -7.590488 ], [ 110.785736, -7.590473 ], [ 110.785735, -7.590462 ], [ 110.785714, -7.590431 ], [ 110.78571, -7.590425 ], [ 110.785684, -7.590371 ], [ 110.785608, -7.590304 ], [ 110.785597, -7.590294 ], [ 110.785513, -7.590198 ], [ 110.785506, -7.590106 ], [ 110.78546, -7.590051 ], [ 110.785399, -7.589987 ], [ 110.785334, -7.589918 ], [ 110.785293, -7.589918 ], [ 110.785247, -7.589913 ], [ 110.785135, -7.58986 ], [ 110.785027, -7.589776 ], [ 110.784938, -7.589725 ], [ 110.784863, -7.589722 ], [ 110.784803, -7.589743 ], [ 110.78474, -7.589746 ], [ 110.784691, -7.589731 ], [ 110.784657, -7.589721 ], [ 110.784581, -7.589696 ], [ 110.784447, -7.589677 ], [ 110.784305, -7.589669 ], [ 110.78418, -7.589661 ], [ 110.784037, -7.589646 ], [ 110.784022, -7.589643 ], [ 110.783852, -7.589636 ], [ 110.783853, -7.589558 ], [ 110.783854, -7.589504 ], [ 110.783854, -7.589483 ], [ 110.783855, -7.589397 ], [ 110.783855, -7.589344 ], [ 110.783855, -7.589307 ], [ 110.783853, -7.589198 ], [ 110.783852, -7.589103 ], [ 110.783852, -7.589087 ], [ 110.783851, -7.589067 ], [ 110.78385, -7.588958 ], [ 110.783849, -7.588862 ], [ 110.783848, -7.588813 ], [ 110.783852, -7.588752 ], [ 110.783861, -7.588618 ], [ 110.783861, -7.588618 ], [ 110.783863, -7.588586 ], [ 110.783868, -7.58852 ], [ 110.783872, -7.588505 ], [ 110.783879, -7.588481 ], [ 110.78388, -7.588479 ], [ 110.783889, -7.588448 ], [ 110.783892, -7.588425 ], [ 110.783897, -7.58837 ], [ 110.7839, -7.58834 ], [ 110.783906, -7.588279 ], [ 110.783916, -7.588197 ], [ 110.783921, -7.588151 ], [ 110.783933, -7.58805 ], [ 110.783935, -7.588003 ], [ 110.783938, -7.587952 ], [ 110.783944, -7.587863 ], [ 110.783946, -7.587823 ], [ 110.783951, -7.587752 ], [ 110.783955, -7.587697 ], [ 110.783955, -7.587696 ], [ 110.783954, -7.587676 ], [ 110.783949, -7.587572 ], [ 110.783949, -7.58757 ], [ 110.783949, -7.587559 ], [ 110.783949, -7.587558 ], [ 110.783945, -7.587396 ], [ 110.783943, -7.5873 ], [ 110.783941, -7.587204 ], [ 110.783939, -7.587137 ], [ 110.783928, -7.587122 ], [ 110.783928, -7.587106 ], [ 110.783924, -7.587007 ], [ 110.783924, -7.587003 ], [ 110.78392, -7.58692 ], [ 110.783919, -7.586901 ], [ 110.783919, -7.586865 ], [ 110.783919, -7.58674 ], [ 110.783919, -7.586715 ], [ 110.783918, -7.586616 ], [ 110.783918, -7.586596 ], [ 110.783918, -7.586574 ], [ 110.783913, -7.586502 ], [ 110.783911, -7.586483 ], [ 110.783909, -7.586446 ], [ 110.783905, -7.586392 ], [ 110.783902, -7.586382 ], [ 110.783888, -7.586318 ], [ 110.783885, -7.586304 ], [ 110.783879, -7.586275 ], [ 110.783889, -7.586235 ], [ 110.783906, -7.586165 ], [ 110.78391, -7.586149 ], [ 110.783922, -7.5861 ], [ 110.783925, -7.58609 ], [ 110.783911, -7.586084 ], [ 110.783911, -7.586084 ], [ 110.783868, -7.586065 ], [ 110.783833, -7.586051 ], [ 110.783827, -7.586024 ], [ 110.783824, -7.585817 ], [ 110.783824, -7.585644 ], [ 110.783814, -7.585614 ], [ 110.783793, -7.585577 ], [ 110.783782, -7.585543 ], [ 110.783776, -7.585485 ], [ 110.783776, -7.585427 ], [ 110.783791, -7.585395 ], [ 110.783809, -7.585368 ], [ 110.783849, -7.585354 ], [ 110.783868, -7.585336 ], [ 110.783883, -7.585332 ], [ 110.783902, -7.585332 ], [ 110.783924, -7.585347 ], [ 110.783964, -7.585361 ], [ 110.783986, -7.585355 ], [ 110.783998, -7.585326 ], [ 110.784012, -7.585271 ], [ 110.784021, -7.58524 ], [ 110.784025, -7.585228 ], [ 110.784039, -7.585201 ], [ 110.784074, -7.585159 ], [ 110.784105, -7.585135 ], [ 110.784125, -7.585125 ], [ 110.784156, -7.585126 ], [ 110.784172, -7.585137 ], [ 110.784186, -7.585159 ], [ 110.784264, -7.585331 ], [ 110.784266, -7.585333 ], [ 110.784321, -7.585453 ], [ 110.784333, -7.58548 ], [ 110.784355, -7.585527 ], [ 110.784383, -7.585574 ], [ 110.784395, -7.585588 ], [ 110.784415, -7.585612 ], [ 110.784466, -7.58563 ], [ 110.784512, -7.585641 ], [ 110.784534, -7.585637 ], [ 110.784555, -7.585633 ], [ 110.784594, -7.585616 ], [ 110.784638, -7.585586 ], [ 110.784671, -7.585554 ], [ 110.784673, -7.585549 ], [ 110.784681, -7.585532 ], [ 110.784688, -7.585516 ], [ 110.784699, -7.585503 ], [ 110.784726, -7.585479 ], [ 110.784815, -7.585428 ], [ 110.784856, -7.585408 ], [ 110.784913, -7.585379 ], [ 110.784934, -7.585367 ], [ 110.78498, -7.585339 ], [ 110.785043, -7.585297 ], [ 110.785075, -7.585271 ], [ 110.785087, -7.585262 ], [ 110.785118, -7.585222 ], [ 110.785148, -7.585176 ], [ 110.785162, -7.585158 ], [ 110.785209, -7.585143 ], [ 110.785224, -7.585143 ], [ 110.785264, -7.585144 ], [ 110.785296, -7.585151 ], [ 110.785345, -7.585161 ], [ 110.785407, -7.585188 ], [ 110.78549, -7.585237 ], [ 110.785506, -7.585247 ], [ 110.785551, -7.585278 ], [ 110.785592, -7.585316 ], [ 110.785644, -7.585363 ], [ 110.785697, -7.585396 ], [ 110.785742, -7.585414 ], [ 110.785823, -7.585414 ], [ 110.785833, -7.585412 ], [ 110.785905, -7.5854 ], [ 110.785942, -7.585384 ], [ 110.786012, -7.585345 ], [ 110.786077, -7.585307 ], [ 110.786128, -7.5853 ], [ 110.786184, -7.585302 ], [ 110.786288, -7.585312 ], [ 110.786297, -7.585313 ], [ 110.786306, -7.585313 ], [ 110.786315, -7.585314 ], [ 110.786369, -7.58532 ], [ 110.786452, -7.585328 ], [ 110.786498, -7.585333 ], [ 110.786533, -7.585336 ], [ 110.786567, -7.585338 ], [ 110.786609, -7.585339 ], [ 110.786646, -7.585331 ], [ 110.786669, -7.58531 ], [ 110.786696, -7.585272 ], [ 110.786708, -7.585248 ], [ 110.786718, -7.585228 ], [ 110.786744, -7.58519 ], [ 110.786776, -7.585155 ], [ 110.786814, -7.585132 ], [ 110.786868, -7.585103 ], [ 110.786893, -7.585081 ], [ 110.786912, -7.585064 ], [ 110.786969, -7.585052 ], [ 110.787022, -7.585051 ], [ 110.787069, -7.585062 ], [ 110.787102, -7.585081 ], [ 110.787111, -7.585086 ], [ 110.787158, -7.585118 ], [ 110.787201, -7.585155 ], [ 110.78725, -7.585177 ], [ 110.787291, -7.585187 ], [ 110.78734, -7.585188 ], [ 110.787378, -7.585178 ], [ 110.787407, -7.585155 ], [ 110.787431, -7.585122 ], [ 110.78745, -7.58509 ], [ 110.787467, -7.58507 ], [ 110.78748, -7.585051 ], [ 110.787525, -7.584992 ], [ 110.787569, -7.584933 ], [ 110.787607, -7.584881 ], [ 110.787631, -7.584863 ], [ 110.787663, -7.584847 ], [ 110.787692, -7.584839 ], [ 110.787732, -7.584838 ], [ 110.787765, -7.58483 ], [ 110.787812, -7.584812 ], [ 110.787854, -7.584782 ], [ 110.787883, -7.584761 ], [ 110.7879, -7.584748 ], [ 110.787925, -7.584728 ], [ 110.78797, -7.584721 ], [ 110.788002, -7.584726 ], [ 110.788042, -7.584743 ], [ 110.78807, -7.584753 ], [ 110.788107, -7.584754 ], [ 110.788137, -7.584751 ], [ 110.788157, -7.584742 ], [ 110.788174, -7.584723 ], [ 110.788183, -7.584695 ], [ 110.788183, -7.584691 ], [ 110.788188, -7.584657 ], [ 110.788202, -7.584614 ], [ 110.788226, -7.5846 ], [ 110.788266, -7.584594 ], [ 110.788291, -7.584599 ], [ 110.788294, -7.584599 ], [ 110.788321, -7.584605 ], [ 110.788352, -7.584604 ], [ 110.788371, -7.584597 ], [ 110.788383, -7.584581 ], [ 110.788385, -7.584556 ], [ 110.788387, -7.584527 ], [ 110.788387, -7.584501 ], [ 110.788387, -7.584494 ], [ 110.788391, -7.584466 ], [ 110.788395, -7.58445 ], [ 110.788401, -7.584437 ], [ 110.788419, -7.584407 ], [ 110.788445, -7.584381 ], [ 110.788465, -7.584364 ], [ 110.788497, -7.584336 ], [ 110.788537, -7.584295 ], [ 110.78856, -7.584276 ], [ 110.788605, -7.584264 ], [ 110.788651, -7.584259 ], [ 110.788691, -7.584255 ], [ 110.788699, -7.584253 ], [ 110.788717, -7.584249 ], [ 110.788745, -7.584234 ], [ 110.788769, -7.584226 ], [ 110.788793, -7.584222 ], [ 110.788813, -7.58422 ], [ 110.78882, -7.584216 ], [ 110.788822, -7.584215 ], [ 110.788882, -7.584184 ], [ 110.788913, -7.584178 ], [ 110.788944, -7.584185 ], [ 110.789003, -7.584214 ], [ 110.789055, -7.584233 ], [ 110.789099, -7.584239 ], [ 110.789172, -7.584241 ], [ 110.789264, -7.583582 ], [ 110.789269, -7.583541 ], [ 110.789345, -7.583565 ], [ 110.789362, -7.583563 ], [ 110.789428, -7.583558 ], [ 110.789479, -7.583552 ], [ 110.789539, -7.58356 ], [ 110.789712, -7.583583 ], [ 110.789782, -7.583589 ], [ 110.78989, -7.583599 ], [ 110.790023, -7.583577 ], [ 110.790084, -7.583566 ], [ 110.790141, -7.583535 ], [ 110.790128, -7.583532 ], [ 110.790112, -7.583529 ], [ 110.790099, -7.583524 ], [ 110.79009, -7.583508 ], [ 110.790081, -7.583484 ], [ 110.790078, -7.583453 ], [ 110.790076, -7.583385 ], [ 110.790073, -7.583337 ], [ 110.790071, -7.583323 ], [ 110.790066, -7.583292 ], [ 110.790055, -7.583229 ], [ 110.790042, -7.583167 ], [ 110.790035, -7.583132 ], [ 110.790035, -7.583062 ], [ 110.790036, -7.582994 ], [ 110.790036, -7.582987 ], [ 110.790034, -7.582909 ], [ 110.79003, -7.582861 ], [ 110.790025, -7.582797 ], [ 110.790022, -7.582715 ], [ 110.790022, -7.582704 ], [ 110.790007, -7.58266 ], [ 110.789993, -7.58261 ], [ 110.789976, -7.582554 ], [ 110.789946, -7.582466 ], [ 110.789941, -7.582442 ], [ 110.789938, -7.58241 ], [ 110.789938, -7.582355 ], [ 110.789938, -7.582326 ], [ 110.789937, -7.582276 ], [ 110.789934, -7.582226 ], [ 110.789929, -7.58216 ], [ 110.789923, -7.582113 ], [ 110.789922, -7.5821 ], [ 110.789914, -7.582037 ], [ 110.789904, -7.581968 ], [ 110.789887, -7.581891 ], [ 110.789879, -7.581851 ], [ 110.789874, -7.581806 ], [ 110.789877, -7.581745 ], [ 110.789882, -7.581664 ], [ 110.789886, -7.58158 ], [ 110.789889, -7.581515 ], [ 110.789894, -7.581423 ], [ 110.789895, -7.581372 ], [ 110.789897, -7.581297 ], [ 110.789897, -7.581252 ], [ 110.789891, -7.581224 ], [ 110.789891, -7.581223 ], [ 110.789878, -7.58121 ], [ 110.789852, -7.581204 ], [ 110.789818, -7.581208 ], [ 110.789759, -7.581218 ], [ 110.789742, -7.581222 ], [ 110.789741, -7.581222 ], [ 110.789703, -7.581231 ], [ 110.789655, -7.581244 ], [ 110.78957, -7.581259 ], [ 110.789515, -7.58127 ], [ 110.789469, -7.581275 ], [ 110.789393, -7.581279 ], [ 110.78931, -7.581277 ], [ 110.789261, -7.581273 ], [ 110.789173, -7.581251 ], [ 110.789074, -7.581211 ], [ 110.789038, -7.581194 ], [ 110.788965, -7.581154 ], [ 110.788922, -7.581131 ], [ 110.788892, -7.581109 ], [ 110.78882, -7.581045 ], [ 110.788729, -7.580962 ], [ 110.788659, -7.580891 ], [ 110.788618, -7.580852 ], [ 110.788611, -7.580835 ], [ 110.788603, -7.580802 ], [ 110.78861, -7.580683 ], [ 110.788613, -7.580651 ], [ 110.78862, -7.58056 ], [ 110.788635, -7.580402 ], [ 110.78865, -7.580261 ], [ 110.788662, -7.580191 ], [ 110.788694, -7.580105 ], [ 110.788702, -7.580082 ], [ 110.788706, -7.579993 ], [ 110.788704, -7.579953 ], [ 110.788697, -7.579926 ], [ 110.788674, -7.579878 ], [ 110.788635, -7.579785 ], [ 110.788576, -7.579643 ], [ 110.788518, -7.579546 ], [ 110.788461, -7.579398 ], [ 110.788456, -7.579382 ], [ 110.788414, -7.579261 ], [ 110.788394, -7.579205 ], [ 110.788364, -7.579108 ], [ 110.788305, -7.578946 ], [ 110.788267, -7.57885 ], [ 110.78823, -7.578758 ], [ 110.788159, -7.578539 ], [ 110.788086, -7.578323 ], [ 110.788048, -7.578211 ], [ 110.787965, -7.577981 ], [ 110.787899, -7.577789 ], [ 110.787856, -7.577663 ], [ 110.787833, -7.577592 ], [ 110.787803, -7.577515 ], [ 110.787793, -7.577491 ], [ 110.787788, -7.577434 ], [ 110.78779, -7.577413 ], [ 110.787793, -7.577379 ], [ 110.787795, -7.577245 ], [ 110.787804, -7.577181 ], [ 110.787838, -7.577114 ], [ 110.787884, -7.577017 ], [ 110.787915, -7.576989 ], [ 110.787946, -7.576986 ], [ 110.788044, -7.577004 ], [ 110.788126, -7.577021 ], [ 110.788253, -7.577024 ], [ 110.788331, -7.577037 ], [ 110.78839, -7.57706 ], [ 110.788481, -7.577067 ], [ 110.788575, -7.577073 ], [ 110.78867, -7.577071 ], [ 110.788686, -7.577059 ], [ 110.788725, -7.577 ], [ 110.788765, -7.576959 ], [ 110.788802, -7.576922 ], [ 110.788823, -7.576862 ], [ 110.788839, -7.576765 ], [ 110.788857, -7.576676 ], [ 110.788871, -7.576616 ], [ 110.788882, -7.576532 ], [ 110.788882, -7.576443 ], [ 110.788894, -7.576376 ], [ 110.788906, -7.576347 ], [ 110.788931, -7.576263 ], [ 110.788952, -7.576131 ], [ 110.788985, -7.575998 ], [ 110.789011, -7.575861 ], [ 110.789022, -7.575791 ], [ 110.789032, -7.575721 ], [ 110.789046, -7.57566 ], [ 110.789064, -7.575554 ], [ 110.78907, -7.575486 ], [ 110.789069, -7.575401 ], [ 110.789081, -7.575284 ], [ 110.789093, -7.575197 ], [ 110.789103, -7.575136 ], [ 110.789114, -7.574975 ], [ 110.789124, -7.574848 ], [ 110.789124, -7.57476 ], [ 110.78913, -7.574585 ], [ 110.789138, -7.574481 ], [ 110.789142, -7.574363 ], [ 110.789148, -7.574257 ], [ 110.789158, -7.574192 ], [ 110.78917, -7.574154 ], [ 110.789188, -7.574128 ], [ 110.789226, -7.574086 ], [ 110.789253, -7.574062 ], [ 110.789295, -7.574025 ], [ 110.789341, -7.573965 ], [ 110.789391, -7.573909 ], [ 110.789479, -7.573803 ], [ 110.78959, -7.573672 ], [ 110.789668, -7.573572 ], [ 110.789712, -7.573484 ], [ 110.789733, -7.573433 ], [ 110.789746, -7.573368 ], [ 110.789761, -7.573213 ], [ 110.790056, -7.573116 ], [ 110.79018, -7.57309 ], [ 110.790324, -7.573042 ], [ 110.790403, -7.573028 ], [ 110.790487, -7.573014 ], [ 110.790571, -7.573011 ], [ 110.790847, -7.573088 ], [ 110.791005, -7.573167 ], [ 110.791207, -7.573297 ], [ 110.79132, -7.573366 ], [ 110.791461, -7.573428 ], [ 110.79161, -7.573467 ], [ 110.791823, -7.573493 ], [ 110.792104, -7.57352 ], [ 110.79231, -7.573505 ], [ 110.792442, -7.573493 ], [ 110.79249, -7.57346 ], [ 110.7925, -7.573414 ], [ 110.792512, -7.573218 ], [ 110.792524, -7.57307 ], [ 110.792527, -7.573009 ], [ 110.792508, -7.572945 ], [ 110.792457, -7.572847 ], [ 110.792453, -7.572826 ], [ 110.792465, -7.572758 ], [ 110.792511, -7.572602 ], [ 110.792595, -7.572302 ], [ 110.792659, -7.57208 ], [ 110.792687, -7.571973 ], [ 110.7927, -7.57191 ], [ 110.792721, -7.571832 ], [ 110.792733, -7.571779 ], [ 110.792742, -7.571657 ], [ 110.792755, -7.57162 ], [ 110.792786, -7.571614 ], [ 110.792912, -7.571623 ], [ 110.792926, -7.571624 ], [ 110.792938, -7.571661 ], [ 110.792952, -7.571736 ], [ 110.792959, -7.571798 ], [ 110.792976, -7.57191 ], [ 110.792987, -7.571995 ], [ 110.793, -7.572052 ], [ 110.793024, -7.572097 ], [ 110.793057, -7.572135 ], [ 110.793106, -7.572164 ], [ 110.793193, -7.572199 ], [ 110.79333, -7.572213 ], [ 110.793456, -7.572203 ], [ 110.793591, -7.57218 ], [ 110.793749, -7.572146 ], [ 110.793914, -7.572113 ], [ 110.79397, -7.572111 ], [ 110.794096, -7.572099 ], [ 110.794164, -7.572074 ], [ 110.794257, -7.572037 ], [ 110.794319, -7.572018 ], [ 110.794359, -7.57201 ], [ 110.794452, -7.571989 ], [ 110.794534, -7.571991 ], [ 110.794681, -7.572016 ], [ 110.79486, -7.572037 ], [ 110.794929, -7.572039 ], [ 110.794985, -7.572033 ], [ 110.795032, -7.572015 ], [ 110.795073, -7.571993 ], [ 110.795142, -7.571943 ], [ 110.795203, -7.571888 ], [ 110.795272, -7.571819 ], [ 110.795303, -7.571795 ], [ 110.795399, -7.571772 ], [ 110.795515, -7.571752 ], [ 110.795591, -7.571744 ], [ 110.795772, -7.571733 ], [ 110.795891, -7.571728 ], [ 110.795984, -7.571727 ], [ 110.796053, -7.571715 ], [ 110.796197, -7.571691 ], [ 110.796311, -7.571659 ], [ 110.796428, -7.571639 ], [ 110.796502, -7.571639 ], [ 110.796547, -7.571639 ], [ 110.796654, -7.571659 ], [ 110.796966, -7.571711 ], [ 110.79718, -7.571747 ], [ 110.7973, -7.571784 ], [ 110.797371, -7.571822 ], [ 110.797425, -7.571852 ], [ 110.797603, -7.571941 ], [ 110.797754, -7.572021 ], [ 110.797831, -7.572062 ], [ 110.797891, -7.572095 ], [ 110.798033, -7.572149 ], [ 110.798151, -7.572192 ], [ 110.798289, -7.572228 ], [ 110.798415, -7.572256 ], [ 110.798518, -7.572261 ], [ 110.798582, -7.572252 ], [ 110.798636, -7.572225 ], [ 110.798692, -7.572179 ], [ 110.798765, -7.572091 ], [ 110.798829, -7.572 ], [ 110.798886, -7.57191 ], [ 110.798936, -7.571842 ], [ 110.799001, -7.571788 ], [ 110.799135, -7.571695 ], [ 110.799278, -7.571623 ], [ 110.799348, -7.57159 ], [ 110.799458, -7.571576 ], [ 110.799666, -7.571553 ], [ 110.799769, -7.571554 ], [ 110.799816, -7.571554 ], [ 110.799991, -7.571557 ], [ 110.800089, -7.571548 ], [ 110.800286, -7.571519 ], [ 110.800418, -7.571488 ], [ 110.800541, -7.571453 ], [ 110.8007, -7.571393 ], [ 110.800753, -7.571378 ], [ 110.800842, -7.571355 ], [ 110.800914, -7.571348 ], [ 110.801152, -7.571355 ], [ 110.801331, -7.571372 ], [ 110.801496, -7.571398 ], [ 110.80171, -7.57144 ], [ 110.801903, -7.571481 ], [ 110.80195, -7.571491 ], [ 110.801995, -7.571513 ], [ 110.802037, -7.571551 ] ] ] } },
{ "type": "Feature", "properties": { "KAB": "KAB SUKOHARJO", "KEC": "KEC. KARTASURA", "Sumber": "RTRW Kab. Sukoharjo & Verifikasi Desa", "Tahun": "2014", "Label": "Kec. Kartasura", "Luas": 2166.0334253000001 }, "geometry": { "type": "Polygon", "coordinates": [ [ [ 110.730523, -7.539163 ], [ 110.731487, -7.5394 ], [ 110.731749, -7.538243 ], [ 110.731795, -7.538238 ], [ 110.732212, -7.538284 ], [ 110.732299, -7.538167 ], [ 110.732349, -7.538121 ], [ 110.732397, -7.538109 ], [ 110.732555, -7.53815 ], [ 110.732781, -7.538232 ], [ 110.733043, -7.538321 ], [ 110.733496, -7.538236 ], [ 110.733637, -7.538247 ], [ 110.733726, -7.538268 ], [ 110.733776, -7.538295 ], [ 110.733843, -7.538304 ], [ 110.733937, -7.538307 ], [ 110.734088, -7.538328 ], [ 110.73422, -7.538347 ], [ 110.734498, -7.538391 ], [ 110.73462, -7.538408 ], [ 110.734814, -7.538455 ], [ 110.734913, -7.538475 ], [ 110.734946, -7.538472 ], [ 110.734978, -7.538468 ], [ 110.735035, -7.538482 ], [ 110.735061, -7.538475 ], [ 110.735069, -7.538456 ], [ 110.735074, -7.538348 ], [ 110.735088, -7.538255 ], [ 110.735102, -7.538178 ], [ 110.735122, -7.538085 ], [ 110.735141, -7.538063 ], [ 110.735184, -7.538061 ], [ 110.735234, -7.53808 ], [ 110.735309, -7.538111 ], [ 110.7354, -7.538134 ], [ 110.735566, -7.538175 ], [ 110.735917, -7.538247 ], [ 110.736084, -7.538277 ], [ 110.736108, -7.538254 ], [ 110.736114, -7.538224 ], [ 110.73612, -7.538192 ], [ 110.736141, -7.538175 ], [ 110.736187, -7.538173 ], [ 110.736236, -7.538171 ], [ 110.736317, -7.538141 ], [ 110.736363, -7.538136 ], [ 110.736619, -7.538157 ], [ 110.736659, -7.538173 ], [ 110.736697, -7.538198 ], [ 110.736966, -7.538237 ], [ 110.737514, -7.538309 ], [ 110.737564, -7.538305 ], [ 110.737639, -7.538306 ], [ 110.737747, -7.53832 ], [ 110.737838, -7.538352 ], [ 110.737979, -7.538443 ], [ 110.737991, -7.538497 ], [ 110.737985, -7.538554 ], [ 110.737952, -7.538656 ], [ 110.737946, -7.538712 ], [ 110.737961, -7.538748 ], [ 110.738027, -7.53876 ], [ 110.738084, -7.538769 ], [ 110.738153, -7.538787 ], [ 110.738288, -7.538817 ], [ 110.738567, -7.538856 ], [ 110.738627, -7.538889 ], [ 110.738666, -7.53891 ], [ 110.738735, -7.538913 ], [ 110.738795, -7.538928 ], [ 110.738846, -7.538943 ], [ 110.738917, -7.538946 ], [ 110.73901, -7.538949 ], [ 110.7391, -7.538955 ], [ 110.739196, -7.538988 ], [ 110.73931, -7.539006 ], [ 110.739538, -7.539044 ], [ 110.739649, -7.539046 ], [ 110.739769, -7.539058 ], [ 110.739937, -7.539094 ], [ 110.740084, -7.539142 ], [ 110.740251, -7.539166 ], [ 110.740353, -7.539181 ], [ 110.740476, -7.539226 ], [ 110.740587, -7.539309 ], [ 110.740746, -7.539376 ], [ 110.740879, -7.539402 ], [ 110.740947, -7.539416 ], [ 110.740959, -7.539418 ], [ 110.741058, -7.539438 ], [ 110.741474, -7.539567 ], [ 110.741609, -7.5396 ], [ 110.741744, -7.539618 ], [ 110.741854, -7.539615 ], [ 110.741896, -7.539625 ], [ 110.74213, -7.539679 ], [ 110.742196, -7.539702 ], [ 110.742236, -7.539734 ], [ 110.7423, -7.539793 ], [ 110.742336, -7.53983 ], [ 110.742349, -7.539831 ], [ 110.742389, -7.539837 ], [ 110.742421, -7.539851 ], [ 110.742473, -7.539867 ], [ 110.742525, -7.539871 ], [ 110.742569, -7.539871 ], [ 110.742607, -7.539874 ], [ 110.742643, -7.539878 ], [ 110.742687, -7.539866 ], [ 110.742773, -7.539867 ], [ 110.74285, -7.539884 ], [ 110.742897, -7.539904 ], [ 110.742946, -7.539946 ], [ 110.742968, -7.539996 ], [ 110.742993, -7.540118 ], [ 110.743014, -7.540219 ], [ 110.743015, -7.540308 ], [ 110.742996, -7.540354 ], [ 110.742954, -7.540417 ], [ 110.742885, -7.540495 ], [ 110.742855, -7.540549 ], [ 110.742838, -7.540666 ], [ 110.742833, -7.54075 ], [ 110.742842, -7.540835 ], [ 110.742869, -7.540908 ], [ 110.742918, -7.540987 ], [ 110.742953, -7.541019 ], [ 110.742987, -7.541033 ], [ 110.743019, -7.541029 ], [ 110.743059, -7.541029 ], [ 110.743101, -7.541036 ], [ 110.74315, -7.541061 ], [ 110.7432, -7.541097 ], [ 110.743256, -7.541118 ], [ 110.743338, -7.541166 ], [ 110.743452, -7.54123 ], [ 110.743538, -7.541275 ], [ 110.743643, -7.541306 ], [ 110.743705, -7.541327 ], [ 110.743742, -7.541332 ], [ 110.743774, -7.541324 ], [ 110.743812, -7.541311 ], [ 110.743853, -7.541291 ], [ 110.743886, -7.541273 ], [ 110.74393, -7.541256 ], [ 110.744022, -7.541241 ], [ 110.744079, -7.541244 ], [ 110.744147, -7.541242 ], [ 110.744202, -7.541236 ], [ 110.744238, -7.541225 ], [ 110.744271, -7.541222 ], [ 110.744297, -7.541225 ], [ 110.744322, -7.541245 ], [ 110.744347, -7.541267 ], [ 110.74438, -7.541278 ], [ 110.744413, -7.541278 ], [ 110.74445, -7.541271 ], [ 110.744483, -7.541252 ], [ 110.744538, -7.541248 ], [ 110.744601, -7.541243 ], [ 110.744639, -7.541202 ], [ 110.744656, -7.541176 ], [ 110.744689, -7.541142 ], [ 110.744723, -7.541128 ], [ 110.744759, -7.541133 ], [ 110.744838, -7.54119 ], [ 110.744893, -7.541231 ], [ 110.744936, -7.541257 ], [ 110.744968, -7.541279 ], [ 110.745037, -7.541346 ], [ 110.745092, -7.541392 ], [ 110.74516, -7.541427 ], [ 110.745814, -7.541282 ], [ 110.746121, -7.541225 ], [ 110.746452, -7.54117 ], [ 110.746629, -7.541139 ], [ 110.746773, -7.541139 ], [ 110.747001, -7.541158 ], [ 110.747099, -7.54118 ], [ 110.747296, -7.54123 ], [ 110.747917, -7.541376 ], [ 110.74802, -7.541439 ], [ 110.748243, -7.541568 ], [ 110.748435, -7.541697 ], [ 110.748499, -7.541793 ], [ 110.748564, -7.541867 ], [ 110.748679, -7.541944 ], [ 110.748756, -7.541987 ], [ 110.74878, -7.542018 ], [ 110.748797, -7.542095 ], [ 110.748645, -7.542649 ], [ 110.748572, -7.542837 ], [ 110.748487, -7.54307 ], [ 110.748447, -7.543247 ], [ 110.748433, -7.543321 ], [ 110.748414, -7.543446 ], [ 110.748389, -7.543657 ], [ 110.748405, -7.543798 ], [ 110.748425, -7.543969 ], [ 110.748435, -7.544015 ], [ 110.748481, -7.544055 ], [ 110.748539, -7.544075 ], [ 110.748597, -7.544082 ], [ 110.748633, -7.544066 ], [ 110.748661, -7.544036 ], [ 110.748684, -7.543989 ], [ 110.748702, -7.543962 ], [ 110.748732, -7.543957 ], [ 110.748774, -7.543975 ], [ 110.748807, -7.544026 ], [ 110.748856, -7.544147 ], [ 110.748917, -7.544242 ], [ 110.748983, -7.544354 ], [ 110.749077, -7.544434 ], [ 110.749248, -7.544516 ], [ 110.749356, -7.544579 ], [ 110.749415, -7.544641 ], [ 110.749451, -7.544676 ], [ 110.749503, -7.544702 ], [ 110.749533, -7.544706 ], [ 110.749562, -7.544693 ], [ 110.749586, -7.54468 ], [ 110.749621, -7.544679 ], [ 110.749652, -7.544699 ], [ 110.74967, -7.544742 ], [ 110.749664, -7.544786 ], [ 110.749687, -7.544851 ], [ 110.749723, -7.544903 ], [ 110.749828, -7.544962 ], [ 110.749931, -7.545005 ], [ 110.750054, -7.545038 ], [ 110.750146, -7.545061 ], [ 110.750285, -7.545075 ], [ 110.750336, -7.545071 ], [ 110.750376, -7.545064 ], [ 110.750419, -7.545064 ], [ 110.750471, -7.545086 ], [ 110.75054, -7.545127 ], [ 110.750684, -7.545188 ], [ 110.75076, -7.545201 ], [ 110.750819, -7.545203 ], [ 110.750871, -7.545192 ], [ 110.75091, -7.545168 ], [ 110.750963, -7.54512 ], [ 110.751018, -7.545077 ], [ 110.75108, -7.545076 ], [ 110.751157, -7.545083 ], [ 110.751188, -7.545102 ], [ 110.751192, -7.545133 ], [ 110.751183, -7.545159 ], [ 110.75116, -7.545189 ], [ 110.751144, -7.545224 ], [ 110.751136, -7.545268 ], [ 110.751136, -7.545323 ], [ 110.751157, -7.545346 ], [ 110.75119, -7.545362 ], [ 110.751238, -7.54536 ], [ 110.751288, -7.54534 ], [ 110.751343, -7.545337 ], [ 110.751415, -7.545346 ], [ 110.751471, -7.545353 ], [ 110.751516, -7.545353 ], [ 110.751618, -7.545345 ], [ 110.751655, -7.545368 ], [ 110.751697, -7.545422 ], [ 110.751714, -7.545461 ], [ 110.751724, -7.545485 ], [ 110.751739, -7.545518 ], [ 110.751772, -7.545557 ], [ 110.751832, -7.545583 ], [ 110.751855, -7.5456 ], [ 110.751926, -7.545669 ], [ 110.751967, -7.54572 ], [ 110.752049, -7.545748 ], [ 110.752136, -7.545776 ], [ 110.752238, -7.545782 ], [ 110.752347, -7.545779 ], [ 110.752518, -7.54576 ], [ 110.752613, -7.545733 ], [ 110.752687, -7.545733 ], [ 110.752766, -7.545734 ], [ 110.752832, -7.545732 ], [ 110.752891, -7.545722 ], [ 110.752931, -7.545716 ], [ 110.752962, -7.545716 ], [ 110.752996, -7.545752 ], [ 110.753009, -7.545796 ], [ 110.753026, -7.545848 ], [ 110.753029, -7.545894 ], [ 110.753022, -7.545937 ], [ 110.752989, -7.545997 ], [ 110.752967, -7.546032 ], [ 110.75296, -7.546086 ], [ 110.752984, -7.546154 ], [ 110.75305, -7.546243 ], [ 110.753109, -7.546299 ], [ 110.753161, -7.546327 ], [ 110.753203, -7.546341 ], [ 110.753281, -7.546361 ], [ 110.75341, -7.546375 ], [ 110.753554, -7.546368 ], [ 110.753742, -7.546302 ], [ 110.753897, -7.546234 ], [ 110.754213, -7.546094 ], [ 110.75435, -7.546048 ], [ 110.754498, -7.546012 ], [ 110.754609, -7.546012 ], [ 110.754731, -7.54603 ], [ 110.754908, -7.546084 ], [ 110.755001, -7.546127 ], [ 110.755062, -7.546177 ], [ 110.755141, -7.546321 ], [ 110.755217, -7.546476 ], [ 110.755271, -7.546598 ], [ 110.755285, -7.546655 ], [ 110.755285, -7.546766 ], [ 110.755292, -7.54686 ], [ 110.755314, -7.547 ], [ 110.755357, -7.547143 ], [ 110.7555, -7.547549 ], [ 110.755597, -7.547808 ], [ 110.755705, -7.548034 ], [ 110.755756, -7.548142 ], [ 110.755792, -7.54817 ], [ 110.755838, -7.548188 ], [ 110.75591, -7.548203 ], [ 110.755997, -7.548196 ], [ 110.75609, -7.548188 ], [ 110.756176, -7.548206 ], [ 110.756284, -7.548239 ], [ 110.756389, -7.548318 ], [ 110.756471, -7.548411 ], [ 110.756511, -7.548497 ], [ 110.756525, -7.548576 ], [ 110.756493, -7.548691 ], [ 110.756453, -7.54877 ], [ 110.756442, -7.54882 ], [ 110.756457, -7.54886 ], [ 110.756478, -7.548903 ], [ 110.756547, -7.548919 ], [ 110.75669, -7.548871 ], [ 110.756715, -7.548857 ], [ 110.756784, -7.54885 ], [ 110.756821, -7.548853 ], [ 110.756876, -7.548838 ], [ 110.756984, -7.548765 ], [ 110.757049, -7.54871 ], [ 110.757112, -7.548672 ], [ 110.757168, -7.548662 ], [ 110.757251, -7.548687 ], [ 110.75731, -7.548737 ], [ 110.7574, -7.548833 ], [ 110.757465, -7.548904 ], [ 110.757502, -7.548957 ], [ 110.757598, -7.549043 ], [ 110.757908, -7.549273 ], [ 110.75809, -7.549406 ], [ 110.758378, -7.549584 ], [ 110.758683, -7.549745 ], [ 110.758836, -7.549816 ], [ 110.758863, -7.549752 ], [ 110.759064, -7.549202 ], [ 110.759278, -7.548606 ], [ 110.759651, -7.547651 ], [ 110.75971, -7.547513 ], [ 110.760029, -7.547666 ], [ 110.760561, -7.547884 ], [ 110.760909, -7.547995 ], [ 110.760969, -7.548014 ], [ 110.761012, -7.548009 ], [ 110.761048, -7.547983 ], [ 110.761077, -7.54794 ], [ 110.761115, -7.547909 ], [ 110.761216, -7.547834 ], [ 110.761288, -7.54777 ], [ 110.761329, -7.547691 ], [ 110.76136, -7.54759 ], [ 110.761387, -7.547504 ], [ 110.761433, -7.547311 ], [ 110.761452, -7.547246 ], [ 110.761485, -7.547208 ], [ 110.761531, -7.547186 ], [ 110.761597, -7.547174 ], [ 110.761685, -7.547161 ], [ 110.761755, -7.547147 ], [ 110.7618, -7.547109 ], [ 110.761902, -7.546822 ], [ 110.762013, -7.546517 ], [ 110.762109, -7.546206 ], [ 110.76222, -7.545949 ], [ 110.762349, -7.545623 ], [ 110.762403, -7.545461 ], [ 110.762223, -7.545401 ], [ 110.761607, -7.545181 ], [ 110.761688, -7.544807 ], [ 110.76171, -7.544705 ], [ 110.761715, -7.544647 ], [ 110.7617, -7.544472 ], [ 110.761698, -7.544405 ], [ 110.761705, -7.544346 ], [ 110.761746, -7.544202 ], [ 110.761835, -7.543984 ], [ 110.761921, -7.543834 ], [ 110.762095, -7.543566 ], [ 110.76213, -7.543506 ], [ 110.762181, -7.543453 ], [ 110.762229, -7.543423 ], [ 110.762295, -7.543417 ], [ 110.762574, -7.543483 ], [ 110.763072, -7.543609 ], [ 110.763215, -7.543648 ], [ 110.763444, -7.542942 ], [ 110.763345, -7.542903 ], [ 110.76253, -7.542633 ], [ 110.762584, -7.542474 ], [ 110.762644, -7.54231 ], [ 110.762749, -7.542055 ], [ 110.762836, -7.541822 ], [ 110.762857, -7.541861 ], [ 110.762875, -7.541933 ], [ 110.762923, -7.542043 ], [ 110.762988, -7.542151 ], [ 110.763031, -7.542172 ], [ 110.763085, -7.542169 ], [ 110.763121, -7.542169 ], [ 110.763204, -7.542183 ], [ 110.763261, -7.542205 ], [ 110.763319, -7.542244 ], [ 110.763445, -7.542334 ], [ 110.763545, -7.542431 ], [ 110.763614, -7.542499 ], [ 110.763686, -7.542546 ], [ 110.763894, -7.542607 ], [ 110.764013, -7.542675 ], [ 110.764207, -7.542805 ], [ 110.764376, -7.542884 ], [ 110.764527, -7.542938 ], [ 110.764664, -7.542966 ], [ 110.764851, -7.542992 ], [ 110.764977, -7.543035 ], [ 110.765027, -7.543085 ], [ 110.765117, -7.543164 ], [ 110.765185, -7.543222 ], [ 110.765275, -7.54324 ], [ 110.765383, -7.543279 ], [ 110.765466, -7.543308 ], [ 110.765502, -7.543308 ], [ 110.765523, -7.543276 ], [ 110.765552, -7.543243 ], [ 110.765592, -7.543243 ], [ 110.76566, -7.543251 ], [ 110.765757, -7.543265 ], [ 110.765883, -7.54329 ], [ 110.766038, -7.543355 ], [ 110.766182, -7.543434 ], [ 110.766264, -7.543506 ], [ 110.766347, -7.543542 ], [ 110.766434, -7.543574 ], [ 110.76652, -7.543614 ], [ 110.766667, -7.543718 ], [ 110.766692, -7.543761 ], [ 110.766703, -7.543822 ], [ 110.766707, -7.54389 ], [ 110.766736, -7.543905 ], [ 110.7668, -7.543915 ], [ 110.766941, -7.543933 ], [ 110.767023, -7.543915 ], [ 110.767074, -7.543876 ], [ 110.767113, -7.543854 ], [ 110.767167, -7.543858 ], [ 110.767268, -7.543894 ], [ 110.767441, -7.544016 ], [ 110.767725, -7.544239 ], [ 110.767861, -7.544375 ], [ 110.767919, -7.544454 ], [ 110.768002, -7.544508 ], [ 110.768127, -7.544537 ], [ 110.768203, -7.544559 ], [ 110.768361, -7.544577 ], [ 110.768588, -7.544638 ], [ 110.768714, -7.54471 ], [ 110.768753, -7.544771 ], [ 110.768814, -7.544789 ], [ 110.768994, -7.544796 ], [ 110.769225, -7.544836 ], [ 110.769347, -7.544875 ], [ 110.769663, -7.544926 ], [ 110.770149, -7.54503 ], [ 110.770278, -7.545055 ], [ 110.770394, -7.545034 ], [ 110.770613, -7.545016 ], [ 110.770779, -7.545016 ], [ 110.770904, -7.545056 ], [ 110.770962, -7.545102 ], [ 110.770962, -7.545138 ], [ 110.7709, -7.54532 ], [ 110.770889, -7.545355 ], [ 110.77088, -7.545382 ], [ 110.770845, -7.545495 ], [ 110.770837, -7.545522 ], [ 110.770749, -7.545807 ], [ 110.77045, -7.546833 ], [ 110.770385, -7.547063 ], [ 110.770213, -7.547601 ], [ 110.770011, -7.548297 ], [ 110.769824, -7.548924 ], [ 110.769615, -7.549572 ], [ 110.769387, -7.550376 ], [ 110.769216, -7.55097 ], [ 110.769187, -7.551104 ], [ 110.769172, -7.551252 ], [ 110.769173, -7.5513 ], [ 110.76923, -7.551391 ], [ 110.769309, -7.551453 ], [ 110.769492, -7.551516 ], [ 110.770062, -7.551681 ], [ 110.770249, -7.551741 ], [ 110.770328, -7.55177 ], [ 110.77052, -7.551822 ], [ 110.770767, -7.551894 ], [ 110.770971, -7.551969 ], [ 110.771211, -7.552036 ], [ 110.771595, -7.552163 ], [ 110.771983, -7.552278 ], [ 110.772283, -7.552355 ], [ 110.772446, -7.552398 ], [ 110.772616, -7.552458 ], [ 110.772731, -7.552508 ], [ 110.773151, -7.552638 ], [ 110.773753, -7.552817 ], [ 110.773957, -7.55288 ], [ 110.774177, -7.552949 ], [ 110.774707, -7.553115 ], [ 110.775185, -7.553258 ], [ 110.775722, -7.553433 ], [ 110.776168, -7.553582 ], [ 110.776357, -7.553642 ], [ 110.77677, -7.553779 ], [ 110.777144, -7.553896 ], [ 110.777561, -7.554011 ], [ 110.777862, -7.554103 ], [ 110.778207, -7.554205 ], [ 110.778299, -7.554236 ], [ 110.778356, -7.554263 ], [ 110.778381, -7.554284 ], [ 110.778391, -7.55432 ], [ 110.778394, -7.554371 ], [ 110.778384, -7.554559 ], [ 110.7784, -7.554564 ], [ 110.778445, -7.554577 ], [ 110.778534, -7.554598 ], [ 110.778572, -7.554609 ], [ 110.778602, -7.554662 ], [ 110.778654, -7.554799 ], [ 110.778668, -7.554862 ], [ 110.778661, -7.554918 ], [ 110.778645, -7.555007 ], [ 110.77864, -7.555056 ], [ 110.778646, -7.555103 ], [ 110.778655, -7.555152 ], [ 110.778666, -7.555192 ], [ 110.778709, -7.555244 ], [ 110.778764, -7.555305 ], [ 110.778798, -7.555372 ], [ 110.778803, -7.555452 ], [ 110.778796, -7.555536 ], [ 110.778777, -7.555725 ], [ 110.778758, -7.555964 ], [ 110.778765, -7.556005 ], [ 110.778827, -7.55615 ], [ 110.778852, -7.556185 ], [ 110.778866, -7.556223 ], [ 110.778884, -7.556308 ], [ 110.778904, -7.556433 ], [ 110.778911, -7.556473 ], [ 110.778926, -7.556522 ], [ 110.778941, -7.556566 ], [ 110.778943, -7.556595 ], [ 110.778936, -7.55678 ], [ 110.778935, -7.556837 ], [ 110.778919, -7.556934 ], [ 110.778917, -7.556961 ], [ 110.778904, -7.55707 ], [ 110.778907, -7.557112 ], [ 110.778917, -7.557159 ], [ 110.778952, -7.557207 ], [ 110.778985, -7.557231 ], [ 110.779017, -7.557242 ], [ 110.779055, -7.557294 ], [ 110.779089, -7.557392 ], [ 110.779109, -7.55752 ], [ 110.779109, -7.557702 ], [ 110.779049, -7.557901 ], [ 110.778865, -7.558501 ], [ 110.778809, -7.558679 ], [ 110.77874, -7.558923 ], [ 110.778664, -7.559157 ], [ 110.778613, -7.559316 ], [ 110.778594, -7.5594 ], [ 110.778591, -7.559448 ], [ 110.778573, -7.559507 ], [ 110.778475, -7.559762 ], [ 110.778368, -7.560126 ], [ 110.778294, -7.560364 ], [ 110.778256, -7.560468 ], [ 110.778431, -7.560526 ], [ 110.778511, -7.56056 ], [ 110.778555, -7.560591 ], [ 110.778688, -7.560639 ], [ 110.778884, -7.560691 ], [ 110.779129, -7.560767 ], [ 110.779242, -7.560798 ], [ 110.779329, -7.56085 ], [ 110.77953, -7.560992 ], [ 110.779653, -7.561091 ], [ 110.780178, -7.561465 ], [ 110.780472, -7.561657 ], [ 110.780712, -7.561779 ], [ 110.781015, -7.561959 ], [ 110.781283, -7.562128 ], [ 110.78159, -7.562327 ], [ 110.78201, -7.562628 ], [ 110.782336, -7.562843 ], [ 110.782555, -7.56296 ], [ 110.782724, -7.56304 ], [ 110.782871, -7.563105 ], [ 110.783031, -7.563193 ], [ 110.783211, -7.563289 ], [ 110.783386, -7.563391 ], [ 110.783754, -7.563573 ], [ 110.783827, -7.563611 ], [ 110.783848, -7.563638 ], [ 110.78397, -7.563927 ], [ 110.784066, -7.564176 ], [ 110.784083, -7.564333 ], [ 110.784098, -7.564406 ], [ 110.784133, -7.564477 ], [ 110.784124, -7.564523 ], [ 110.784104, -7.564617 ], [ 110.784047, -7.564818 ], [ 110.784016, -7.564919 ], [ 110.783991, -7.565009 ], [ 110.783939, -7.565208 ], [ 110.783876, -7.565459 ], [ 110.783841, -7.565616 ], [ 110.78383, -7.565696 ], [ 110.783781, -7.565888 ], [ 110.783676, -7.566213 ], [ 110.78356, -7.566604 ], [ 110.783434, -7.566956 ], [ 110.783326, -7.567346 ], [ 110.783268, -7.567497 ], [ 110.783243, -7.567603 ], [ 110.783531, -7.567632 ], [ 110.78376, -7.567656 ], [ 110.7838, -7.567659 ], [ 110.783781, -7.567851 ], [ 110.783712, -7.568414 ], [ 110.783644, -7.568942 ], [ 110.783582, -7.569576 ], [ 110.783578, -7.569718 ], [ 110.783594, -7.569908 ], [ 110.783772, -7.570841 ], [ 110.783913, -7.571598 ], [ 110.783952, -7.571894 ], [ 110.78394, -7.572115 ], [ 110.783891, -7.572432 ], [ 110.78384, -7.572657 ], [ 110.783789, -7.572812 ], [ 110.783648, -7.57324 ], [ 110.783468, -7.57376 ], [ 110.783336, -7.574196 ], [ 110.783216, -7.574543 ], [ 110.783108, -7.574848 ], [ 110.783018, -7.574986 ], [ 110.782784, -7.575339 ], [ 110.782604, -7.575572 ], [ 110.782515, -7.57572 ], [ 110.78246, -7.575834 ], [ 110.7824, -7.57596 ], [ 110.78211, -7.575878 ], [ 110.781801, -7.575814 ], [ 110.781344, -7.575724 ], [ 110.781297, -7.575715 ], [ 110.781295, -7.575714 ], [ 110.780404, -7.575551 ], [ 110.780023, -7.57547 ], [ 110.779852, -7.575379 ], [ 110.779799, -7.575333 ], [ 110.779738, -7.57528 ], [ 110.779603, -7.574961 ], [ 110.779599, -7.574952 ], [ 110.779581, -7.574909 ], [ 110.779524, -7.574821 ], [ 110.779475, -7.574746 ], [ 110.779407, -7.574678 ], [ 110.779257, -7.574529 ], [ 110.77911, -7.57446 ], [ 110.778954, -7.574414 ], [ 110.778856, -7.574385 ], [ 110.77868, -7.574346 ], [ 110.778562, -7.574319 ], [ 110.778192, -7.574242 ], [ 110.778021, -7.574185 ], [ 110.777936, -7.574157 ], [ 110.777862, -7.574112 ], [ 110.777948, -7.573843 ], [ 110.778012, -7.573575 ], [ 110.778053, -7.573405 ], [ 110.77808, -7.573319 ], [ 110.7781, -7.573254 ], [ 110.778132, -7.573146 ], [ 110.778024, -7.572989 ], [ 110.77802, -7.572983 ], [ 110.777974, -7.572916 ], [ 110.77785, -7.572793 ], [ 110.777803, -7.572746 ], [ 110.777562, -7.572638 ], [ 110.777399, -7.572568 ], [ 110.777363, -7.572553 ], [ 110.777357, -7.57255 ], [ 110.777348, -7.572544 ], [ 110.777211, -7.572458 ], [ 110.77721, -7.572458 ], [ 110.77704, -7.572351 ], [ 110.776936, -7.572291 ], [ 110.776925, -7.572284 ], [ 110.776784, -7.572218 ], [ 110.776756, -7.572199 ], [ 110.776728, -7.572179 ], [ 110.776702, -7.572167 ], [ 110.776668, -7.572152 ], [ 110.776622, -7.572136 ], [ 110.776591, -7.572124 ], [ 110.776537, -7.572104 ], [ 110.776489, -7.572078 ], [ 110.776475, -7.572071 ], [ 110.77647, -7.572068 ], [ 110.776469, -7.572066 ], [ 110.776443, -7.572046 ], [ 110.776423, -7.572039 ], [ 110.776396, -7.572029 ], [ 110.776386, -7.572026 ], [ 110.776329, -7.572011 ], [ 110.776246, -7.571984 ], [ 110.776234, -7.57198 ], [ 110.776144, -7.571972 ], [ 110.776075, -7.571963 ], [ 110.776014, -7.571942 ], [ 110.775963, -7.571925 ], [ 110.775928, -7.571917 ], [ 110.775861, -7.571904 ], [ 110.775792, -7.571879 ], [ 110.775711, -7.571846 ], [ 110.775617, -7.571808 ], [ 110.775606, -7.571799 ], [ 110.775576, -7.571776 ], [ 110.775569, -7.571771 ], [ 110.775557, -7.571738 ], [ 110.775593, -7.571545 ], [ 110.775362, -7.571485 ], [ 110.775004, -7.571406 ], [ 110.774719, -7.571321 ], [ 110.774669, -7.571322 ], [ 110.774661, -7.571327 ], [ 110.774572, -7.571377 ], [ 110.774572, -7.571378 ], [ 110.774552, -7.571359 ], [ 110.774405, -7.571225 ], [ 110.77437, -7.571192 ], [ 110.774294, -7.571114 ], [ 110.774236, -7.571054 ], [ 110.774098, -7.570931 ], [ 110.77399, -7.570834 ], [ 110.773898, -7.57075 ], [ 110.773858, -7.570709 ], [ 110.773755, -7.570602 ], [ 110.773691, -7.570537 ], [ 110.773642, -7.570485 ], [ 110.773616, -7.570457 ], [ 110.773612, -7.57045 ], [ 110.773588, -7.570409 ], [ 110.773557, -7.570348 ], [ 110.773448, -7.570152 ], [ 110.773436, -7.570134 ], [ 110.773404, -7.570083 ], [ 110.773384, -7.570051 ], [ 110.773357, -7.570009 ], [ 110.773343, -7.569988 ], [ 110.773248, -7.569857 ], [ 110.773175, -7.569723 ], [ 110.773122, -7.56966 ], [ 110.773043, -7.569599 ], [ 110.772886, -7.569496 ], [ 110.772837, -7.569461 ], [ 110.772794, -7.569431 ], [ 110.772748, -7.569398 ], [ 110.772732, -7.569387 ], [ 110.772591, -7.569342 ], [ 110.772322, -7.569414 ], [ 110.77182, -7.569631 ], [ 110.77132, -7.569498 ], [ 110.771205, -7.569477 ], [ 110.771137, -7.569493 ], [ 110.771068, -7.569514 ], [ 110.771011, -7.569561 ], [ 110.770951, -7.569657 ], [ 110.770885, -7.569795 ], [ 110.770816, -7.56995 ], [ 110.770792, -7.570013 ], [ 110.770767, -7.570078 ], [ 110.77075, -7.570154 ], [ 110.77069, -7.570273 ], [ 110.770579, -7.570399 ], [ 110.770492, -7.570444 ], [ 110.770402, -7.570459 ], [ 110.770291, -7.570453 ], [ 110.770204, -7.570444 ], [ 110.770126, -7.570453 ], [ 110.770057, -7.570461 ], [ 110.769988, -7.570494 ], [ 110.76994, -7.570519 ], [ 110.769895, -7.570542 ], [ 110.769823, -7.570572 ], [ 110.769801, -7.570576 ], [ 110.769748, -7.570587 ], [ 110.769745, -7.570588 ], [ 110.769733, -7.57059 ], [ 110.769652, -7.57059 ], [ 110.769595, -7.570592 ], [ 110.769586, -7.570593 ], [ 110.769541, -7.570611 ], [ 110.769495, -7.570645 ], [ 110.769476, -7.570666 ], [ 110.769458, -7.570686 ], [ 110.769422, -7.570689 ], [ 110.76935, -7.570689 ], [ 110.769278, -7.570678 ], [ 110.769167, -7.570642 ], [ 110.769088, -7.570621 ], [ 110.769034, -7.570657 ], [ 110.76903, -7.570725 ], [ 110.769027, -7.5708 ], [ 110.769034, -7.570922 ], [ 110.769044, -7.571012 ], [ 110.769055, -7.571163 ], [ 110.769051, -7.571224 ], [ 110.769015, -7.571281 ], [ 110.7689, -7.57136 ], [ 110.768598, -7.571536 ], [ 110.768332, -7.571626 ], [ 110.768137, -7.571661 ], [ 110.767968, -7.571661 ], [ 110.767853, -7.571661 ], [ 110.767742, -7.571665 ], [ 110.767627, -7.571694 ], [ 110.767522, -7.571762 ], [ 110.767418, -7.571859 ], [ 110.767274, -7.572027 ], [ 110.767148, -7.572185 ], [ 110.767047, -7.572289 ], [ 110.766932, -7.572393 ], [ 110.766856, -7.572472 ], [ 110.766723, -7.572598 ], [ 110.766705, -7.572611 ], [ 110.766587, -7.572703 ], [ 110.766529, -7.572721 ], [ 110.766393, -7.572749 ], [ 110.766252, -7.572758 ], [ 110.76589, -7.572811 ], [ 110.765646, -7.572857 ], [ 110.765338, -7.572911 ], [ 110.765006, -7.572982 ], [ 110.764833, -7.57302 ], [ 110.764691, -7.573029 ], [ 110.764439, -7.57292 ], [ 110.764207, -7.572694 ], [ 110.764036, -7.572504 ], [ 110.763799, -7.57235 ], [ 110.763603, -7.572282 ], [ 110.763574, -7.572272 ], [ 110.763512, -7.57225 ], [ 110.763007, -7.57242 ], [ 110.762216, -7.572687 ], [ 110.762091, -7.572729 ], [ 110.761565, -7.572728 ], [ 110.760908, -7.572728 ], [ 110.76066, -7.572744 ], [ 110.760493, -7.572755 ], [ 110.760179, -7.572871 ], [ 110.760104, -7.572899 ], [ 110.759923, -7.572914 ], [ 110.759839, -7.572876 ], [ 110.759735, -7.572798 ], [ 110.759724, -7.572787 ], [ 110.759594, -7.572651 ], [ 110.759372, -7.572529 ], [ 110.759237, -7.572484 ], [ 110.759111, -7.572475 ], [ 110.759, -7.572475 ], [ 110.758871, -7.572486 ], [ 110.758691, -7.572525 ], [ 110.758635, -7.572535 ], [ 110.758526, -7.572555 ], [ 110.758421, -7.572558 ], [ 110.758332, -7.572555 ], [ 110.758251, -7.57254 ], [ 110.758059, -7.572501 ], [ 110.757921, -7.572486 ], [ 110.757775, -7.572456 ], [ 110.757707, -7.572423 ], [ 110.757637, -7.572377 ], [ 110.757597, -7.572351 ], [ 110.757528, -7.572291 ], [ 110.757348, -7.572191 ], [ 110.757293, -7.57216 ], [ 110.757197, -7.572107 ], [ 110.757139, -7.572052 ], [ 110.757077, -7.571989 ], [ 110.757041, -7.571932 ], [ 110.757019, -7.571858 ], [ 110.757014, -7.571825 ], [ 110.757, -7.571736 ], [ 110.756957, -7.571637 ], [ 110.756916, -7.571568 ], [ 110.756896, -7.571555 ], [ 110.756884, -7.571548 ], [ 110.756864, -7.571535 ], [ 110.756753, -7.571476 ], [ 110.756708, -7.571446 ], [ 110.756672, -7.571417 ], [ 110.756624, -7.571372 ], [ 110.756595, -7.571321 ], [ 110.756593, -7.571271 ], [ 110.75659, -7.571197 ], [ 110.756605, -7.571081 ], [ 110.756607, -7.570986 ], [ 110.756593, -7.570926 ], [ 110.756504, -7.570788 ], [ 110.75636, -7.57062 ], [ 110.756214, -7.570488 ], [ 110.756178, -7.570476 ], [ 110.756092, -7.570464 ], [ 110.756034, -7.570476 ], [ 110.755984, -7.570498 ], [ 110.755946, -7.570541 ], [ 110.755914, -7.570596 ], [ 110.755909, -7.570663 ], [ 110.755909, -7.570737 ], [ 110.755921, -7.57083 ], [ 110.755958, -7.570949 ], [ 110.755947, -7.571007 ], [ 110.75589, -7.571151 ], [ 110.75581, -7.571234 ], [ 110.755741, -7.571225 ], [ 110.755681, -7.5712 ], [ 110.755654, -7.571185 ], [ 110.755608, -7.57116 ], [ 110.755551, -7.571121 ], [ 110.755519, -7.571089 ], [ 110.755503, -7.571046 ], [ 110.755503, -7.570979 ], [ 110.755515, -7.570908 ], [ 110.755522, -7.570846 ], [ 110.7555, -7.570754 ], [ 110.755466, -7.570689 ], [ 110.755437, -7.570658 ], [ 110.755406, -7.570652 ], [ 110.755377, -7.570656 ], [ 110.755318, -7.57069 ], [ 110.755206, -7.570934 ], [ 110.755158, -7.571025 ], [ 110.755105, -7.571062 ], [ 110.755062, -7.571074 ], [ 110.754987, -7.571064 ], [ 110.754847, -7.571001 ], [ 110.754804, -7.570993 ], [ 110.754722, -7.571005 ], [ 110.754643, -7.571045 ], [ 110.754554, -7.571142 ], [ 110.754441, -7.571296 ], [ 110.754382, -7.571365 ], [ 110.754321, -7.5714 ], [ 110.754249, -7.571406 ], [ 110.75419, -7.571394 ], [ 110.754135, -7.571365 ], [ 110.754064, -7.571345 ], [ 110.753964, -7.57133 ], [ 110.753844, -7.571326 ], [ 110.753838, -7.571327 ], [ 110.753742, -7.571343 ], [ 110.753663, -7.571357 ], [ 110.753601, -7.571352 ], [ 110.753499, -7.571331 ], [ 110.753394, -7.571291 ], [ 110.753287, -7.571248 ], [ 110.753208, -7.571239 ], [ 110.753107, -7.571236 ], [ 110.752906, -7.571238 ], [ 110.752801, -7.571245 ], [ 110.752647, -7.571292 ], [ 110.752388, -7.571396 ], [ 110.75236, -7.571405 ], [ 110.752308, -7.571421 ], [ 110.752191, -7.571384 ], [ 110.752014, -7.571161 ], [ 110.751976, -7.571054 ], [ 110.751934, -7.570994 ], [ 110.751871, -7.570967 ], [ 110.75182, -7.570925 ], [ 110.751727, -7.570841 ], [ 110.751673, -7.570826 ], [ 110.751613, -7.570837 ], [ 110.751532, -7.570853 ], [ 110.751478, -7.570892 ], [ 110.751436, -7.57091 ], [ 110.751367, -7.57091 ], [ 110.751325, -7.570886 ], [ 110.751257, -7.570835 ], [ 110.751212, -7.570754 ], [ 110.751131, -7.570703 ], [ 110.751002, -7.570685 ], [ 110.75072, -7.5707 ], [ 110.750588, -7.570742 ], [ 110.750543, -7.57076 ], [ 110.750402, -7.570816 ], [ 110.750243, -7.570912 ], [ 110.75018, -7.570947 ], [ 110.750154, -7.57095 ], [ 110.75009, -7.57094 ], [ 110.750059, -7.570951 ], [ 110.750011, -7.570968 ], [ 110.749933, -7.571054 ], [ 110.749882, -7.571113 ], [ 110.749834, -7.571152 ], [ 110.749778, -7.571169 ], [ 110.74973, -7.571156 ], [ 110.749623, -7.571021 ], [ 110.749557, -7.570929 ], [ 110.749541, -7.57086 ], [ 110.74955, -7.570795 ], [ 110.749534, -7.570716 ], [ 110.749522, -7.570644 ], [ 110.749475, -7.570602 ], [ 110.749426, -7.570587 ], [ 110.749353, -7.570579 ], [ 110.749262, -7.570605 ], [ 110.749192, -7.570644 ], [ 110.749088, -7.570723 ], [ 110.74901, -7.57078 ], [ 110.748922, -7.570839 ], [ 110.748846, -7.570863 ], [ 110.748792, -7.570878 ], [ 110.748764, -7.570885 ], [ 110.748689, -7.570873 ], [ 110.748622, -7.570847 ], [ 110.748619, -7.570846 ], [ 110.748513, -7.570801 ], [ 110.748463, -7.57078 ], [ 110.74838, -7.570753 ], [ 110.748327, -7.570705 ], [ 110.748253, -7.570691 ], [ 110.748166, -7.5707 ], [ 110.748066, -7.570753 ], [ 110.74797, -7.570825 ], [ 110.747899, -7.570882 ], [ 110.747821, -7.57098 ], [ 110.747767, -7.571005 ], [ 110.747739, -7.571018 ], [ 110.747651, -7.571028 ], [ 110.74761, -7.570983 ], [ 110.747597, -7.570968 ], [ 110.747564, -7.570932 ], [ 110.747533, -7.570882 ], [ 110.74745, -7.570707 ], [ 110.74739, -7.570612 ], [ 110.747279, -7.570579 ], [ 110.74715, -7.570564 ], [ 110.747083, -7.570622 ], [ 110.74706, -7.570658 ], [ 110.747004, -7.570751 ], [ 110.746931, -7.57095 ], [ 110.746907, -7.571057 ], [ 110.746883, -7.571252 ], [ 110.746887, -7.571319 ], [ 110.746896, -7.571427 ], [ 110.746905, -7.571465 ], [ 110.746924, -7.571476 ], [ 110.746966, -7.571482 ], [ 110.746988, -7.571485 ], [ 110.746999, -7.571485 ], [ 110.74702, -7.571487 ], [ 110.747041, -7.571493 ], [ 110.747047, -7.571504 ], [ 110.747067, -7.571539 ], [ 110.747154, -7.571668 ], [ 110.747176, -7.571701 ], [ 110.747245, -7.571797 ], [ 110.747277, -7.571841 ], [ 110.747379, -7.571967 ], [ 110.7474, -7.571997 ], [ 110.747424, -7.572031 ], [ 110.747436, -7.572072 ], [ 110.747435, -7.572081 ], [ 110.747435, -7.572083 ], [ 110.74743, -7.572116 ], [ 110.747391, -7.572229 ], [ 110.747388, -7.572239 ], [ 110.747385, -7.572252 ], [ 110.747347, -7.572394 ], [ 110.74732, -7.57247 ], [ 110.747275, -7.572595 ], [ 110.747259, -7.572645 ], [ 110.747239, -7.572707 ], [ 110.747206, -7.572806 ], [ 110.747122, -7.573043 ], [ 110.747103, -7.573092 ], [ 110.747023, -7.573312 ], [ 110.746981, -7.573444 ], [ 110.746968, -7.573521 ], [ 110.746969, -7.573522 ], [ 110.746992, -7.573549 ], [ 110.747001, -7.57356 ], [ 110.747106, -7.573605 ], [ 110.747271, -7.573672 ], [ 110.747304, -7.573686 ], [ 110.747303, -7.573694 ], [ 110.747301, -7.573708 ], [ 110.747298, -7.573735 ], [ 110.747274, -7.573914 ], [ 110.747258, -7.57396 ], [ 110.747244, -7.573963 ], [ 110.747163, -7.573947 ], [ 110.746925, -7.573898 ], [ 110.746807, -7.573874 ], [ 110.746718, -7.573856 ], [ 110.746586, -7.573838 ], [ 110.746567, -7.573835 ], [ 110.746524, -7.573831 ], [ 110.746449, -7.573823 ], [ 110.746418, -7.573884 ], [ 110.746317, -7.574237 ], [ 110.746305, -7.574286 ], [ 110.746232, -7.574589 ], [ 110.74616, -7.574832 ], [ 110.746147, -7.574876 ], [ 110.746114, -7.574985 ], [ 110.746084, -7.575149 ], [ 110.746089, -7.575265 ], [ 110.746096, -7.575356 ], [ 110.746103, -7.575439 ], [ 110.746061, -7.575804 ], [ 110.745995, -7.576057 ], [ 110.746061, -7.576105 ], [ 110.746099, -7.576132 ], [ 110.745947, -7.576311 ], [ 110.745686, -7.576573 ], [ 110.745305, -7.576953 ], [ 110.745264, -7.576991 ], [ 110.745082, -7.57716 ], [ 110.744954, -7.577278 ], [ 110.744935, -7.577289 ], [ 110.744909, -7.577305 ], [ 110.744869, -7.577368 ], [ 110.744674, -7.577585 ], [ 110.744651, -7.577608 ], [ 110.744629, -7.577631 ], [ 110.744625, -7.577635 ], [ 110.744284, -7.577992 ], [ 110.744208, -7.578062 ], [ 110.744128, -7.578137 ], [ 110.743931, -7.578327 ], [ 110.743779, -7.578553 ], [ 110.743668, -7.57848 ], [ 110.743322, -7.578372 ], [ 110.743104, -7.578317 ], [ 110.742954, -7.578326 ], [ 110.742868, -7.578376 ], [ 110.742734, -7.578453 ], [ 110.742293, -7.578832 ], [ 110.74219, -7.578957 ], [ 110.742185, -7.578963 ], [ 110.742173, -7.578977 ], [ 110.742175, -7.578978 ], [ 110.742278, -7.579058 ], [ 110.742234, -7.579104 ], [ 110.742084, -7.579252 ], [ 110.742015, -7.579321 ], [ 110.741781, -7.57965 ], [ 110.741276, -7.58036 ], [ 110.741084, -7.580673 ], [ 110.740938, -7.580912 ], [ 110.740886, -7.581002 ], [ 110.740787, -7.580984 ], [ 110.740697, -7.580975 ], [ 110.740153, -7.580984 ], [ 110.739833, -7.580984 ], [ 110.739298, -7.581029 ], [ 110.739219, -7.581047 ], [ 110.738878, -7.580938 ], [ 110.7381, -7.580684 ], [ 110.737322, -7.580393 ], [ 110.736597, -7.580122 ], [ 110.736193, -7.579982 ], [ 110.73607, -7.579939 ], [ 110.734458, -7.579379 ], [ 110.733901, -7.579171 ], [ 110.733599, -7.579008 ], [ 110.733511, -7.578935 ], [ 110.733461, -7.578764 ], [ 110.73323, -7.578601 ], [ 110.733166, -7.578564 ], [ 110.733192, -7.578471 ], [ 110.733595, -7.576973 ], [ 110.73364, -7.576801 ], [ 110.73366, -7.576728 ], [ 110.733712, -7.576539 ], [ 110.733733, -7.576466 ], [ 110.733791, -7.576285 ], [ 110.73393, -7.575842 ], [ 110.733974, -7.575702 ], [ 110.733998, -7.575625 ], [ 110.734037, -7.575498 ], [ 110.734044, -7.575476 ], [ 110.734053, -7.575446 ], [ 110.734154, -7.575324 ], [ 110.734235, -7.57519 ], [ 110.734268, -7.575121 ], [ 110.734322, -7.575067 ], [ 110.73437, -7.575004 ], [ 110.734385, -7.57493 ], [ 110.73437, -7.574879 ], [ 110.734331, -7.574801 ], [ 110.734292, -7.574717 ], [ 110.734259, -7.574631 ], [ 110.73427, -7.574576 ], [ 110.734341, -7.574287 ], [ 110.73433, -7.574241 ], [ 110.73437, -7.574178 ], [ 110.734676, -7.573319 ], [ 110.734753, -7.572994 ], [ 110.735092, -7.571643 ], [ 110.735119, -7.571555 ], [ 110.735204, -7.571353 ], [ 110.735235, -7.571326 ], [ 110.735302, -7.57128 ], [ 110.735329, -7.571223 ], [ 110.735332, -7.571211 ], [ 110.735345, -7.57115 ], [ 110.735365, -7.571111 ], [ 110.735375, -7.571091 ], [ 110.735389, -7.571072 ], [ 110.73537, -7.570998 ], [ 110.735328, -7.571007 ], [ 110.735275, -7.571018 ], [ 110.735206, -7.571014 ], [ 110.735106, -7.571014 ], [ 110.735012, -7.571014 ], [ 110.734883, -7.571007 ], [ 110.734908, -7.570784 ], [ 110.734915, -7.570562 ], [ 110.734952, -7.570195 ], [ 110.7349, -7.570114 ], [ 110.734823, -7.57002 ], [ 110.734769, -7.569948 ], [ 110.734708, -7.569872 ], [ 110.7347, -7.569783 ], [ 110.734729, -7.56961 ], [ 110.734747, -7.569456 ], [ 110.734783, -7.569363 ], [ 110.734863, -7.569316 ], [ 110.734981, -7.569212 ], [ 110.735075, -7.569165 ], [ 110.735173, -7.569129 ], [ 110.735273, -7.569032 ], [ 110.735334, -7.568979 ], [ 110.73549, -7.568809 ], [ 110.73558, -7.568719 ], [ 110.73564, -7.568675 ], [ 110.735709, -7.568652 ], [ 110.735727, -7.568646 ], [ 110.735793, -7.568615 ], [ 110.735844, -7.568577 ], [ 110.73587, -7.568551 ], [ 110.73595, -7.568526 ], [ 110.735864, -7.568438 ], [ 110.735847, -7.568409 ], [ 110.735828, -7.568388 ], [ 110.735821, -7.568379 ], [ 110.735719, -7.568343 ], [ 110.735615, -7.56829 ], [ 110.735446, -7.56829 ], [ 110.735285, -7.568289 ], [ 110.735231, -7.568289 ], [ 110.735193, -7.568303 ], [ 110.735176, -7.568322 ], [ 110.735169, -7.568329 ], [ 110.735066, -7.568324 ], [ 110.734625, -7.568262 ], [ 110.733805, -7.568134 ], [ 110.733474, -7.568075 ], [ 110.733346, -7.568052 ], [ 110.733145, -7.56802 ], [ 110.733071, -7.568015 ], [ 110.733037, -7.56803 ], [ 110.732966, -7.568082 ], [ 110.732918, -7.568079 ], [ 110.732882, -7.56807 ], [ 110.7326, -7.567955 ], [ 110.732363, -7.567859 ], [ 110.732074, -7.567785 ], [ 110.732003, -7.567766 ], [ 110.731794, -7.567713 ], [ 110.731693, -7.567686 ], [ 110.731386, -7.567579 ], [ 110.731334, -7.567545 ], [ 110.73119, -7.567408 ], [ 110.731109, -7.567369 ], [ 110.731049, -7.567351 ], [ 110.730937, -7.567316 ], [ 110.73072, -7.567257 ], [ 110.730632, -7.56723 ], [ 110.730427, -7.56712 ], [ 110.730202, -7.567 ], [ 110.729612, -7.566686 ], [ 110.729187, -7.566479 ], [ 110.729176, -7.566474 ], [ 110.728794, -7.566725 ], [ 110.728565, -7.566874 ], [ 110.728394, -7.566971 ], [ 110.727775, -7.567291 ], [ 110.727424, -7.56746 ], [ 110.726844, -7.567858 ], [ 110.726816, -7.56789 ], [ 110.726757, -7.567958 ], [ 110.726654, -7.568079 ], [ 110.726512, -7.568209 ], [ 110.726457, -7.5683 ], [ 110.726428, -7.568388 ], [ 110.72639, -7.568475 ], [ 110.726335, -7.568556 ], [ 110.726287, -7.568608 ], [ 110.726251, -7.56864 ], [ 110.726152, -7.56873 ], [ 110.726099, -7.568802 ], [ 110.726016, -7.568809 ], [ 110.725968, -7.568807 ], [ 110.725912, -7.568783 ], [ 110.725761, -7.568713 ], [ 110.725665, -7.568673 ], [ 110.725664, -7.568672 ], [ 110.725626, -7.568651 ], [ 110.725547, -7.568613 ], [ 110.725456, -7.568572 ], [ 110.725382, -7.568546 ], [ 110.725269, -7.568538 ], [ 110.725142, -7.568541 ], [ 110.725036, -7.568565 ], [ 110.724924, -7.568606 ], [ 110.724907, -7.568618 ], [ 110.724888, -7.568625 ], [ 110.724851, -7.568644 ], [ 110.724836, -7.568656 ], [ 110.7248, -7.568692 ], [ 110.724782, -7.56873 ], [ 110.724767, -7.568757 ], [ 110.724759, -7.568775 ], [ 110.724753, -7.568787 ], [ 110.724734, -7.568801 ], [ 110.72467, -7.568807 ], [ 110.724601, -7.568807 ], [ 110.724496, -7.568806 ], [ 110.724428, -7.568801 ], [ 110.724357, -7.568803 ], [ 110.724284, -7.568816 ], [ 110.724217, -7.568831 ], [ 110.724102, -7.568827 ], [ 110.723979, -7.568802 ], [ 110.723872, -7.568818 ], [ 110.723722, -7.568837 ], [ 110.723597, -7.56886 ], [ 110.723453, -7.568908 ], [ 110.723414, -7.568936 ], [ 110.723379, -7.568972 ], [ 110.723374, -7.568977 ], [ 110.723333, -7.569016 ], [ 110.723307, -7.56903 ], [ 110.72328, -7.569045 ], [ 110.723257, -7.569048 ], [ 110.723209, -7.569042 ], [ 110.723181, -7.569018 ], [ 110.72313, -7.568976 ], [ 110.723031, -7.568936 ], [ 110.722908, -7.56888 ], [ 110.722855, -7.568857 ], [ 110.722787, -7.568827 ], [ 110.722691, -7.568805 ], [ 110.722603, -7.568805 ], [ 110.722553, -7.568813 ], [ 110.722486, -7.568849 ], [ 110.722426, -7.568901 ], [ 110.722343, -7.568999 ], [ 110.722322, -7.569024 ], [ 110.722303, -7.569046 ], [ 110.722249, -7.569083 ], [ 110.722177, -7.569119 ], [ 110.722113, -7.569131 ], [ 110.722052, -7.569123 ], [ 110.721944, -7.569084 ], [ 110.721835, -7.569027 ], [ 110.721735, -7.568946 ], [ 110.721641, -7.568867 ], [ 110.721463, -7.568718 ], [ 110.721348, -7.568611 ], [ 110.721275, -7.56849 ], [ 110.721222, -7.568341 ], [ 110.721215, -7.568281 ], [ 110.721294, -7.568073 ], [ 110.721313, -7.567974 ], [ 110.721309, -7.567812 ], [ 110.721304, -7.567802 ], [ 110.721285, -7.567753 ], [ 110.721241, -7.567707 ], [ 110.72112, -7.567582 ], [ 110.721005, -7.56747 ], [ 110.720913, -7.567348 ], [ 110.720884, -7.567307 ], [ 110.720873, -7.567236 ], [ 110.72088, -7.56718 ], [ 110.72089, -7.567096 ], [ 110.720896, -7.566928 ], [ 110.720894, -7.566847 ], [ 110.720879, -7.566746 ], [ 110.72086, -7.566694 ], [ 110.720843, -7.566658 ], [ 110.720783, -7.566682 ], [ 110.7207, -7.566713 ], [ 110.720599, -7.566749 ], [ 110.720499, -7.566813 ], [ 110.720326, -7.566885 ], [ 110.720225, -7.566899 ], [ 110.720088, -7.566871 ], [ 110.719935, -7.566824 ], [ 110.719862, -7.566773 ], [ 110.719776, -7.566691 ], [ 110.719722, -7.566597 ], [ 110.719681, -7.566502 ], [ 110.719693, -7.566418 ], [ 110.719729, -7.566275 ], [ 110.719813, -7.565999 ], [ 110.719903, -7.565757 ], [ 110.719951, -7.565697 ], [ 110.719993, -7.565658 ], [ 110.720023, -7.565602 ], [ 110.720065, -7.565449 ], [ 110.720141, -7.565186 ], [ 110.720342, -7.564531 ], [ 110.720513, -7.563989 ], [ 110.719613, -7.563643 ], [ 110.719743, -7.563362 ], [ 110.719994, -7.56282 ], [ 110.720026, -7.562795 ], [ 110.720101, -7.562739 ], [ 110.72025, -7.562646 ], [ 110.720346, -7.562539 ], [ 110.720588, -7.562068 ], [ 110.720602, -7.562042 ], [ 110.720356, -7.561939 ], [ 110.720257, -7.561912 ], [ 110.72018, -7.561912 ], [ 110.720049, -7.561893 ], [ 110.719929, -7.561876 ], [ 110.719667, -7.561819 ], [ 110.719389, -7.561759 ], [ 110.719185, -7.561701 ], [ 110.718977, -7.561636 ], [ 110.718876, -7.561586 ], [ 110.718818, -7.561545 ], [ 110.718782, -7.561474 ], [ 110.718761, -7.561392 ], [ 110.718761, -7.561308 ], [ 110.718768, -7.561239 ], [ 110.718893, -7.560825 ], [ 110.719006, -7.560555 ], [ 110.719244, -7.560153 ], [ 110.7194, -7.559959 ], [ 110.719501, -7.559777 ], [ 110.719553, -7.559684 ], [ 110.719558, -7.55965 ], [ 110.719546, -7.559612 ], [ 110.719535, -7.55958 ], [ 110.719641, -7.559394 ], [ 110.719817, -7.559125 ], [ 110.719969, -7.558863 ], [ 110.720125, -7.558603 ], [ 110.72028, -7.558424 ], [ 110.720312, -7.558396 ], [ 110.722014, -7.558896 ], [ 110.72241, -7.557559 ], [ 110.722602, -7.557349 ], [ 110.722662, -7.557212 ], [ 110.722867, -7.556889 ], [ 110.723025, -7.556608 ], [ 110.723125, -7.556369 ], [ 110.723182, -7.556263 ], [ 110.723386, -7.556146 ], [ 110.723498, -7.555934 ], [ 110.723718, -7.556029 ], [ 110.723796, -7.555933 ], [ 110.723824, -7.55586 ], [ 110.723876, -7.555811 ], [ 110.72407, -7.555879 ], [ 110.724134, -7.555847 ], [ 110.724222, -7.555779 ], [ 110.724328, -7.555663 ], [ 110.724401, -7.555621 ], [ 110.724513, -7.555559 ], [ 110.724661, -7.55553 ], [ 110.724886, -7.555488 ], [ 110.724963, -7.555485 ], [ 110.72506, -7.555481 ], [ 110.725069, -7.555431 ], [ 110.725118, -7.555297 ], [ 110.725138, -7.555164 ], [ 110.725144, -7.555111 ], [ 110.725081, -7.555107 ], [ 110.725038, -7.555102 ], [ 110.724962, -7.555125 ], [ 110.724968, -7.555032 ], [ 110.725034, -7.554918 ], [ 110.725085, -7.554799 ], [ 110.725193, -7.554746 ], [ 110.725278, -7.554705 ], [ 110.72535, -7.55467 ], [ 110.725463, -7.554702 ], [ 110.725519, -7.554672 ], [ 110.725741, -7.554515 ], [ 110.72582, -7.554475 ], [ 110.726, -7.55439 ], [ 110.726213, -7.554192 ], [ 110.726333, -7.553993 ], [ 110.726405, -7.553866 ], [ 110.726447, -7.553793 ], [ 110.726487, -7.553635 ], [ 110.726531, -7.553512 ], [ 110.726543, -7.553437 ], [ 110.726567, -7.553114 ], [ 110.726609, -7.552929 ], [ 110.726612, -7.552743 ], [ 110.72628, -7.552686 ], [ 110.72592, -7.552578 ], [ 110.725674, -7.552611 ], [ 110.725455, -7.552572 ], [ 110.725413, -7.552563 ], [ 110.725293, -7.552515 ], [ 110.725075, -7.552467 ], [ 110.724565, -7.552362 ], [ 110.724449, -7.552343 ], [ 110.724361, -7.552389 ], [ 110.724266, -7.55243 ], [ 110.724198, -7.552461 ], [ 110.724108, -7.552504 ], [ 110.723913, -7.552518 ], [ 110.723621, -7.552393 ], [ 110.72338, -7.552176 ], [ 110.723241, -7.552074 ], [ 110.723149, -7.552006 ], [ 110.72308, -7.551955 ], [ 110.722754, -7.551744 ], [ 110.722682, -7.551687 ], [ 110.722559, -7.55158 ], [ 110.722264, -7.551068 ], [ 110.722176, -7.550914 ], [ 110.722085, -7.550756 ], [ 110.72205, -7.550702 ], [ 110.721972, -7.550646 ], [ 110.721849, -7.550568 ], [ 110.721729, -7.550502 ], [ 110.721636, -7.550463 ], [ 110.721531, -7.550424 ], [ 110.721447, -7.550373 ], [ 110.721345, -7.550343 ], [ 110.721252, -7.550307 ], [ 110.721189, -7.550271 ], [ 110.721047, -7.550278 ], [ 110.72093, -7.550309 ], [ 110.72012, -7.550143 ], [ 110.719308, -7.549869 ], [ 110.718768, -7.549688 ], [ 110.718191, -7.549576 ], [ 110.717817, -7.549489 ], [ 110.716557, -7.549148 ], [ 110.715529, -7.548954 ], [ 110.715068, -7.548904 ], [ 110.714644, -7.548825 ], [ 110.71423, -7.548701 ], [ 110.714067, -7.54867 ], [ 110.713585, -7.548578 ], [ 110.713556, -7.548653 ], [ 110.713165, -7.549112 ], [ 110.712993, -7.549073 ], [ 110.712134, -7.548905 ], [ 110.711505, -7.548758 ], [ 110.71119, -7.548684 ], [ 110.711317, -7.54806 ], [ 110.711413, -7.547835 ], [ 110.711418, -7.547815 ], [ 110.711454, -7.547415 ], [ 110.711458, -7.547302 ], [ 110.711453, -7.547222 ], [ 110.711445, -7.547145 ], [ 110.711463, -7.547027 ], [ 110.711483, -7.546892 ], [ 110.711495, -7.546776 ], [ 110.71149, -7.546568 ], [ 110.711492, -7.546561 ], [ 110.711554, -7.54633 ], [ 110.711729, -7.545823 ], [ 110.711937, -7.545466 ], [ 110.71209, -7.545056 ], [ 110.712231, -7.544675 ], [ 110.71225, -7.544406 ], [ 110.712395, -7.543949 ], [ 110.712685, -7.543168 ], [ 110.713054, -7.542164 ], [ 110.713064, -7.542139 ], [ 110.713264, -7.541513 ], [ 110.713828, -7.541727 ], [ 110.714375, -7.541935 ], [ 110.714594, -7.542018 ], [ 110.714841, -7.542112 ], [ 110.714983, -7.542166 ], [ 110.714985, -7.542167 ], [ 110.716705, -7.54287 ], [ 110.716746, -7.542905 ], [ 110.716771, -7.542915 ], [ 110.717459, -7.541769 ], [ 110.717558, -7.541616 ], [ 110.717718, -7.541391 ], [ 110.717813, -7.541271 ], [ 110.717962, -7.541161 ], [ 110.718125, -7.54107 ], [ 110.718341, -7.541003 ], [ 110.718739, -7.540874 ], [ 110.718994, -7.540793 ], [ 110.71932, -7.540678 ], [ 110.71955, -7.540597 ], [ 110.719704, -7.54053 ], [ 110.71992, -7.54042 ], [ 110.720476, -7.540143 ], [ 110.721297, -7.539727 ], [ 110.722194, -7.539292 ], [ 110.722631, -7.53912 ], [ 110.723082, -7.538981 ], [ 110.723571, -7.538862 ], [ 110.723964, -7.538781 ], [ 110.724199, -7.538704 ], [ 110.724439, -7.538594 ], [ 110.724857, -7.538365 ], [ 110.725404, -7.538035 ], [ 110.725498, -7.537979 ], [ 110.727203, -7.53832 ], [ 110.727308, -7.538344 ], [ 110.727757, -7.538449 ], [ 110.728228, -7.538573 ], [ 110.729135, -7.538785 ], [ 110.730117, -7.539037 ], [ 110.730419, -7.539116 ], [ 110.730523, -7.539163 ] ] ] } },
{ "type": "Feature", "properties": { "KAB": "KAB SUKOHARJO", "KEC": "KEC. SUKOHARJO", "Sumber": "RTRW Kab. Sukoharjo & Verifikasi Desa", "Tahun": "2014", "Label": "Kec. Sukoharjo", "Luas": 4682.3391358999997 }, "geometry": { "type": "Polygon", "coordinates": [ [ [ 110.820591, -7.63311 ], [ 110.820623, -7.633121 ], [ 110.820659, -7.63311 ], [ 110.820694, -7.633081 ], [ 110.820718, -7.633056 ], [ 110.820741, -7.633038 ], [ 110.820777, -7.63303 ], [ 110.820803, -7.633012 ], [ 110.820801, -7.632984 ], [ 110.820796, -7.632947 ], [ 110.821325, -7.633092 ], [ 110.821573, -7.633171 ], [ 110.821924, -7.633263 ], [ 110.822183, -7.633335 ], [ 110.822395, -7.633393 ], [ 110.822798, -7.633508 ], [ 110.823151, -7.633609 ], [ 110.823187, -7.63362 ], [ 110.823367, -7.633676 ], [ 110.823548, -7.633732 ], [ 110.823742, -7.633788 ], [ 110.823835, -7.633813 ], [ 110.823954, -7.633847 ], [ 110.824318, -7.633953 ], [ 110.824656, -7.634048 ], [ 110.824868, -7.634103 ], [ 110.82508, -7.634167 ], [ 110.825386, -7.634255 ], [ 110.825679, -7.634339 ], [ 110.825746, -7.634359 ], [ 110.826003, -7.634435 ], [ 110.82608, -7.634459 ], [ 110.826365, -7.634547 ], [ 110.826768, -7.634678 ], [ 110.827225, -7.634803 ], [ 110.82751, -7.634884 ], [ 110.827518, -7.634886 ], [ 110.827532, -7.634924 ], [ 110.827556, -7.634989 ], [ 110.827587, -7.635074 ], [ 110.827594, -7.635095 ], [ 110.827639, -7.635217 ], [ 110.82772, -7.635464 ], [ 110.827781, -7.635651 ], [ 110.827903, -7.636025 ], [ 110.827906, -7.636033 ], [ 110.827942, -7.636143 ], [ 110.827974, -7.636241 ], [ 110.828087, -7.636635 ], [ 110.828108, -7.63671 ], [ 110.828189, -7.636992 ], [ 110.828227, -7.637125 ], [ 110.828262, -7.637246 ], [ 110.828345, -7.637537 ], [ 110.828424, -7.637814 ], [ 110.828448, -7.637897 ], [ 110.828497, -7.638069 ], [ 110.828506, -7.638099 ], [ 110.828508, -7.638107 ], [ 110.828574, -7.638401 ], [ 110.828623, -7.638613 ], [ 110.828635, -7.638668 ], [ 110.828648, -7.638712 ], [ 110.828725, -7.638967 ], [ 110.828783, -7.63916 ], [ 110.828902, -7.639559 ], [ 110.828934, -7.639662 ], [ 110.828936, -7.639671 ], [ 110.829023, -7.639961 ], [ 110.829032, -7.639994 ], [ 110.829043, -7.640039 ], [ 110.829133, -7.640388 ], [ 110.829173, -7.64054 ], [ 110.829207, -7.640672 ], [ 110.829303, -7.641047 ], [ 110.829317, -7.641098 ], [ 110.829378, -7.641335 ], [ 110.829392, -7.641386 ], [ 110.829408, -7.641443 ], [ 110.829446, -7.641583 ], [ 110.829488, -7.641735 ], [ 110.829509, -7.64181 ], [ 110.82956, -7.641994 ], [ 110.829574, -7.642045 ], [ 110.829613, -7.642187 ], [ 110.829653, -7.642329 ], [ 110.829792, -7.642831 ], [ 110.830203, -7.642882 ], [ 110.830498, -7.642923 ], [ 110.830491, -7.642999 ], [ 110.830471, -7.643209 ], [ 110.830449, -7.643429 ], [ 110.830431, -7.643619 ], [ 110.8305, -7.64365 ], [ 110.830762, -7.643715 ], [ 110.831148, -7.643842 ], [ 110.831282, -7.643907 ], [ 110.83135, -7.643938 ], [ 110.83127, -7.644201 ], [ 110.831189, -7.644392 ], [ 110.831165, -7.644467 ], [ 110.831314, -7.644532 ], [ 110.831512, -7.644617 ], [ 110.831598, -7.644653 ], [ 110.831584, -7.644683 ], [ 110.83157, -7.644716 ], [ 110.831493, -7.644909 ], [ 110.831477, -7.64494 ], [ 110.83138, -7.645142 ], [ 110.831312, -7.645366 ], [ 110.831272, -7.6455 ], [ 110.831251, -7.645571 ], [ 110.831232, -7.645641 ], [ 110.831224, -7.645664 ], [ 110.831216, -7.645687 ], [ 110.831197, -7.645741 ], [ 110.831173, -7.645812 ], [ 110.831159, -7.645845 ], [ 110.830961, -7.64577 ], [ 110.830779, -7.645701 ], [ 110.830764, -7.645696 ], [ 110.830564, -7.645651 ], [ 110.830601, -7.645759 ], [ 110.830743, -7.646157 ], [ 110.830879, -7.646536 ], [ 110.831202, -7.647433 ], [ 110.831205, -7.647442 ], [ 110.83122, -7.647484 ], [ 110.831231, -7.647514 ], [ 110.83131, -7.647725 ], [ 110.831604, -7.64851 ], [ 110.831681, -7.648717 ], [ 110.831909, -7.649324 ], [ 110.831931, -7.649387 ], [ 110.831887, -7.649483 ], [ 110.831807, -7.649655 ], [ 110.831746, -7.649788 ], [ 110.831682, -7.649926 ], [ 110.831529, -7.650258 ], [ 110.831271, -7.650842 ], [ 110.831268, -7.65085 ], [ 110.83114, -7.651134 ], [ 110.831072, -7.651286 ], [ 110.831042, -7.651364 ], [ 110.831029, -7.651398 ], [ 110.831047, -7.651405 ], [ 110.831237, -7.651474 ], [ 110.831543, -7.651585 ], [ 110.831654, -7.651623 ], [ 110.83179, -7.65167 ], [ 110.831834, -7.651686 ], [ 110.831839, -7.651687 ], [ 110.831817, -7.651759 ], [ 110.831756, -7.651932 ], [ 110.831696, -7.652113 ], [ 110.831594, -7.652416 ], [ 110.831512, -7.65266 ], [ 110.83155, -7.652668 ], [ 110.83156, -7.652671 ], [ 110.8317, -7.652715 ], [ 110.831823, -7.652755 ], [ 110.831823, -7.652756 ], [ 110.831836, -7.652794 ], [ 110.831941, -7.653111 ], [ 110.832004, -7.653302 ], [ 110.832085, -7.653548 ], [ 110.83225, -7.654108 ], [ 110.832392, -7.654164 ], [ 110.832674, -7.654279 ], [ 110.832703, -7.654293 ], [ 110.833129, -7.654487 ], [ 110.833382, -7.6546 ], [ 110.833522, -7.654662 ], [ 110.833703, -7.654741 ], [ 110.833841, -7.65472 ], [ 110.833884, -7.654713 ], [ 110.833887, -7.654727 ], [ 110.8339, -7.65477 ], [ 110.833881, -7.654845 ], [ 110.833877, -7.654863 ], [ 110.833869, -7.654896 ], [ 110.833789, -7.655214 ], [ 110.833297, -7.656497 ], [ 110.833183, -7.656811 ], [ 110.833168, -7.656854 ], [ 110.833095, -7.657056 ], [ 110.833134, -7.657076 ], [ 110.833088, -7.65721 ], [ 110.832973, -7.657546 ], [ 110.832962, -7.657579 ], [ 110.832816, -7.65798 ], [ 110.832839, -7.658016 ], [ 110.832914, -7.658128 ], [ 110.832975, -7.658193 ], [ 110.833008, -7.658258 ], [ 110.832942, -7.658401 ], [ 110.83288, -7.658507 ], [ 110.832813, -7.658637 ], [ 110.832731, -7.658692 ], [ 110.83266, -7.658734 ], [ 110.832548, -7.658698 ], [ 110.832449, -7.658666 ], [ 110.832369, -7.658673 ], [ 110.832305, -7.658698 ], [ 110.832241, -7.658697 ], [ 110.832108, -7.658657 ], [ 110.831996, -7.658914 ], [ 110.831981, -7.658948 ], [ 110.8319, -7.65916 ], [ 110.831763, -7.65952 ], [ 110.831515, -7.660169 ], [ 110.831327, -7.660631 ], [ 110.830712, -7.662213 ], [ 110.830583, -7.662578 ], [ 110.830447, -7.662964 ], [ 110.830305, -7.663263 ], [ 110.830291, -7.663279 ], [ 110.83025, -7.663326 ], [ 110.830185, -7.663506 ], [ 110.830017, -7.663966 ], [ 110.829828, -7.664484 ], [ 110.82936, -7.665714 ], [ 110.829295, -7.665888 ], [ 110.829266, -7.665968 ], [ 110.830451, -7.666212 ], [ 110.83074, -7.666271 ], [ 110.830726, -7.66636 ], [ 110.830702, -7.666513 ], [ 110.830579, -7.667228 ], [ 110.832758, -7.667619 ], [ 110.833568, -7.667765 ], [ 110.8339, -7.667824 ], [ 110.834173, -7.667864 ], [ 110.834157, -7.667921 ], [ 110.834125, -7.668106 ], [ 110.834107, -7.668182 ], [ 110.83405, -7.668423 ], [ 110.834016, -7.668567 ], [ 110.833953, -7.668917 ], [ 110.833829, -7.669606 ], [ 110.833694, -7.66985 ], [ 110.833241, -7.670787 ], [ 110.833214, -7.670842 ], [ 110.833238, -7.670853 ], [ 110.833325, -7.670893 ], [ 110.833434, -7.670976 ], [ 110.833518, -7.671009 ], [ 110.833597, -7.671043 ], [ 110.833693, -7.671088 ], [ 110.833765, -7.671107 ], [ 110.833813, -7.671151 ], [ 110.833875, -7.671172 ], [ 110.8339, -7.671176 ], [ 110.833928, -7.671182 ], [ 110.833995, -7.671203 ], [ 110.83406, -7.671218 ], [ 110.834186, -7.671233 ], [ 110.834234, -7.671107 ], [ 110.83438, -7.67073 ], [ 110.834438, -7.670547 ], [ 110.834484, -7.670399 ], [ 110.834543, -7.670263 ], [ 110.834567, -7.670208 ], [ 110.834583, -7.670135 ], [ 110.834741, -7.670202 ], [ 110.834906, -7.670272 ], [ 110.834954, -7.67029 ], [ 110.835245, -7.670397 ], [ 110.835423, -7.670463 ], [ 110.835425, -7.670464 ], [ 110.835651, -7.670541 ], [ 110.835709, -7.67056 ], [ 110.836, -7.670675 ], [ 110.836037, -7.67069 ], [ 110.836411, -7.67083 ], [ 110.836666, -7.670924 ], [ 110.836809, -7.670978 ], [ 110.836952, -7.671031 ], [ 110.83698, -7.671042 ], [ 110.837145, -7.671096 ], [ 110.837347, -7.671168 ], [ 110.837454, -7.6712 ], [ 110.837562, -7.671224 ], [ 110.837641, -7.671234 ], [ 110.837764, -7.671241 ], [ 110.83778, -7.671242 ], [ 110.837907, -7.671247 ], [ 110.838091, -7.671279 ], [ 110.838195, -7.671298 ], [ 110.838208, -7.671301 ], [ 110.83837, -7.671348 ], [ 110.83844, -7.671368 ], [ 110.838489, -7.671388 ], [ 110.838531, -7.671423 ], [ 110.838542, -7.67147 ], [ 110.838535, -7.671525 ], [ 110.838495, -7.671626 ], [ 110.838469, -7.671674 ], [ 110.838304, -7.671978 ], [ 110.83817, -7.672233 ], [ 110.838122, -7.672326 ], [ 110.838084, -7.672394 ], [ 110.838016, -7.672517 ], [ 110.837907, -7.672713 ], [ 110.837761, -7.672987 ], [ 110.837627, -7.673237 ], [ 110.837567, -7.673355 ], [ 110.837566, -7.673356 ], [ 110.837479, -7.673525 ], [ 110.837414, -7.673649 ], [ 110.837328, -7.673827 ], [ 110.837387, -7.673847 ], [ 110.837408, -7.673854 ], [ 110.837539, -7.673886 ], [ 110.837592, -7.673899 ], [ 110.837638, -7.673908 ], [ 110.837781, -7.673939 ], [ 110.838061, -7.674007 ], [ 110.838084, -7.674013 ], [ 110.838138, -7.674027 ], [ 110.838211, -7.674049 ], [ 110.838444, -7.674119 ], [ 110.838471, -7.674072 ], [ 110.838506, -7.674013 ], [ 110.838583, -7.673879 ], [ 110.838604, -7.673842 ], [ 110.838631, -7.673795 ], [ 110.838678, -7.673714 ], [ 110.838723, -7.673618 ], [ 110.838711, -7.673602 ], [ 110.838413, -7.673533 ], [ 110.838589, -7.673149 ], [ 110.838611, -7.673093 ], [ 110.838734, -7.672777 ], [ 110.838765, -7.672697 ], [ 110.839026, -7.672705 ], [ 110.839085, -7.672706 ], [ 110.839116, -7.672707 ], [ 110.839132, -7.672764 ], [ 110.839161, -7.672769 ], [ 110.839322, -7.672801 ], [ 110.83936, -7.672808 ], [ 110.839512, -7.672847 ], [ 110.839598, -7.672872 ], [ 110.839654, -7.672888 ], [ 110.83966, -7.67289 ], [ 110.839667, -7.672912 ], [ 110.839737, -7.673107 ], [ 110.839768, -7.6732 ], [ 110.839917, -7.673647 ], [ 110.839917, -7.673648 ], [ 110.839981, -7.67385 ], [ 110.84001, -7.673941 ], [ 110.840043, -7.674043 ], [ 110.840166, -7.674303 ], [ 110.840179, -7.674329 ], [ 110.840282, -7.674546 ], [ 110.840338, -7.674651 ], [ 110.840426, -7.674818 ], [ 110.840493, -7.674918 ], [ 110.840558, -7.675016 ], [ 110.840617, -7.675092 ], [ 110.840654, -7.67514 ], [ 110.84069, -7.675186 ], [ 110.840817, -7.675332 ], [ 110.840903, -7.675429 ], [ 110.841119, -7.675659 ], [ 110.841258, -7.675798 ], [ 110.841262, -7.675802 ], [ 110.841312, -7.675851 ], [ 110.841361, -7.675901 ], [ 110.841379, -7.675919 ], [ 110.841403, -7.675943 ], [ 110.841499, -7.676039 ], [ 110.841683, -7.67622 ], [ 110.841784, -7.676321 ], [ 110.841906, -7.676461 ], [ 110.842018, -7.67659 ], [ 110.842139, -7.67676 ], [ 110.842142, -7.676765 ], [ 110.842183, -7.676822 ], [ 110.842204, -7.676852 ], [ 110.842375, -7.6767 ], [ 110.842485, -7.676649 ], [ 110.842645, -7.676573 ], [ 110.842785, -7.676546 ], [ 110.842985, -7.676654 ], [ 110.84302, -7.676673 ], [ 110.843418, -7.677062 ], [ 110.843877, -7.677571 ], [ 110.84403, -7.677741 ], [ 110.84425, -7.677935 ], [ 110.844641, -7.67828 ], [ 110.84482, -7.678438 ], [ 110.845056, -7.678555 ], [ 110.845111, -7.678582 ], [ 110.845242, -7.678628 ], [ 110.845286, -7.678628 ], [ 110.845511, -7.678601 ], [ 110.845933, -7.67849 ], [ 110.845961, -7.678483 ], [ 110.846179, -7.678443 ], [ 110.846255, -7.678429 ], [ 110.846389, -7.678443 ], [ 110.846515, -7.678456 ], [ 110.846578, -7.678484 ], [ 110.846688, -7.678532 ], [ 110.846743, -7.678556 ], [ 110.846905, -7.678663 ], [ 110.847055, -7.67873 ], [ 110.847119, -7.67877 ], [ 110.847139, -7.678801 ], [ 110.847142, -7.678823 ], [ 110.847106, -7.678974 ], [ 110.847099, -7.679019 ], [ 110.847085, -7.679109 ], [ 110.847079, -7.679145 ], [ 110.847055, -7.67928 ], [ 110.847044, -7.67931 ], [ 110.847042, -7.679317 ], [ 110.847054, -7.679326 ], [ 110.847111, -7.679369 ], [ 110.847118, -7.679374 ], [ 110.847172, -7.679397 ], [ 110.847194, -7.679402 ], [ 110.84722, -7.679409 ], [ 110.847239, -7.679413 ], [ 110.847267, -7.679419 ], [ 110.847346, -7.679435 ], [ 110.847439, -7.679462 ], [ 110.847504, -7.67946 ], [ 110.847595, -7.679494 ], [ 110.847604, -7.679497 ], [ 110.847718, -7.679521 ], [ 110.84779, -7.679575 ], [ 110.847848, -7.67962 ], [ 110.847878, -7.679643 ], [ 110.847968, -7.679673 ], [ 110.84804, -7.679673 ], [ 110.848108, -7.679663 ], [ 110.848227, -7.679636 ], [ 110.848274, -7.679639 ], [ 110.848328, -7.679642 ], [ 110.848402, -7.679662 ], [ 110.848418, -7.679675 ], [ 110.848484, -7.679728 ], [ 110.848607, -7.679939 ], [ 110.848745, -7.680214 ], [ 110.848745, -7.680214 ], [ 110.848774, -7.680273 ], [ 110.848853, -7.680479 ], [ 110.848866, -7.680504 ], [ 110.848915, -7.680604 ], [ 110.848922, -7.680612 ], [ 110.84899, -7.680686 ], [ 110.849006, -7.680704 ], [ 110.849029, -7.680716 ], [ 110.849175, -7.680792 ], [ 110.849199, -7.680804 ], [ 110.849256, -7.680832 ], [ 110.84936, -7.680882 ], [ 110.849488, -7.680937 ], [ 110.849489, -7.680937 ], [ 110.849652, -7.681006 ], [ 110.849762, -7.681053 ], [ 110.849957, -7.68114 ], [ 110.850011, -7.681164 ], [ 110.850019, -7.681167 ], [ 110.850286, -7.681275 ], [ 110.850645, -7.681454 ], [ 110.850778, -7.68152 ], [ 110.851003, -7.681628 ], [ 110.851246, -7.681745 ], [ 110.851268, -7.681755 ], [ 110.851314, -7.681778 ], [ 110.851449, -7.681843 ], [ 110.851478, -7.68185 ], [ 110.851563, -7.68187 ], [ 110.85169, -7.681882 ], [ 110.851758, -7.681862 ], [ 110.851794, -7.681824 ], [ 110.851824, -7.681767 ], [ 110.851842, -7.681721 ], [ 110.851861, -7.681698 ], [ 110.85189, -7.68169 ], [ 110.85193, -7.681688 ], [ 110.851961, -7.681702 ], [ 110.851978, -7.681723 ], [ 110.851989, -7.681769 ], [ 110.852044, -7.681774 ], [ 110.852093, -7.681751 ], [ 110.852195, -7.681746 ], [ 110.852278, -7.681742 ], [ 110.852399, -7.681767 ], [ 110.852562, -7.681762 ], [ 110.852721, -7.681777 ], [ 110.852888, -7.681819 ], [ 110.852969, -7.681848 ], [ 110.853042, -7.681873 ], [ 110.853136, -7.681886 ], [ 110.853203, -7.681909 ], [ 110.853341, -7.681976 ], [ 110.853385, -7.682011 ], [ 110.853429, -7.682041 ], [ 110.853481, -7.682078 ], [ 110.853549, -7.682123 ], [ 110.853595, -7.682153 ], [ 110.853618, -7.682154 ], [ 110.853641, -7.682144 ], [ 110.853667, -7.682117 ], [ 110.853688, -7.682084 ], [ 110.853702, -7.68202 ], [ 110.853709, -7.681965 ], [ 110.853726, -7.681923 ], [ 110.853754, -7.681905 ], [ 110.853807, -7.681901 ], [ 110.853861, -7.681912 ], [ 110.853917, -7.681937 ], [ 110.853963, -7.681998 ], [ 110.853992, -7.682095 ], [ 110.854001, -7.682124 ], [ 110.854008, -7.682146 ], [ 110.854033, -7.6822 ], [ 110.854049, -7.682231 ], [ 110.854107, -7.682262 ], [ 110.854169, -7.6823 ], [ 110.854239, -7.682322 ], [ 110.854275, -7.682355 ], [ 110.854306, -7.68242 ], [ 110.854316, -7.682552 ], [ 110.854342, -7.682602 ], [ 110.85438, -7.682636 ], [ 110.85445, -7.682664 ], [ 110.854572, -7.682667 ], [ 110.854644, -7.682667 ], [ 110.854707, -7.682628 ], [ 110.85475, -7.682588 ], [ 110.8548, -7.682535 ], [ 110.854841, -7.682516 ], [ 110.854915, -7.682511 ], [ 110.854978, -7.682518 ], [ 110.855014, -7.682552 ], [ 110.855042, -7.682619 ], [ 110.855073, -7.682665 ], [ 110.855112, -7.682736 ], [ 110.85516, -7.682772 ], [ 110.855203, -7.682791 ], [ 110.855249, -7.682796 ], [ 110.855339, -7.682791 ], [ 110.855448, -7.682803 ], [ 110.855568, -7.682849 ], [ 110.855613, -7.682877 ], [ 110.855652, -7.682902 ], [ 110.855723, -7.682973 ], [ 110.85576, -7.683043 ], [ 110.8558, -7.68308 ], [ 110.855815, -7.683093 ], [ 110.855868, -7.683115 ], [ 110.85592, -7.683124 ], [ 110.85599, -7.683143 ], [ 110.85605, -7.683167 ], [ 110.856105, -7.683208 ], [ 110.856187, -7.683261 ], [ 110.856295, -7.683369 ], [ 110.856477, -7.683589 ], [ 110.85659, -7.68372 ], [ 110.856671, -7.683787 ], [ 110.856757, -7.683821 ], [ 110.856865, -7.683833 ], [ 110.856965, -7.683826 ], [ 110.857133, -7.683816 ], [ 110.857222, -7.683821 ], [ 110.857255, -7.683848 ], [ 110.857291, -7.683881 ], [ 110.857332, -7.683895 ], [ 110.857399, -7.683898 ], [ 110.857469, -7.68389 ], [ 110.857514, -7.683902 ], [ 110.857562, -7.683915 ], [ 110.857627, -7.683966 ], [ 110.857666, -7.68407 ], [ 110.857659, -7.68417 ], [ 110.857642, -7.684298 ], [ 110.857623, -7.684439 ], [ 110.857609, -7.684605 ], [ 110.857609, -7.68477 ], [ 110.85762, -7.684892 ], [ 110.857623, -7.684902 ], [ 110.857648, -7.684989 ], [ 110.857713, -7.685093 ], [ 110.857796, -7.685172 ], [ 110.857871, -7.685215 ], [ 110.857892, -7.685221 ], [ 110.857903, -7.685224 ], [ 110.857936, -7.685233 ], [ 110.858004, -7.685247 ], [ 110.857966, -7.685552 ], [ 110.857626, -7.68652 ], [ 110.857394, -7.686438 ], [ 110.856749, -7.686275 ], [ 110.856656, -7.68625 ], [ 110.856653, -7.686263 ], [ 110.856571, -7.686587 ], [ 110.856503, -7.686859 ], [ 110.856452, -7.687062 ], [ 110.856404, -7.687255 ], [ 110.856595, -7.687292 ], [ 110.856596, -7.687557 ], [ 110.856595, -7.687636 ], [ 110.856593, -7.687793 ], [ 110.856587, -7.687871 ], [ 110.856467, -7.688383 ], [ 110.856411, -7.688607 ], [ 110.856411, -7.688736 ], [ 110.856325, -7.688791 ], [ 110.856187, -7.68888 ], [ 110.856191, -7.689062 ], [ 110.856202, -7.689541 ], [ 110.856207, -7.689686 ], [ 110.856215, -7.689956 ], [ 110.856217, -7.690011 ], [ 110.856649, -7.690328 ], [ 110.856762, -7.690833 ], [ 110.856768, -7.690861 ], [ 110.856886, -7.690934 ], [ 110.8569, -7.690994 ], [ 110.856922, -7.691088 ], [ 110.856896, -7.691241 ], [ 110.856848, -7.691305 ], [ 110.856812, -7.691477 ], [ 110.856894, -7.691504 ], [ 110.857091, -7.691567 ], [ 110.857311, -7.69164 ], [ 110.857292, -7.692578 ], [ 110.85729, -7.692665 ], [ 110.85728, -7.693206 ], [ 110.857278, -7.693286 ], [ 110.857309, -7.693292 ], [ 110.857335, -7.693297 ], [ 110.85753, -7.693333 ], [ 110.857631, -7.693351 ], [ 110.857795, -7.69338 ], [ 110.857751, -7.693891 ], [ 110.857719, -7.694267 ], [ 110.857587, -7.694317 ], [ 110.857581, -7.694377 ], [ 110.857555, -7.694657 ], [ 110.857427, -7.694646 ], [ 110.857274, -7.694634 ], [ 110.8572, -7.694628 ], [ 110.857195, -7.694656 ], [ 110.857184, -7.694676 ], [ 110.857183, -7.694676 ], [ 110.857175, -7.694683 ], [ 110.857173, -7.694685 ], [ 110.857155, -7.694686 ], [ 110.856971, -7.694663 ], [ 110.856957, -7.694661 ], [ 110.856887, -7.694652 ], [ 110.856848, -7.695041 ], [ 110.856833, -7.695201 ], [ 110.85682, -7.69534 ], [ 110.856752, -7.696063 ], [ 110.8567, -7.696621 ], [ 110.856819, -7.696624 ], [ 110.856884, -7.696628 ], [ 110.856992, -7.696634 ], [ 110.857125, -7.696639 ], [ 110.857263, -7.696621 ], [ 110.857336, -7.696611 ], [ 110.857492, -7.696592 ], [ 110.857643, -7.696567 ], [ 110.857705, -7.696555 ], [ 110.857854, -7.696588 ], [ 110.857969, -7.696643 ], [ 110.85809, -7.696688 ], [ 110.8581, -7.696691 ], [ 110.858157, -7.6967 ], [ 110.858278, -7.696717 ], [ 110.858284, -7.696718 ], [ 110.858388, -7.69672 ], [ 110.85849, -7.696724 ], [ 110.858538, -7.69674 ], [ 110.858676, -7.696785 ], [ 110.858806, -7.69681 ], [ 110.858847, -7.696815 ], [ 110.858896, -7.69682 ], [ 110.858964, -7.696828 ], [ 110.859075, -7.696816 ], [ 110.859144, -7.696797 ], [ 110.859229, -7.696743 ], [ 110.859282, -7.696741 ], [ 110.859349, -7.696755 ], [ 110.859378, -7.696763 ], [ 110.859447, -7.696782 ], [ 110.859551, -7.696824 ], [ 110.85958, -7.696835 ], [ 110.85966, -7.696906 ], [ 110.859737, -7.696958 ], [ 110.859864, -7.696996 ], [ 110.860046, -7.697107 ], [ 110.860127, -7.697156 ], [ 110.860249, -7.69723 ], [ 110.860411, -7.697324 ], [ 110.860411, -7.697324 ], [ 110.860543, -7.697372 ], [ 110.860542, -7.697383 ], [ 110.860462, -7.697967 ], [ 110.860416, -7.698304 ], [ 110.860397, -7.698428 ], [ 110.860359, -7.698678 ], [ 110.860381, -7.698751 ], [ 110.860415, -7.698779 ], [ 110.860508, -7.698808 ], [ 110.860868, -7.698887 ], [ 110.861022, -7.698942 ], [ 110.861257, -7.699053 ], [ 110.861566, -7.699201 ], [ 110.861612, -7.699215 ], [ 110.861704, -7.699238 ], [ 110.861852, -7.699274 ], [ 110.861894, -7.699284 ], [ 110.862074, -7.699338 ], [ 110.862151, -7.699371 ], [ 110.862164, -7.6994 ], [ 110.862164, -7.69944 ], [ 110.862145, -7.699501 ], [ 110.862131, -7.699537 ], [ 110.862117, -7.699568 ], [ 110.862138, -7.699734 ], [ 110.862135, -7.699783 ], [ 110.862137, -7.699923 ], [ 110.862135, -7.699964 ], [ 110.862132, -7.700042 ], [ 110.862131, -7.700095 ], [ 110.862122, -7.700139 ], [ 110.862122, -7.700154 ], [ 110.862122, -7.700186 ], [ 110.862464, -7.700361 ], [ 110.862942, -7.700596 ], [ 110.863207, -7.700718 ], [ 110.863332, -7.700795 ], [ 110.863393, -7.700825 ], [ 110.86346, -7.700858 ], [ 110.863465, -7.700861 ], [ 110.863467, -7.700861 ], [ 110.863538, -7.700882 ], [ 110.863995, -7.700937 ], [ 110.864052, -7.700943 ], [ 110.864114, -7.700951 ], [ 110.864238, -7.700965 ], [ 110.864358, -7.700979 ], [ 110.864574, -7.701 ], [ 110.864596, -7.700866 ], [ 110.864616, -7.700783 ], [ 110.864639, -7.700751 ], [ 110.864651, -7.700733 ], [ 110.864682, -7.700689 ], [ 110.864778, -7.700553 ], [ 110.864808, -7.700378 ], [ 110.864956, -7.70041 ], [ 110.865089, -7.700438 ], [ 110.865288, -7.70048 ], [ 110.865434, -7.700511 ], [ 110.865512, -7.700506 ], [ 110.865696, -7.700495 ], [ 110.865742, -7.700492 ], [ 110.865771, -7.700489 ], [ 110.865881, -7.700466 ], [ 110.865977, -7.700447 ], [ 110.866082, -7.700422 ], [ 110.866192, -7.700383 ], [ 110.86638, -7.700318 ], [ 110.866416, -7.700309 ], [ 110.866551, -7.700215 ], [ 110.866596, -7.700201 ], [ 110.866724, -7.700163 ], [ 110.866766, -7.70015 ], [ 110.86687, -7.700138 ], [ 110.866952, -7.700129 ], [ 110.867046, -7.700123 ], [ 110.867173, -7.700108 ], [ 110.867547, -7.699973 ], [ 110.867664, -7.699857 ], [ 110.867908, -7.699348 ], [ 110.868025, -7.699106 ], [ 110.868054, -7.699042 ], [ 110.868082, -7.698983 ], [ 110.868183, -7.69877 ], [ 110.868415, -7.698277 ], [ 110.868462, -7.698172 ], [ 110.868814, -7.697401 ], [ 110.868839, -7.697343 ], [ 110.868916, -7.697169 ], [ 110.868939, -7.697115 ], [ 110.868943, -7.697116 ], [ 110.869105, -7.697153 ], [ 110.869317, -7.6972 ], [ 110.869336, -7.697204 ], [ 110.87017, -7.697391 ], [ 110.87071, -7.697512 ], [ 110.870739, -7.697518 ], [ 110.870734, -7.69754 ], [ 110.87071, -7.697657 ], [ 110.870655, -7.697925 ], [ 110.87059, -7.698241 ], [ 110.870522, -7.698569 ], [ 110.870493, -7.698712 ], [ 110.870441, -7.698963 ], [ 110.870392, -7.699198 ], [ 110.870341, -7.699447 ], [ 110.870274, -7.699774 ], [ 110.870242, -7.699928 ], [ 110.870232, -7.699975 ], [ 110.870429, -7.699997 ], [ 110.870788, -7.700038 ], [ 110.870865, -7.700047 ], [ 110.870954, -7.700057 ], [ 110.871471, -7.700119 ], [ 110.871714, -7.700164 ], [ 110.871896, -7.700206 ], [ 110.872481, -7.700273 ], [ 110.872772, -7.700283 ], [ 110.873078, -7.700384 ], [ 110.873205, -7.700406 ], [ 110.873404, -7.70044 ], [ 110.873804, -7.700508 ], [ 110.87385, -7.700514 ], [ 110.873886, -7.700519 ], [ 110.874041, -7.700538 ], [ 110.874224, -7.700544 ], [ 110.874407, -7.70055 ], [ 110.87496, -7.700729 ], [ 110.875, -7.700742 ], [ 110.875, -7.700799 ], [ 110.875, -7.700975 ], [ 110.875, -7.701116 ], [ 110.875169, -7.70117 ], [ 110.875373, -7.701205 ], [ 110.875384, -7.701206 ], [ 110.875464, -7.701214 ], [ 110.875538, -7.701221 ], [ 110.875573, -7.701225 ], [ 110.875747, -7.701198 ], [ 110.87575, -7.701198 ], [ 110.875754, -7.701198 ], [ 110.875739, -7.701217 ], [ 110.875657, -7.701319 ], [ 110.875445, -7.701586 ], [ 110.875, -7.701903 ], [ 110.874902, -7.701966 ], [ 110.87458, -7.702047 ], [ 110.87405, -7.702196 ], [ 110.874, -7.70221 ], [ 110.873863, -7.702328 ], [ 110.873741, -7.702572 ], [ 110.873661, -7.70278 ], [ 110.87355, -7.70306 ], [ 110.873417, -7.703259 ], [ 110.873233, -7.703368 ], [ 110.872899, -7.703449 ], [ 110.872559, -7.703431 ], [ 110.872379, -7.703421 ], [ 110.871726, -7.703385 ], [ 110.871391, -7.703548 ], [ 110.871356, -7.70362 ], [ 110.871181, -7.704226 ], [ 110.870781, -7.704733 ], [ 110.870364, -7.705095 ], [ 110.870227, -7.705213 ], [ 110.870094, -7.705329 ], [ 110.870093, -7.70533 ], [ 110.869861, -7.705485 ], [ 110.869836, -7.705501 ], [ 110.869736, -7.705574 ], [ 110.869696, -7.705863 ], [ 110.86952, -7.706624 ], [ 110.869489, -7.706759 ], [ 110.869367, -7.707039 ], [ 110.869173, -7.707284 ], [ 110.869167, -7.707292 ], [ 110.86903, -7.707319 ], [ 110.869014, -7.707316 ], [ 110.868907, -7.707291 ], [ 110.868799, -7.707265 ], [ 110.868414, -7.707111 ], [ 110.868059, -7.706919 ], [ 110.867413, -7.706568 ], [ 110.867084, -7.706351 ], [ 110.866872, -7.706333 ], [ 110.866778, -7.706378 ], [ 110.866237, -7.706577 ], [ 110.866144, -7.706613 ], [ 110.865776, -7.70676 ], [ 110.865622, -7.706821 ], [ 110.865318, -7.70702 ], [ 110.8648, -7.707381 ], [ 110.864492, -7.707607 ], [ 110.864056, -7.707544 ], [ 110.863843, -7.707581 ], [ 110.863614, -7.70762 ], [ 110.863482, -7.707694 ], [ 110.863323, -7.707828 ], [ 110.863251, -7.707923 ], [ 110.863196, -7.707952 ], [ 110.863093, -7.707928 ], [ 110.862879, -7.707892 ], [ 110.862612, -7.707831 ], [ 110.862563, -7.70782 ], [ 110.862281, -7.707744 ], [ 110.862013, -7.707679 ], [ 110.861752, -7.707661 ], [ 110.861089, -7.707658 ], [ 110.860771, -7.707656 ], [ 110.860663, -7.707655 ], [ 110.860244, -7.707649 ], [ 110.8598, -7.707637 ], [ 110.858927, -7.707642 ], [ 110.858721, -7.707649 ], [ 110.858477, -7.707663 ], [ 110.858222, -7.707677 ], [ 110.858167, -7.70769 ], [ 110.858128, -7.707698 ], [ 110.857798, -7.707887 ], [ 110.85775, -7.707915 ], [ 110.85766, -7.707966 ], [ 110.857635, -7.707939 ], [ 110.857447, -7.707951 ], [ 110.857288, -7.707956 ], [ 110.856623, -7.707984 ], [ 110.856446, -7.707992 ], [ 110.856014, -7.708013 ], [ 110.855823, -7.707988 ], [ 110.855795, -7.707985 ], [ 110.855733, -7.707977 ], [ 110.855614, -7.707885 ], [ 110.855575, -7.707855 ], [ 110.855352, -7.707718 ], [ 110.855121, -7.707611 ], [ 110.854812, -7.707517 ], [ 110.854434, -7.707476 ], [ 110.854229, -7.707505 ], [ 110.854044, -7.7076 ], [ 110.85397, -7.707639 ], [ 110.853775, -7.70774 ], [ 110.85364, -7.707786 ], [ 110.853457, -7.707848 ], [ 110.853244, -7.707874 ], [ 110.852832, -7.707924 ], [ 110.852645, -7.707947 ], [ 110.852551, -7.707983 ], [ 110.852329, -7.708056 ], [ 110.852236, -7.708082 ], [ 110.851945, -7.708164 ], [ 110.851897, -7.708164 ], [ 110.851884, -7.708164 ], [ 110.851848, -7.70818 ], [ 110.851844, -7.708182 ], [ 110.851817, -7.708191 ], [ 110.851519, -7.708282 ], [ 110.851442, -7.708285 ], [ 110.851155, -7.708483 ], [ 110.850986, -7.7086 ], [ 110.850981, -7.708603 ], [ 110.850924, -7.708634 ], [ 110.850811, -7.708695 ], [ 110.850708, -7.708751 ], [ 110.850449, -7.708907 ], [ 110.850309, -7.708991 ], [ 110.850127, -7.709072 ], [ 110.849977, -7.70918 ], [ 110.849973, -7.709182 ], [ 110.849631, -7.709379 ], [ 110.849474, -7.709469 ], [ 110.849437, -7.709492 ], [ 110.849179, -7.70965 ], [ 110.849124, -7.709684 ], [ 110.848948, -7.709735 ], [ 110.848725, -7.709799 ], [ 110.848442, -7.709861 ], [ 110.848424, -7.709865 ], [ 110.848398, -7.709871 ], [ 110.848106, -7.709938 ], [ 110.847967, -7.70999 ], [ 110.847881, -7.710019 ], [ 110.847593, -7.709985 ], [ 110.847271, -7.709952 ], [ 110.847187, -7.70995 ], [ 110.847078, -7.709948 ], [ 110.847078, -7.709948 ], [ 110.847078, -7.709948 ], [ 110.846968, -7.70999 ], [ 110.846472, -7.710179 ], [ 110.846393, -7.710188 ], [ 110.846339, -7.710197 ], [ 110.845849, -7.710297 ], [ 110.845683, -7.710333 ], [ 110.845093, -7.710473 ], [ 110.844899, -7.710519 ], [ 110.844731, -7.710559 ], [ 110.844692, -7.710568 ], [ 110.844317, -7.710644 ], [ 110.843534, -7.710802 ], [ 110.843309, -7.71064 ], [ 110.842861, -7.710241 ], [ 110.842647, -7.710078 ], [ 110.842459, -7.709934 ], [ 110.841564, -7.709391 ], [ 110.841012, -7.708929 ], [ 110.840938, -7.708504 ], [ 110.840625, -7.708395 ], [ 110.840311, -7.70844 ], [ 110.839954, -7.708504 ], [ 110.839402, -7.708594 ], [ 110.838918, -7.708655 ], [ 110.838835, -7.708666 ], [ 110.838214, -7.708666 ], [ 110.837701, -7.708666 ], [ 110.837478, -7.708684 ], [ 110.836884, -7.708733 ], [ 110.836831, -7.708738 ], [ 110.836566, -7.708895 ], [ 110.836312, -7.709045 ], [ 110.836168, -7.709071 ], [ 110.83567, -7.709162 ], [ 110.835519, -7.709027 ], [ 110.835154, -7.708719 ], [ 110.834935, -7.708872 ], [ 110.834935, -7.708873 ], [ 110.834794, -7.708809 ], [ 110.834377, -7.708818 ], [ 110.833979, -7.708429 ], [ 110.833918, -7.708411 ], [ 110.833707, -7.708329 ], [ 110.833498, -7.708248 ], [ 110.833142, -7.708085 ], [ 110.832995, -7.708628 ], [ 110.832749, -7.709324 ], [ 110.832441, -7.709586 ], [ 110.832102, -7.709885 ], [ 110.831593, -7.710554 ], [ 110.831497, -7.71068 ], [ 110.831034, -7.710626 ], [ 110.830966, -7.710734 ], [ 110.830881, -7.710752 ], [ 110.830731, -7.710725 ], [ 110.830621, -7.711015 ], [ 110.829986, -7.711204 ], [ 110.829694, -7.711247 ], [ 110.828698, -7.711394 ], [ 110.827799, -7.711525 ], [ 110.827651, -7.711546 ], [ 110.827521, -7.711565 ], [ 110.826018, -7.711682 ], [ 110.82599, -7.711194 ], [ 110.825984, -7.711079 ], [ 110.825971, -7.710866 ], [ 110.825963, -7.710714 ], [ 110.825952, -7.709909 ], [ 110.825949, -7.709679 ], [ 110.825948, -7.709593 ], [ 110.825869, -7.70922 ], [ 110.825844, -7.709104 ], [ 110.82566, -7.708813 ], [ 110.825645, -7.70879 ], [ 110.825626, -7.70876 ], [ 110.82539, -7.708416 ], [ 110.825303, -7.70831 ], [ 110.825143, -7.708113 ], [ 110.824976, -7.707909 ], [ 110.824939, -7.707864 ], [ 110.824721, -7.7076 ], [ 110.824514, -7.707349 ], [ 110.824477, -7.707257 ], [ 110.82446, -7.707214 ], [ 110.82457, -7.707021 ], [ 110.824394, -7.706966 ], [ 110.824392, -7.706965 ], [ 110.824391, -7.706965 ], [ 110.824391, -7.706965 ], [ 110.824391, -7.706964 ], [ 110.824387, -7.706908 ], [ 110.824373, -7.706697 ], [ 110.824402, -7.706519 ], [ 110.82444, -7.706333 ], [ 110.824359, -7.706203 ], [ 110.824186, -7.706068 ], [ 110.824071, -7.705978 ], [ 110.823944, -7.705866 ], [ 110.823941, -7.70586 ], [ 110.82392, -7.705827 ], [ 110.82391, -7.705811 ], [ 110.823712, -7.705614 ], [ 110.823683, -7.705584 ], [ 110.823054, -7.705283 ], [ 110.822802, -7.705161 ], [ 110.822684, -7.705105 ], [ 110.821956, -7.704789 ], [ 110.821954, -7.704788 ], [ 110.821416, -7.705376 ], [ 110.82097, -7.705864 ], [ 110.82087, -7.705981 ], [ 110.820666, -7.706225 ], [ 110.820399, -7.706586 ], [ 110.820265, -7.706768 ], [ 110.820107, -7.70694 ], [ 110.819893, -7.707157 ], [ 110.819698, -7.707383 ], [ 110.819697, -7.707383 ], [ 110.819658, -7.70741 ], [ 110.819614, -7.707464 ], [ 110.819376, -7.707756 ], [ 110.819373, -7.70776 ], [ 110.819319, -7.707826 ], [ 110.81863, -7.708667 ], [ 110.818365, -7.708965 ], [ 110.818194, -7.709149 ], [ 110.818028, -7.709326 ], [ 110.817951, -7.709408 ], [ 110.817924, -7.709436 ], [ 110.817849, -7.709508 ], [ 110.817769, -7.709598 ], [ 110.817694, -7.709671 ], [ 110.81766, -7.709744 ], [ 110.817653, -7.709761 ], [ 110.817572, -7.709862 ], [ 110.817457, -7.710005 ], [ 110.817324, -7.710159 ], [ 110.816865, -7.710666 ], [ 110.816791, -7.710747 ], [ 110.816676, -7.710882 ], [ 110.816513, -7.711072 ], [ 110.81618, -7.711515 ], [ 110.815923, -7.711768 ], [ 110.815908, -7.71178 ], [ 110.815864, -7.711814 ], [ 110.815761, -7.711922 ], [ 110.81558, -7.712157 ], [ 110.815533, -7.712221 ], [ 110.815346, -7.712396 ], [ 110.815071, -7.712655 ], [ 110.814829, -7.712842 ], [ 110.814779, -7.712881 ], [ 110.814799, -7.712961 ], [ 110.814805, -7.712984 ], [ 110.814855, -7.713187 ], [ 110.814858, -7.713201 ], [ 110.814862, -7.713217 ], [ 110.814891, -7.713334 ], [ 110.814901, -7.713375 ], [ 110.814939, -7.71353 ], [ 110.81494, -7.713532 ], [ 110.814418, -7.714174 ], [ 110.814093, -7.714717 ], [ 110.813983, -7.714838 ], [ 110.813497, -7.715377 ], [ 110.812792, -7.715752 ], [ 110.812698, -7.715801 ], [ 110.811904, -7.716118 ], [ 110.811656, -7.716217 ], [ 110.810754, -7.716497 ], [ 110.810746, -7.716499 ], [ 110.809518, -7.716768 ], [ 110.808568, -7.716831 ], [ 110.807682, -7.716749 ], [ 110.806796, -7.716359 ], [ 110.80653, -7.716242 ], [ 110.806425, -7.71618 ], [ 110.806026, -7.715949 ], [ 110.805885, -7.715867 ], [ 110.805389, -7.715307 ], [ 110.805022, -7.714833 ], [ 110.804842, -7.714401 ], [ 110.804785, -7.714265 ], [ 110.804769, -7.714072 ], [ 110.804748, -7.713817 ], [ 110.804742, -7.713748 ], [ 110.804735, -7.713282 ], [ 110.804681, -7.713032 ], [ 110.804599, -7.712653 ], [ 110.804425, -7.712306 ], [ 110.80434, -7.712192 ], [ 110.804322, -7.712169 ], [ 110.803915, -7.711627 ], [ 110.80337, -7.711053 ], [ 110.803262, -7.71094 ], [ 110.802635, -7.710333 ], [ 110.801922, -7.709799 ], [ 110.801419, -7.709482 ], [ 110.801323, -7.709402 ], [ 110.801302, -7.709384 ], [ 110.801233, -7.709325 ], [ 110.801076, -7.709193 ], [ 110.801077, -7.709187 ], [ 110.801111, -7.708882 ], [ 110.801143, -7.708605 ], [ 110.801309, -7.708173 ], [ 110.801341, -7.708089 ], [ 110.801527, -7.707871 ], [ 110.801703, -7.707664 ], [ 110.801954, -7.707545 ], [ 110.802198, -7.707429 ], [ 110.802567, -7.707457 ], [ 110.803637, -7.707916 ], [ 110.803685, -7.707937 ], [ 110.804279, -7.708064 ], [ 110.804564, -7.708058 ], [ 110.804716, -7.708055 ], [ 110.805225, -7.707893 ], [ 110.805256, -7.707883 ], [ 110.805747, -7.707609 ], [ 110.805838, -7.707558 ], [ 110.806364, -7.706979 ], [ 110.806593, -7.706681 ], [ 110.806764, -7.706455 ], [ 110.807518, -7.705487 ], [ 110.80759, -7.705372 ], [ 110.807645, -7.705285 ], [ 110.807768, -7.70509 ], [ 110.807979, -7.704755 ], [ 110.808179, -7.704131 ], [ 110.808133, -7.703588 ], [ 110.808026, -7.703181 ], [ 110.807801, -7.702764 ], [ 110.807659, -7.702697 ], [ 110.807382, -7.702565 ], [ 110.807048, -7.702601 ], [ 110.806569, -7.702872 ], [ 110.806049, -7.703288 ], [ 110.805619, -7.703731 ], [ 110.805202, -7.70384 ], [ 110.804897, -7.703811 ], [ 110.804627, -7.703785 ], [ 110.804063, -7.703613 ], [ 110.80358, -7.703396 ], [ 110.802794, -7.702979 ], [ 110.802471, -7.702741 ], [ 110.802353, -7.702654 ], [ 110.802106, -7.702472 ], [ 110.801695, -7.70205 ], [ 110.801581, -7.701934 ], [ 110.801568, -7.70192 ], [ 110.801131, -7.701436 ], [ 110.800858, -7.701133 ], [ 110.800588, -7.700754 ], [ 110.800574, -7.700735 ], [ 110.800478, -7.700604 ], [ 110.800445, -7.700558 ], [ 110.800283, -7.700337 ], [ 110.800305, -7.700228 ], [ 110.800317, -7.700166 ], [ 110.80034, -7.700039 ], [ 110.800366, -7.699903 ], [ 110.800887, -7.699279 ], [ 110.800995, -7.699144 ], [ 110.801094, -7.69902 ], [ 110.80122, -7.698863 ], [ 110.801259, -7.698713 ], [ 110.801283, -7.698619 ], [ 110.801283, -7.69842 ], [ 110.801283, -7.698121 ], [ 110.801221, -7.697542 ], [ 110.801201, -7.697318 ], [ 110.801179, -7.697081 ], [ 110.80117, -7.697 ], [ 110.801123, -7.69661 ], [ 110.800931, -7.69641 ], [ 110.800639, -7.696104 ], [ 110.800272, -7.695841 ], [ 110.799794, -7.695497 ], [ 110.799564, -7.695383 ], [ 110.799047, -7.695126 ], [ 110.798636, -7.695041 ], [ 110.798258, -7.694963 ], [ 110.797427, -7.694872 ], [ 110.797223, -7.694924 ], [ 110.796967, -7.694989 ], [ 110.796691, -7.695306 ], [ 110.79648, -7.695721 ], [ 110.796461, -7.695758 ], [ 110.796397, -7.696154 ], [ 110.796323, -7.696608 ], [ 110.796309, -7.696997 ], [ 110.796518, -7.697373 ], [ 110.796797, -7.697875 ], [ 110.796873, -7.698164 ], [ 110.796931, -7.698381 ], [ 110.79726, -7.698979 ], [ 110.797316, -7.69906 ], [ 110.79729, -7.699259 ], [ 110.797264, -7.699467 ], [ 110.797105, -7.700055 ], [ 110.796996, -7.700371 ], [ 110.796969, -7.700399 ], [ 110.796501, -7.700742 ], [ 110.796383, -7.700834 ], [ 110.796085, -7.701068 ], [ 110.795674, -7.701527 ], [ 110.795659, -7.701545 ], [ 110.795293, -7.701954 ], [ 110.795198, -7.702081 ], [ 110.795192, -7.702089 ], [ 110.7951, -7.70222 ], [ 110.795082, -7.702243 ], [ 110.79491, -7.702472 ], [ 110.79479, -7.70263 ], [ 110.794699, -7.702746 ], [ 110.794606, -7.702864 ], [ 110.79453, -7.70296 ], [ 110.794404, -7.703117 ], [ 110.794322, -7.703218 ], [ 110.79431, -7.703233 ], [ 110.794274, -7.703278 ], [ 110.79424, -7.70332 ], [ 110.794229, -7.703339 ], [ 110.79422, -7.703355 ], [ 110.7942, -7.70339 ], [ 110.794177, -7.703402 ], [ 110.794144, -7.703418 ], [ 110.794021, -7.703479 ], [ 110.793978, -7.703501 ], [ 110.7939, -7.70354 ], [ 110.7939, -7.70354 ], [ 110.793582, -7.70326 ], [ 110.79345, -7.703145 ], [ 110.79332, -7.70303 ], [ 110.793127, -7.702877 ], [ 110.792742, -7.702572 ], [ 110.7925, -7.70238 ], [ 110.792421, -7.702315 ], [ 110.792214, -7.702147 ], [ 110.792154, -7.702098 ], [ 110.792004, -7.701976 ], [ 110.79169, -7.70172 ], [ 110.79153, -7.70159 ], [ 110.791496, -7.70156 ], [ 110.79099, -7.70112 ], [ 110.790989, -7.701119 ], [ 110.79099, -7.701119 ], [ 110.790986, -7.701106 ], [ 110.790983, -7.701099 ], [ 110.790981, -7.70109 ], [ 110.790973, -7.701064 ], [ 110.790948, -7.700985 ], [ 110.79094, -7.70096 ], [ 110.790896, -7.70082 ], [ 110.790851, -7.700678 ], [ 110.790796, -7.700503 ], [ 110.790765, -7.700405 ], [ 110.79068, -7.69975 ], [ 110.790638, -7.699419 ], [ 110.790684, -7.698866 ], [ 110.790707, -7.698595 ], [ 110.790886, -7.697655 ], [ 110.7909, -7.697621 ], [ 110.791175, -7.696931 ], [ 110.791576, -7.696396 ], [ 110.791811, -7.696081 ], [ 110.792014, -7.695922 ], [ 110.79278, -7.695322 ], [ 110.792842, -7.695275 ], [ 110.792894, -7.695236 ], [ 110.79343, -7.694833 ], [ 110.793921, -7.694463 ], [ 110.794378, -7.694163 ], [ 110.794382, -7.69416 ], [ 110.794731, -7.693931 ], [ 110.794829, -7.693867 ], [ 110.795016, -7.693267 ], [ 110.79515, -7.692839 ], [ 110.795068, -7.692467 ], [ 110.795061, -7.692436 ], [ 110.79498, -7.69207 ], [ 110.794978, -7.692068 ], [ 110.794977, -7.692067 ], [ 110.794955, -7.691999 ], [ 110.79467, -7.691144 ], [ 110.79467, -7.69114 ], [ 110.794608, -7.690553 ], [ 110.794602, -7.690497 ], [ 110.794599, -7.690496 ], [ 110.79458, -7.69032 ], [ 110.794695, -7.68959 ], [ 110.794697, -7.689576 ], [ 110.79472, -7.689425 ], [ 110.794761, -7.689071 ], [ 110.794813, -7.688624 ], [ 110.79482, -7.68856 ], [ 110.794851, -7.688465 ], [ 110.79515, -7.68753 ], [ 110.795247, -7.687246 ], [ 110.795246, -7.687245 ], [ 110.795288, -7.687124 ], [ 110.795382, -7.686852 ], [ 110.795419, -7.686745 ], [ 110.795471, -7.686594 ], [ 110.795603, -7.68607 ], [ 110.795686, -7.685739 ], [ 110.795767, -7.685418 ], [ 110.795864, -7.685035 ], [ 110.795974, -7.684595 ], [ 110.796064, -7.683709 ], [ 110.796034, -7.683003 ], [ 110.795962, -7.68267 ], [ 110.795887, -7.682325 ], [ 110.795418, -7.681649 ], [ 110.795416, -7.681646 ], [ 110.795094, -7.681486 ], [ 110.794942, -7.681411 ], [ 110.794941, -7.681411 ], [ 110.79447, -7.68132 ], [ 110.794463, -7.681322 ], [ 110.793997, -7.681437 ], [ 110.793743, -7.681617 ], [ 110.793677, -7.681664 ], [ 110.793613, -7.681709 ], [ 110.79317, -7.682441 ], [ 110.793023, -7.68271 ], [ 110.792986, -7.682778 ], [ 110.792608, -7.683472 ], [ 110.792514, -7.683668 ], [ 110.792224, -7.684268 ], [ 110.792132, -7.684541 ], [ 110.792032, -7.684842 ], [ 110.791958, -7.685064 ], [ 110.791773, -7.685745 ], [ 110.79176, -7.685794 ], [ 110.791632, -7.686267 ], [ 110.791484, -7.687361 ], [ 110.791314, -7.6882 ], [ 110.791305, -7.688249 ], [ 110.791217, -7.688682 ], [ 110.79103, -7.689559 ], [ 110.791017, -7.689622 ], [ 110.791226, -7.68984 ], [ 110.791189, -7.68994 ], [ 110.79116, -7.69001 ], [ 110.790858, -7.690829 ], [ 110.790857, -7.690831 ], [ 110.79085, -7.69085 ], [ 110.790636, -7.691395 ], [ 110.79048, -7.69179 ], [ 110.790467, -7.691808 ], [ 110.79035, -7.69197 ], [ 110.79025, -7.69208 ], [ 110.790151, -7.692243 ], [ 110.790139, -7.692261 ], [ 110.790029, -7.692347 ], [ 110.789979, -7.692386 ], [ 110.789717, -7.692589 ], [ 110.789262, -7.692797 ], [ 110.788711, -7.693118 ], [ 110.787977, -7.693547 ], [ 110.787493, -7.693823 ], [ 110.787409, -7.693871 ], [ 110.787342, -7.693909 ], [ 110.78734, -7.69391 ], [ 110.78721, -7.693951 ], [ 110.787137, -7.693974 ], [ 110.78699, -7.69402 ], [ 110.786823, -7.694042 ], [ 110.786694, -7.694059 ], [ 110.786532, -7.69408 ], [ 110.78638, -7.6941 ], [ 110.786363, -7.694103 ], [ 110.786221, -7.694125 ], [ 110.786197, -7.694129 ], [ 110.786176, -7.694132 ], [ 110.786059, -7.694152 ], [ 110.785833, -7.69423 ], [ 110.785773, -7.694251 ], [ 110.785491, -7.69445 ], [ 110.785468, -7.694472 ], [ 110.785443, -7.694495 ], [ 110.785262, -7.694677 ], [ 110.785211, -7.694728 ], [ 110.785164, -7.694775 ], [ 110.785146, -7.694796 ], [ 110.785099, -7.694849 ], [ 110.785093, -7.694857 ], [ 110.78509, -7.69486 ], [ 110.785066, -7.694849 ], [ 110.784888, -7.694771 ], [ 110.78481, -7.694737 ], [ 110.784689, -7.694684 ], [ 110.784641, -7.694663 ], [ 110.784536, -7.694617 ], [ 110.784493, -7.694598 ], [ 110.78436, -7.69454 ], [ 110.784234, -7.694421 ], [ 110.784192, -7.69438 ], [ 110.784038, -7.694234 ], [ 110.783877, -7.69408 ], [ 110.783784, -7.693992 ], [ 110.78374, -7.69395 ], [ 110.783717, -7.693916 ], [ 110.783547, -7.693666 ], [ 110.783509, -7.69361 ], [ 110.783367, -7.693403 ], [ 110.7833, -7.693305 ], [ 110.783259, -7.693244 ], [ 110.78312, -7.69304 ], [ 110.783115, -7.69303 ], [ 110.783091, -7.69298 ], [ 110.783032, -7.692862 ], [ 110.782991, -7.692778 ], [ 110.782926, -7.692646 ], [ 110.782863, -7.692518 ], [ 110.782819, -7.69243 ], [ 110.782799, -7.69239 ], [ 110.782739, -7.692269 ], [ 110.782729, -7.692247 ], [ 110.782685, -7.692146 ], [ 110.782646, -7.692055 ], [ 110.782589, -7.691925 ], [ 110.78253, -7.691788 ], [ 110.782503, -7.691727 ], [ 110.782493, -7.691704 ], [ 110.78241, -7.691512 ], [ 110.782381, -7.691445 ], [ 110.782149, -7.690911 ], [ 110.781618, -7.689446 ], [ 110.781176, -7.687826 ], [ 110.781579, -7.687024 ], [ 110.781579, -7.687024 ], [ 110.78168, -7.686823 ], [ 110.781753, -7.686702 ], [ 110.782131, -7.686072 ], [ 110.782362, -7.685788 ], [ 110.782866, -7.685168 ], [ 110.783532, -7.684597 ], [ 110.783544, -7.684587 ], [ 110.783547, -7.684586 ], [ 110.78374, -7.68442 ], [ 110.783957, -7.684267 ], [ 110.784624, -7.683803 ], [ 110.785206, -7.683763 ], [ 110.785409, -7.683749 ], [ 110.78563, -7.683767 ], [ 110.786203, -7.683813 ], [ 110.786347, -7.683846 ], [ 110.78748, -7.684103 ], [ 110.787977, -7.684085 ], [ 110.788202, -7.684077 ], [ 110.788483, -7.684067 ], [ 110.788891, -7.683958 ], [ 110.78949, -7.683796 ], [ 110.790001, -7.683454 ], [ 110.790083, -7.683399 ], [ 110.790186, -7.683156 ], [ 110.790268, -7.682965 ], [ 110.790318, -7.682847 ], [ 110.79031, -7.682805 ], [ 110.790261, -7.68257 ], [ 110.790231, -7.682422 ], [ 110.79023, -7.68242 ], [ 110.789963, -7.682005 ], [ 110.789905, -7.681915 ], [ 110.789502, -7.681579 ], [ 110.789422, -7.681513 ], [ 110.789318, -7.681426 ], [ 110.789123, -7.681288 ], [ 110.788979, -7.681185 ], [ 110.788656, -7.680955 ], [ 110.788092, -7.680665 ], [ 110.787883, -7.680557 ], [ 110.7873, -7.680314 ], [ 110.787123, -7.68024 ], [ 110.786738, -7.680163 ], [ 110.78631, -7.680077 ], [ 110.785453, -7.680059 ], [ 110.785423, -7.680058 ], [ 110.784831, -7.680079 ], [ 110.784384, -7.680094 ], [ 110.782596, -7.680308 ], [ 110.78178, -7.680441 ], [ 110.7817, -7.680454 ], [ 110.781593, -7.680472 ], [ 110.781553, -7.680274 ], [ 110.781449, -7.67973 ], [ 110.781377, -7.679582 ], [ 110.781204, -7.679179 ], [ 110.781008, -7.678941 ], [ 110.78096, -7.678812 ], [ 110.780744, -7.67867 ], [ 110.780405, -7.678608 ], [ 110.779981, -7.67855 ], [ 110.779408, -7.678439 ], [ 110.779194, -7.678161 ], [ 110.779176, -7.678156 ], [ 110.779175, -7.678151 ], [ 110.779172, -7.678132 ], [ 110.779155, -7.67811 ], [ 110.779112, -7.678054 ], [ 110.778919, -7.676054 ], [ 110.778816, -7.674664 ], [ 110.779358, -7.674653 ], [ 110.780085, -7.674625 ], [ 110.780236, -7.674532 ], [ 110.780366, -7.674252 ], [ 110.780445, -7.674087 ], [ 110.780539, -7.673764 ], [ 110.780589, -7.673541 ], [ 110.780524, -7.67334 ], [ 110.780386, -7.673116 ], [ 110.780237, -7.673017 ], [ 110.7801, -7.67293 ], [ 110.779863, -7.672693 ], [ 110.779575, -7.672478 ], [ 110.779395, -7.672291 ], [ 110.779158, -7.672061 ], [ 110.779655, -7.669663 ], [ 110.78029, -7.667402 ], [ 110.780086, -7.667258 ], [ 110.778138, -7.666014 ], [ 110.777971, -7.665777 ], [ 110.777758, -7.664845 ], [ 110.777755, -7.664831 ], [ 110.777625, -7.664262 ], [ 110.777882, -7.664117 ], [ 110.778152, -7.663968 ], [ 110.778469, -7.663807 ], [ 110.778895, -7.663555 ], [ 110.779327, -7.663298 ], [ 110.779615, -7.663071 ], [ 110.779819, -7.662892 ], [ 110.779951, -7.662712 ], [ 110.780101, -7.662539 ], [ 110.780851, -7.662156 ], [ 110.781211, -7.662013 ], [ 110.781445, -7.661917 ], [ 110.781625, -7.66178 ], [ 110.782061, -7.66175 ], [ 110.782939, -7.661793 ], [ 110.783803, -7.661636 ], [ 110.784264, -7.661521 ], [ 110.784681, -7.661378 ], [ 110.785185, -7.661268 ], [ 110.785552, -7.661254 ], [ 110.785732, -7.661268 ], [ 110.786012, -7.661377 ], [ 110.786241, -7.661612 ], [ 110.786732, -7.662137 ], [ 110.787049, -7.662367 ], [ 110.787437, -7.662626 ], [ 110.787725, -7.662741 ], [ 110.788049, -7.662928 ], [ 110.788423, -7.663028 ], [ 110.78892, -7.663136 ], [ 110.789272, -7.663158 ], [ 110.789618, -7.663108 ], [ 110.790014, -7.663029 ], [ 110.790238, -7.662908 ], [ 110.790244, -7.662901 ], [ 110.790474, -7.662467 ], [ 110.790543, -7.66216 ], [ 110.790563, -7.661807 ], [ 110.790523, -7.661083 ], [ 110.79047, -7.660815 ], [ 110.790436, -7.66043 ], [ 110.790414, -7.659919 ], [ 110.790364, -7.659656 ], [ 110.790249, -7.659373 ], [ 110.790163, -7.659259 ], [ 110.789957, -7.658986 ], [ 110.789734, -7.658703 ], [ 110.789665, -7.65861 ], [ 110.789482, -7.658473 ], [ 110.7893, -7.65843 ], [ 110.78894, -7.658396 ], [ 110.788221, -7.658291 ], [ 110.787506, -7.658065 ], [ 110.786997, -7.657854 ], [ 110.786786, -7.657725 ], [ 110.786547, -7.657524 ], [ 110.786364, -7.657294 ], [ 110.786316, -7.657146 ], [ 110.786249, -7.657036 ], [ 110.786175, -7.656896 ], [ 110.786107, -7.65673 ], [ 110.786126, -7.656577 ], [ 110.786169, -7.656405 ], [ 110.786755, -7.655266 ], [ 110.786846, -7.655246 ], [ 110.787249, -7.655184 ], [ 110.787992, -7.655082 ], [ 110.78923, -7.655082 ], [ 110.789892, -7.655283 ], [ 110.79088, -7.655648 ], [ 110.791379, -7.655954 ], [ 110.791724, -7.656558 ], [ 110.792089, -7.657161 ], [ 110.792367, -7.657362 ], [ 110.79278, -7.657487 ], [ 110.793087, -7.657506 ], [ 110.793423, -7.657391 ], [ 110.793893, -7.657056 ], [ 110.794306, -7.656454 ], [ 110.794421, -7.655985 ], [ 110.794383, -7.655506 ], [ 110.794239, -7.654873 ], [ 110.794075, -7.65456 ], [ 110.793859, -7.654213 ], [ 110.793422, -7.653686 ], [ 110.793098, -7.653357 ], [ 110.792463, -7.652842 ], [ 110.792043, -7.652459 ], [ 110.791791, -7.65219 ], [ 110.791732, -7.651927 ], [ 110.791756, -7.651747 ], [ 110.79183, -7.651589 ], [ 110.79217, -7.651436 ], [ 110.792451, -7.651406 ], [ 110.792727, -7.651454 ], [ 110.793051, -7.651496 ], [ 110.793453, -7.651473 ], [ 110.793891, -7.651257 ], [ 110.794095, -7.65094 ], [ 110.794215, -7.65048 ], [ 110.794257, -7.650007 ], [ 110.79421, -7.649313 ], [ 110.794056, -7.648972 ], [ 110.79367, -7.648684 ], [ 110.793472, -7.648595 ], [ 110.793238, -7.648559 ], [ 110.792915, -7.648558 ], [ 110.792693, -7.64863 ], [ 110.792429, -7.648684 ], [ 110.792207, -7.648708 ], [ 110.791877, -7.648708 ], [ 110.791655, -7.648666 ], [ 110.791403, -7.648558 ], [ 110.791253, -7.648366 ], [ 110.791218, -7.648205 ], [ 110.79123, -7.648013 ], [ 110.791321, -7.647829 ], [ 110.791488, -7.647636 ], [ 110.792034, -7.647302 ], [ 110.793515, -7.646483 ], [ 110.794793, -7.645807 ], [ 110.795921, -7.645335 ], [ 110.796635, -7.645144 ], [ 110.797642, -7.644905 ], [ 110.798434, -7.644648 ], [ 110.799262, -7.64414 ], [ 110.799334, -7.644009 ], [ 110.799514, -7.643685 ], [ 110.799634, -7.643326 ], [ 110.799646, -7.643045 ], [ 110.799572, -7.642732 ], [ 110.799647, -7.642739 ], [ 110.799736, -7.642747 ], [ 110.799875, -7.642759 ], [ 110.799949, -7.642774 ], [ 110.80004, -7.642807 ], [ 110.800083, -7.64283 ], [ 110.800096, -7.642836 ], [ 110.800097, -7.642836 ], [ 110.800282, -7.642931 ], [ 110.800293, -7.642937 ], [ 110.800569, -7.643102 ], [ 110.800652, -7.643151 ], [ 110.800725, -7.643194 ], [ 110.80073, -7.643197 ], [ 110.800704, -7.643246 ], [ 110.800775, -7.643271 ], [ 110.800956, -7.643333 ], [ 110.801069, -7.643372 ], [ 110.801118, -7.643389 ], [ 110.801149, -7.6434 ], [ 110.801258, -7.643437 ], [ 110.801348, -7.643468 ], [ 110.801807, -7.643623 ], [ 110.802033, -7.643699 ], [ 110.80244, -7.643837 ], [ 110.802512, -7.643861 ], [ 110.802547, -7.643873 ], [ 110.802947, -7.644006 ], [ 110.803118, -7.644064 ], [ 110.803157, -7.644077 ], [ 110.803652, -7.644242 ], [ 110.803783, -7.644286 ], [ 110.804008, -7.644355 ], [ 110.804517, -7.644513 ], [ 110.804542, -7.644521 ], [ 110.804665, -7.644559 ], [ 110.804692, -7.644567 ], [ 110.804692, -7.644567 ], [ 110.804812, -7.644604 ], [ 110.804907, -7.644633 ], [ 110.805015, -7.644666 ], [ 110.805251, -7.644745 ], [ 110.805961, -7.644979 ], [ 110.806084, -7.64502 ], [ 110.806337, -7.645104 ], [ 110.806644, -7.645201 ], [ 110.806784, -7.645245 ], [ 110.807306, -7.64541 ], [ 110.807755, -7.645552 ], [ 110.807785, -7.645561 ], [ 110.807959, -7.645616 ], [ 110.808025, -7.645637 ], [ 110.808185, -7.645689 ], [ 110.808374, -7.645751 ], [ 110.808584, -7.64582 ], [ 110.809068, -7.645979 ], [ 110.809472, -7.646111 ], [ 110.809617, -7.646158 ], [ 110.809909, -7.646258 ], [ 110.810126, -7.646333 ], [ 110.810156, -7.646343 ], [ 110.810658, -7.646515 ], [ 110.810871, -7.646588 ], [ 110.811058, -7.646652 ], [ 110.811095, -7.646665 ], [ 110.811217, -7.646707 ], [ 110.811609, -7.64684 ], [ 110.811665, -7.646859 ], [ 110.811835, -7.64692 ], [ 110.811937, -7.646956 ], [ 110.811975, -7.646969 ], [ 110.811989, -7.646974 ], [ 110.812076, -7.647005 ], [ 110.812142, -7.647025 ], [ 110.812313, -7.647084 ], [ 110.812761, -7.647225 ], [ 110.812891, -7.647266 ], [ 110.812987, -7.647296 ], [ 110.813018, -7.647305 ], [ 110.813292, -7.647392 ], [ 110.813464, -7.647445 ], [ 110.813611, -7.647492 ], [ 110.813788, -7.647547 ], [ 110.813885, -7.647578 ], [ 110.814163, -7.647684 ], [ 110.814193, -7.647695 ], [ 110.814279, -7.647703 ], [ 110.814496, -7.647724 ], [ 110.8145, -7.647724 ], [ 110.814657, -7.647739 ], [ 110.81479, -7.647752 ], [ 110.8148, -7.647753 ], [ 110.81484, -7.647756 ], [ 110.814857, -7.647758 ], [ 110.814891, -7.647761 ], [ 110.814893, -7.647756 ], [ 110.814892, -7.647756 ], [ 110.814915, -7.647671 ], [ 110.815237, -7.6465 ], [ 110.815321, -7.646193 ], [ 110.815305, -7.646187 ], [ 110.815125, -7.646122 ], [ 110.815032, -7.646089 ], [ 110.814975, -7.646032 ], [ 110.81495, -7.645961 ], [ 110.815032, -7.645774 ], [ 110.815152, -7.645499 ], [ 110.815409, -7.644914 ], [ 110.815443, -7.644834 ], [ 110.815462, -7.644791 ], [ 110.815531, -7.644635 ], [ 110.816533, -7.644905 ], [ 110.816698, -7.644944 ], [ 110.816761, -7.644938 ], [ 110.816794, -7.644914 ], [ 110.816806, -7.644873 ], [ 110.816807, -7.644822 ], [ 110.816812, -7.644792 ], [ 110.816842, -7.64459 ], [ 110.816889, -7.644457 ], [ 110.816902, -7.644419 ], [ 110.816971, -7.644252 ], [ 110.81704, -7.644168 ], [ 110.817211, -7.644069 ], [ 110.817373, -7.64401 ], [ 110.817466, -7.643977 ], [ 110.817529, -7.643958 ], [ 110.8177, -7.643908 ], [ 110.817722, -7.643908 ], [ 110.817772, -7.643909 ], [ 110.817834, -7.643868 ], [ 110.817855, -7.643854 ], [ 110.818037, -7.643737 ], [ 110.818101, -7.64369 ], [ 110.818145, -7.64362 ], [ 110.818169, -7.643551 ], [ 110.81817, -7.643485 ], [ 110.818146, -7.643415 ], [ 110.81813, -7.643385 ], [ 110.818108, -7.643344 ], [ 110.818042, -7.643278 ], [ 110.818017, -7.643233 ], [ 110.817983, -7.643118 ], [ 110.817982, -7.64307 ], [ 110.817983, -7.643064 ], [ 110.817994, -7.643012 ], [ 110.818043, -7.642883 ], [ 110.818124, -7.642721 ], [ 110.818131, -7.6427 ], [ 110.818158, -7.642624 ], [ 110.818175, -7.642557 ], [ 110.818186, -7.642507 ], [ 110.81819, -7.642436 ], [ 110.818165, -7.642362 ], [ 110.818113, -7.642303 ], [ 110.818054, -7.642273 ], [ 110.817901, -7.642234 ], [ 110.817819, -7.642205 ], [ 110.817787, -7.64218 ], [ 110.81776, -7.642137 ], [ 110.817739, -7.642101 ], [ 110.817726, -7.642049 ], [ 110.817722, -7.642008 ], [ 110.817739, -7.641958 ], [ 110.81779, -7.641848 ], [ 110.817815, -7.641806 ], [ 110.817898, -7.64167 ], [ 110.817946, -7.641603 ], [ 110.817974, -7.641567 ], [ 110.818018, -7.64151 ], [ 110.818169, -7.641244 ], [ 110.818221, -7.641156 ], [ 110.818287, -7.641043 ], [ 110.818364, -7.640892 ], [ 110.818481, -7.64068 ], [ 110.81857, -7.640553 ], [ 110.818599, -7.64051 ], [ 110.818606, -7.640499 ], [ 110.818613, -7.640502 ], [ 110.818614, -7.640502 ], [ 110.818773, -7.640561 ], [ 110.818858, -7.640593 ], [ 110.818869, -7.640597 ], [ 110.819263, -7.640743 ], [ 110.819348, -7.640775 ], [ 110.819353, -7.640752 ], [ 110.819391, -7.640588 ], [ 110.819392, -7.640581 ], [ 110.819395, -7.640568 ], [ 110.819437, -7.640386 ], [ 110.819458, -7.640324 ], [ 110.81946, -7.640317 ], [ 110.819483, -7.640258 ], [ 110.819512, -7.640201 ], [ 110.819558, -7.64016 ], [ 110.819575, -7.640145 ], [ 110.819692, -7.640103 ], [ 110.819766, -7.640074 ], [ 110.819818, -7.64002 ], [ 110.819841, -7.639993 ], [ 110.81986, -7.639971 ], [ 110.819885, -7.639918 ], [ 110.819889, -7.63991 ], [ 110.819919, -7.639819 ], [ 110.819945, -7.63975 ], [ 110.820008, -7.639674 ], [ 110.820012, -7.639669 ], [ 110.82007, -7.639588 ], [ 110.820114, -7.639527 ], [ 110.820131, -7.639478 ], [ 110.820138, -7.639459 ], [ 110.820147, -7.639382 ], [ 110.820145, -7.639328 ], [ 110.820134, -7.639237 ], [ 110.820124, -7.639197 ], [ 110.820077, -7.63911 ], [ 110.819977, -7.63897 ], [ 110.819885, -7.638867 ], [ 110.819826, -7.638778 ], [ 110.819786, -7.638665 ], [ 110.819777, -7.638599 ], [ 110.819785, -7.638558 ], [ 110.819801, -7.638524 ], [ 110.819828, -7.6385 ], [ 110.81987, -7.638488 ], [ 110.819939, -7.638491 ], [ 110.819987, -7.638499 ], [ 110.820073, -7.638499 ], [ 110.820112, -7.638491 ], [ 110.820145, -7.638479 ], [ 110.820173, -7.638469 ], [ 110.820214, -7.638408 ], [ 110.820232, -7.638367 ], [ 110.820239, -7.63831 ], [ 110.820238, -7.638246 ], [ 110.820211, -7.63818 ], [ 110.820203, -7.638165 ], [ 110.820171, -7.638108 ], [ 110.820119, -7.63803 ], [ 110.820075, -7.637969 ], [ 110.820022, -7.63791 ], [ 110.819984, -7.637877 ], [ 110.819887, -7.637813 ], [ 110.819787, -7.637755 ], [ 110.819757, -7.637723 ], [ 110.819735, -7.637684 ], [ 110.819721, -7.637645 ], [ 110.819718, -7.637637 ], [ 110.819712, -7.637599 ], [ 110.819712, -7.637563 ], [ 110.819715, -7.637554 ], [ 110.819722, -7.637531 ], [ 110.819735, -7.637504 ], [ 110.819772, -7.637459 ], [ 110.81982, -7.637414 ], [ 110.819901, -7.637335 ], [ 110.819959, -7.637269 ], [ 110.819986, -7.637241 ], [ 110.820003, -7.637207 ], [ 110.820024, -7.637144 ], [ 110.820029, -7.637103 ], [ 110.820024, -7.63706 ], [ 110.82002, -7.637047 ], [ 110.819999, -7.636981 ], [ 110.819977, -7.636917 ], [ 110.819951, -7.636852 ], [ 110.819918, -7.636797 ], [ 110.819878, -7.636768 ], [ 110.819816, -7.636746 ], [ 110.819705, -7.63673 ], [ 110.819601, -7.636736 ], [ 110.81947, -7.636731 ], [ 110.819369, -7.636704 ], [ 110.819289, -7.636666 ], [ 110.819241, -7.636627 ], [ 110.819185, -7.636555 ], [ 110.819119, -7.636417 ], [ 110.819102, -7.636362 ], [ 110.819073, -7.636354 ], [ 110.819009, -7.63633 ], [ 110.818946, -7.636307 ], [ 110.818853, -7.636264 ], [ 110.818771, -7.636229 ], [ 110.818694, -7.636208 ], [ 110.818637, -7.636186 ], [ 110.818613, -7.636162 ], [ 110.818533, -7.636117 ], [ 110.818503, -7.636103 ], [ 110.818476, -7.636075 ], [ 110.818456, -7.636038 ], [ 110.818448, -7.636002 ], [ 110.818458, -7.635938 ], [ 110.818476, -7.635875 ], [ 110.818515, -7.635732 ], [ 110.818545, -7.635646 ], [ 110.818595, -7.635506 ], [ 110.818606, -7.635487 ], [ 110.818633, -7.635442 ], [ 110.818657, -7.635362 ], [ 110.818684, -7.63527 ], [ 110.818717, -7.63522 ], [ 110.81877, -7.63517 ], [ 110.818824, -7.635145 ], [ 110.818878, -7.635139 ], [ 110.818924, -7.635145 ], [ 110.819117, -7.635177 ], [ 110.819222, -7.63519 ], [ 110.81927, -7.635187 ], [ 110.819318, -7.635165 ], [ 110.819359, -7.635132 ], [ 110.819387, -7.635106 ], [ 110.819416, -7.635057 ], [ 110.819423, -7.635034 ], [ 110.819429, -7.635018 ], [ 110.819436, -7.634961 ], [ 110.819434, -7.634878 ], [ 110.819423, -7.634833 ], [ 110.819388, -7.634775 ], [ 110.819354, -7.634737 ], [ 110.819329, -7.634706 ], [ 110.819302, -7.634682 ], [ 110.819234, -7.634622 ], [ 110.819202, -7.634594 ], [ 110.819184, -7.634573 ], [ 110.819177, -7.634547 ], [ 110.819163, -7.634487 ], [ 110.819131, -7.634385 ], [ 110.819122, -7.634342 ], [ 110.819125, -7.634312 ], [ 110.819142, -7.63426 ], [ 110.819174, -7.634196 ], [ 110.819197, -7.63415 ], [ 110.819212, -7.634069 ], [ 110.819206, -7.633988 ], [ 110.81918, -7.6339 ], [ 110.819158, -7.633853 ], [ 110.819109, -7.633788 ], [ 110.819089, -7.633755 ], [ 110.819077, -7.633719 ], [ 110.819077, -7.633686 ], [ 110.819081, -7.633642 ], [ 110.819087, -7.633593 ], [ 110.81911, -7.633539 ], [ 110.819123, -7.633509 ], [ 110.819151, -7.633478 ], [ 110.819191, -7.633448 ], [ 110.819243, -7.633411 ], [ 110.819281, -7.633387 ], [ 110.819282, -7.633371 ], [ 110.819287, -7.633362 ], [ 110.819322, -7.633288 ], [ 110.819421, -7.633082 ], [ 110.819598, -7.632865 ], [ 110.819732, -7.632783 ], [ 110.819818, -7.632793 ], [ 110.820068, -7.632919 ], [ 110.820462, -7.633065 ], [ 110.820509, -7.633082 ], [ 110.820591, -7.63311 ] ] ] } },
{ "type": "Feature", "properties": { "KAB": "KAB SUKOHARJO", "KEC": "KEC. TAWANGSARI", "Sumber": "RTRW Kab. Sukoharjo & Verifikasi Desa", "Tahun": "2014", "Label": "Kec. Tawangsari", "Luas": 3931.741916 }, "geometry": { "type": "Polygon", "coordinates": [ [ [ 110.777997, -7.6799 ], [ 110.778076, -7.679907 ], [ 110.778343, -7.679878 ], [ 110.77847, -7.67992 ], [ 110.779202, -7.680481 ], [ 110.77954, -7.68074 ], [ 110.780057, -7.68096 ], [ 110.780475, -7.681249 ], [ 110.780561, -7.681152 ], [ 110.780662, -7.681037 ], [ 110.780992, -7.681311 ], [ 110.781013, -7.68129 ], [ 110.78117, -7.681124 ], [ 110.781329, -7.680952 ], [ 110.781334, -7.680947 ], [ 110.781593, -7.680472 ], [ 110.7817, -7.680454 ], [ 110.78178, -7.680441 ], [ 110.782596, -7.680308 ], [ 110.784384, -7.680094 ], [ 110.784831, -7.680079 ], [ 110.785423, -7.680058 ], [ 110.785453, -7.680059 ], [ 110.78631, -7.680077 ], [ 110.786738, -7.680163 ], [ 110.787123, -7.68024 ], [ 110.7873, -7.680314 ], [ 110.787883, -7.680557 ], [ 110.788092, -7.680665 ], [ 110.788656, -7.680955 ], [ 110.788979, -7.681185 ], [ 110.789123, -7.681288 ], [ 110.789318, -7.681426 ], [ 110.789422, -7.681513 ], [ 110.789502, -7.681579 ], [ 110.789905, -7.681915 ], [ 110.789963, -7.682005 ], [ 110.79023, -7.68242 ], [ 110.790231, -7.682422 ], [ 110.790261, -7.68257 ], [ 110.79031, -7.682805 ], [ 110.790318, -7.682847 ], [ 110.790268, -7.682965 ], [ 110.790186, -7.683156 ], [ 110.790083, -7.683399 ], [ 110.790001, -7.683454 ], [ 110.78949, -7.683796 ], [ 110.788891, -7.683958 ], [ 110.788483, -7.684067 ], [ 110.788202, -7.684077 ], [ 110.787977, -7.684085 ], [ 110.78748, -7.684103 ], [ 110.786347, -7.683846 ], [ 110.786203, -7.683813 ], [ 110.78563, -7.683767 ], [ 110.785409, -7.683749 ], [ 110.785206, -7.683763 ], [ 110.784624, -7.683803 ], [ 110.783957, -7.684267 ], [ 110.78374, -7.68442 ], [ 110.783547, -7.684586 ], [ 110.783544, -7.684587 ], [ 110.783532, -7.684597 ], [ 110.782866, -7.685168 ], [ 110.782362, -7.685788 ], [ 110.782131, -7.686072 ], [ 110.781753, -7.686702 ], [ 110.78168, -7.686823 ], [ 110.781579, -7.687024 ], [ 110.781579, -7.687024 ], [ 110.781176, -7.687826 ], [ 110.781618, -7.689446 ], [ 110.782149, -7.690911 ], [ 110.782381, -7.691445 ], [ 110.78241, -7.691512 ], [ 110.782493, -7.691704 ], [ 110.782503, -7.691727 ], [ 110.78253, -7.691788 ], [ 110.782589, -7.691925 ], [ 110.782646, -7.692055 ], [ 110.782685, -7.692146 ], [ 110.782729, -7.692247 ], [ 110.782739, -7.692269 ], [ 110.782799, -7.69239 ], [ 110.782819, -7.69243 ], [ 110.782863, -7.692518 ], [ 110.782926, -7.692646 ], [ 110.782991, -7.692778 ], [ 110.783032, -7.692862 ], [ 110.783091, -7.69298 ], [ 110.783115, -7.69303 ], [ 110.78312, -7.69304 ], [ 110.783259, -7.693244 ], [ 110.7833, -7.693305 ], [ 110.783367, -7.693403 ], [ 110.783509, -7.69361 ], [ 110.783547, -7.693666 ], [ 110.783717, -7.693916 ], [ 110.78374, -7.69395 ], [ 110.783784, -7.693992 ], [ 110.783877, -7.69408 ], [ 110.784038, -7.694234 ], [ 110.784192, -7.69438 ], [ 110.784234, -7.694421 ], [ 110.78436, -7.69454 ], [ 110.784493, -7.694598 ], [ 110.784536, -7.694617 ], [ 110.784641, -7.694663 ], [ 110.784689, -7.694684 ], [ 110.78481, -7.694737 ], [ 110.784888, -7.694771 ], [ 110.785066, -7.694849 ], [ 110.78509, -7.69486 ], [ 110.785093, -7.694857 ], [ 110.785099, -7.694849 ], [ 110.785146, -7.694796 ], [ 110.785164, -7.694775 ], [ 110.785211, -7.694728 ], [ 110.785262, -7.694677 ], [ 110.785443, -7.694495 ], [ 110.785468, -7.694472 ], [ 110.785491, -7.69445 ], [ 110.785773, -7.694251 ], [ 110.785833, -7.69423 ], [ 110.786059, -7.694152 ], [ 110.786176, -7.694132 ], [ 110.786197, -7.694129 ], [ 110.786221, -7.694125 ], [ 110.786363, -7.694103 ], [ 110.78638, -7.6941 ], [ 110.786532, -7.69408 ], [ 110.786694, -7.694059 ], [ 110.786823, -7.694042 ], [ 110.78699, -7.69402 ], [ 110.787137, -7.693974 ], [ 110.78721, -7.693951 ], [ 110.78734, -7.69391 ], [ 110.787342, -7.693909 ], [ 110.787409, -7.693871 ], [ 110.787493, -7.693823 ], [ 110.787977, -7.693547 ], [ 110.788711, -7.693118 ], [ 110.789262, -7.692797 ], [ 110.789717, -7.692589 ], [ 110.789979, -7.692386 ], [ 110.790029, -7.692347 ], [ 110.790139, -7.692261 ], [ 110.790151, -7.692243 ], [ 110.79025, -7.69208 ], [ 110.79035, -7.69197 ], [ 110.790467, -7.691808 ], [ 110.79048, -7.69179 ], [ 110.790636, -7.691395 ], [ 110.79085, -7.69085 ], [ 110.790857, -7.690831 ], [ 110.790858, -7.690829 ], [ 110.79116, -7.69001 ], [ 110.791189, -7.68994 ], [ 110.791226, -7.68984 ], [ 110.791017, -7.689622 ], [ 110.79103, -7.689559 ], [ 110.791217, -7.688682 ], [ 110.791305, -7.688249 ], [ 110.791314, -7.6882 ], [ 110.791484, -7.687361 ], [ 110.791632, -7.686267 ], [ 110.79176, -7.685794 ], [ 110.791773, -7.685745 ], [ 110.791958, -7.685064 ], [ 110.792032, -7.684842 ], [ 110.792132, -7.684541 ], [ 110.792224, -7.684268 ], [ 110.792514, -7.683668 ], [ 110.792608, -7.683472 ], [ 110.792986, -7.682778 ], [ 110.793023, -7.68271 ], [ 110.79317, -7.682441 ], [ 110.793613, -7.681709 ], [ 110.793677, -7.681664 ], [ 110.793743, -7.681617 ], [ 110.793997, -7.681437 ], [ 110.794463, -7.681322 ], [ 110.79447, -7.68132 ], [ 110.794941, -7.681411 ], [ 110.794942, -7.681411 ], [ 110.795094, -7.681486 ], [ 110.795416, -7.681646 ], [ 110.795418, -7.681649 ], [ 110.795887, -7.682325 ], [ 110.795962, -7.68267 ], [ 110.796034, -7.683003 ], [ 110.796064, -7.683709 ], [ 110.795974, -7.684595 ], [ 110.795864, -7.685035 ], [ 110.795767, -7.685418 ], [ 110.795686, -7.685739 ], [ 110.795603, -7.68607 ], [ 110.795471, -7.686594 ], [ 110.795419, -7.686745 ], [ 110.795382, -7.686852 ], [ 110.795288, -7.687124 ], [ 110.795246, -7.687245 ], [ 110.795247, -7.687246 ], [ 110.79515, -7.68753 ], [ 110.794851, -7.688465 ], [ 110.79482, -7.68856 ], [ 110.794813, -7.688624 ], [ 110.794761, -7.689071 ], [ 110.79472, -7.689425 ], [ 110.794697, -7.689576 ], [ 110.794695, -7.68959 ], [ 110.79458, -7.69032 ], [ 110.794599, -7.690496 ], [ 110.794602, -7.690497 ], [ 110.794608, -7.690553 ], [ 110.79467, -7.69114 ], [ 110.79467, -7.691144 ], [ 110.794955, -7.691999 ], [ 110.794977, -7.692067 ], [ 110.794978, -7.692068 ], [ 110.79498, -7.69207 ], [ 110.795061, -7.692436 ], [ 110.795068, -7.692467 ], [ 110.79515, -7.692839 ], [ 110.795016, -7.693267 ], [ 110.794829, -7.693867 ], [ 110.794731, -7.693931 ], [ 110.794382, -7.69416 ], [ 110.794378, -7.694163 ], [ 110.793921, -7.694463 ], [ 110.79343, -7.694833 ], [ 110.792894, -7.695236 ], [ 110.792842, -7.695275 ], [ 110.79278, -7.695322 ], [ 110.792014, -7.695922 ], [ 110.791811, -7.696081 ], [ 110.791576, -7.696396 ], [ 110.791175, -7.696931 ], [ 110.7909, -7.697621 ], [ 110.790886, -7.697655 ], [ 110.790707, -7.698595 ], [ 110.790684, -7.698866 ], [ 110.790638, -7.699419 ], [ 110.79068, -7.69975 ], [ 110.790765, -7.700405 ], [ 110.790796, -7.700503 ], [ 110.790851, -7.700678 ], [ 110.790896, -7.70082 ], [ 110.79094, -7.70096 ], [ 110.790948, -7.700985 ], [ 110.790973, -7.701064 ], [ 110.790981, -7.70109 ], [ 110.790983, -7.701099 ], [ 110.790986, -7.701106 ], [ 110.79099, -7.701119 ], [ 110.790989, -7.701119 ], [ 110.79099, -7.70112 ], [ 110.791496, -7.70156 ], [ 110.79153, -7.70159 ], [ 110.79169, -7.70172 ], [ 110.792004, -7.701976 ], [ 110.792154, -7.702098 ], [ 110.792214, -7.702147 ], [ 110.792421, -7.702315 ], [ 110.7925, -7.70238 ], [ 110.792742, -7.702572 ], [ 110.793127, -7.702877 ], [ 110.79332, -7.70303 ], [ 110.79345, -7.703145 ], [ 110.793582, -7.70326 ], [ 110.7939, -7.70354 ], [ 110.7939, -7.70354 ], [ 110.793978, -7.703501 ], [ 110.794021, -7.703479 ], [ 110.794144, -7.703418 ], [ 110.794177, -7.703402 ], [ 110.7942, -7.70339 ], [ 110.79422, -7.703355 ], [ 110.794229, -7.703339 ], [ 110.79424, -7.70332 ], [ 110.794274, -7.703278 ], [ 110.79431, -7.703233 ], [ 110.794322, -7.703218 ], [ 110.794404, -7.703117 ], [ 110.79453, -7.70296 ], [ 110.794606, -7.702864 ], [ 110.794699, -7.702746 ], [ 110.79479, -7.70263 ], [ 110.79491, -7.702472 ], [ 110.795082, -7.702243 ], [ 110.7951, -7.70222 ], [ 110.795192, -7.702089 ], [ 110.795198, -7.702081 ], [ 110.795293, -7.701954 ], [ 110.795659, -7.701545 ], [ 110.795674, -7.701527 ], [ 110.796085, -7.701068 ], [ 110.796383, -7.700834 ], [ 110.796501, -7.700742 ], [ 110.796969, -7.700399 ], [ 110.796996, -7.700371 ], [ 110.797105, -7.700055 ], [ 110.797264, -7.699467 ], [ 110.79729, -7.699259 ], [ 110.797316, -7.69906 ], [ 110.79726, -7.698979 ], [ 110.796931, -7.698381 ], [ 110.796873, -7.698164 ], [ 110.796797, -7.697875 ], [ 110.796518, -7.697373 ], [ 110.796309, -7.696997 ], [ 110.796323, -7.696608 ], [ 110.796397, -7.696154 ], [ 110.796461, -7.695758 ], [ 110.79648, -7.695721 ], [ 110.796691, -7.695306 ], [ 110.796967, -7.694989 ], [ 110.797223, -7.694924 ], [ 110.797427, -7.694872 ], [ 110.798258, -7.694963 ], [ 110.798636, -7.695041 ], [ 110.799047, -7.695126 ], [ 110.799564, -7.695383 ], [ 110.799794, -7.695497 ], [ 110.800272, -7.695841 ], [ 110.800639, -7.696104 ], [ 110.800931, -7.69641 ], [ 110.801123, -7.69661 ], [ 110.80117, -7.697 ], [ 110.801179, -7.697081 ], [ 110.801201, -7.697318 ], [ 110.801221, -7.697542 ], [ 110.801283, -7.698121 ], [ 110.801283, -7.69842 ], [ 110.801283, -7.698619 ], [ 110.801259, -7.698713 ], [ 110.80122, -7.698863 ], [ 110.801094, -7.69902 ], [ 110.800995, -7.699144 ], [ 110.800887, -7.699279 ], [ 110.800366, -7.699903 ], [ 110.80034, -7.700039 ], [ 110.800317, -7.700166 ], [ 110.800305, -7.700228 ], [ 110.800283, -7.700337 ], [ 110.800445, -7.700558 ], [ 110.800478, -7.700604 ], [ 110.800574, -7.700735 ], [ 110.800588, -7.700754 ], [ 110.800858, -7.701133 ], [ 110.801131, -7.701436 ], [ 110.801568, -7.70192 ], [ 110.801581, -7.701934 ], [ 110.801695, -7.70205 ], [ 110.802106, -7.702472 ], [ 110.802353, -7.702654 ], [ 110.802471, -7.702741 ], [ 110.802794, -7.702979 ], [ 110.80358, -7.703396 ], [ 110.804063, -7.703613 ], [ 110.804627, -7.703785 ], [ 110.804897, -7.703811 ], [ 110.805202, -7.70384 ], [ 110.805619, -7.703731 ], [ 110.806049, -7.703288 ], [ 110.806569, -7.702872 ], [ 110.807048, -7.702601 ], [ 110.807382, -7.702565 ], [ 110.807659, -7.702697 ], [ 110.807801, -7.702764 ], [ 110.808026, -7.703181 ], [ 110.808133, -7.703588 ], [ 110.808179, -7.704131 ], [ 110.807979, -7.704755 ], [ 110.807768, -7.70509 ], [ 110.807645, -7.705285 ], [ 110.80759, -7.705372 ], [ 110.807518, -7.705487 ], [ 110.806764, -7.706455 ], [ 110.806593, -7.706681 ], [ 110.806364, -7.706979 ], [ 110.805838, -7.707558 ], [ 110.805747, -7.707609 ], [ 110.805256, -7.707883 ], [ 110.805225, -7.707893 ], [ 110.804716, -7.708055 ], [ 110.804564, -7.708058 ], [ 110.804279, -7.708064 ], [ 110.803685, -7.707937 ], [ 110.803637, -7.707916 ], [ 110.802567, -7.707457 ], [ 110.802198, -7.707429 ], [ 110.801954, -7.707545 ], [ 110.801703, -7.707664 ], [ 110.801527, -7.707871 ], [ 110.801341, -7.708089 ], [ 110.801309, -7.708173 ], [ 110.801143, -7.708605 ], [ 110.801111, -7.708882 ], [ 110.801077, -7.709187 ], [ 110.801076, -7.709193 ], [ 110.801233, -7.709325 ], [ 110.801302, -7.709384 ], [ 110.801323, -7.709402 ], [ 110.801419, -7.709482 ], [ 110.801922, -7.709799 ], [ 110.802635, -7.710333 ], [ 110.803262, -7.71094 ], [ 110.80337, -7.711053 ], [ 110.803915, -7.711627 ], [ 110.804322, -7.712169 ], [ 110.80434, -7.712192 ], [ 110.804425, -7.712306 ], [ 110.804599, -7.712653 ], [ 110.804681, -7.713032 ], [ 110.804735, -7.713282 ], [ 110.804742, -7.713748 ], [ 110.804748, -7.713817 ], [ 110.804769, -7.714072 ], [ 110.804785, -7.714265 ], [ 110.804842, -7.714401 ], [ 110.805022, -7.714833 ], [ 110.805389, -7.715307 ], [ 110.805885, -7.715867 ], [ 110.806026, -7.715949 ], [ 110.806425, -7.71618 ], [ 110.80653, -7.716242 ], [ 110.806796, -7.716359 ], [ 110.807682, -7.716749 ], [ 110.808568, -7.716831 ], [ 110.809518, -7.716768 ], [ 110.810746, -7.716499 ], [ 110.810754, -7.716497 ], [ 110.811656, -7.716217 ], [ 110.811904, -7.716118 ], [ 110.812698, -7.715801 ], [ 110.812792, -7.715752 ], [ 110.813497, -7.715377 ], [ 110.813983, -7.714838 ], [ 110.814093, -7.714717 ], [ 110.814418, -7.714174 ], [ 110.81494, -7.713532 ], [ 110.814939, -7.71353 ], [ 110.814901, -7.713375 ], [ 110.81491, -7.71337 ], [ 110.815004, -7.713292 ], [ 110.8151, -7.713212 ], [ 110.815359, -7.713102 ], [ 110.815642, -7.713073 ], [ 110.815916, -7.713083 ], [ 110.816141, -7.713217 ], [ 110.816415, -7.713547 ], [ 110.816491, -7.713639 ], [ 110.816578, -7.713828 ], [ 110.816693, -7.714079 ], [ 110.816731, -7.714304 ], [ 110.816582, -7.71539 ], [ 110.816536, -7.715806 ], [ 110.816432, -7.716764 ], [ 110.816453, -7.716965 ], [ 110.816475, -7.717171 ], [ 110.816667, -7.717588 ], [ 110.817094, -7.718081 ], [ 110.817684, -7.718445 ], [ 110.818951, -7.718972 ], [ 110.820721, -7.71971 ], [ 110.820789, -7.719715 ], [ 110.820966, -7.719729 ], [ 110.821374, -7.719911 ], [ 110.821992, -7.720203 ], [ 110.822267, -7.720341 ], [ 110.822327, -7.720371 ], [ 110.822526, -7.72047 ], [ 110.822693, -7.720553 ], [ 110.823168, -7.720754 ], [ 110.823377, -7.720818 ], [ 110.823451, -7.72084 ], [ 110.823864, -7.720965 ], [ 110.824742, -7.721305 ], [ 110.825149, -7.721555 ], [ 110.825514, -7.721827 ], [ 110.825783, -7.722158 ], [ 110.825955, -7.722804 ], [ 110.825948, -7.723018 ], [ 110.825941, -7.723245 ], [ 110.825763, -7.723804 ], [ 110.825674, -7.723983 ], [ 110.825556, -7.724221 ], [ 110.825095, -7.72479 ], [ 110.824615, -7.725283 ], [ 110.824025, -7.725843 ], [ 110.823809, -7.726192 ], [ 110.823684, -7.726599 ], [ 110.823683, -7.727183 ], [ 110.823689, -7.727192 ], [ 110.823862, -7.727466 ], [ 110.823947, -7.7276 ], [ 110.82407, -7.727734 ], [ 110.8241, -7.727768 ], [ 110.82409, -7.7278 ], [ 110.824069, -7.727861 ], [ 110.823962, -7.728171 ], [ 110.82382, -7.72858 ], [ 110.823767, -7.728727 ], [ 110.823642, -7.729075 ], [ 110.823611, -7.729162 ], [ 110.8235, -7.72947 ], [ 110.823179, -7.729901 ], [ 110.824229, -7.730258 ], [ 110.823955, -7.731235 ], [ 110.822376, -7.730996 ], [ 110.8222, -7.73124 ], [ 110.821974, -7.731437 ], [ 110.821824, -7.732196 ], [ 110.821692, -7.732155 ], [ 110.82163, -7.732135 ], [ 110.82095, -7.731922 ], [ 110.820647, -7.731937 ], [ 110.820694, -7.731815 ], [ 110.81962, -7.731563 ], [ 110.818707, -7.73137 ], [ 110.818668, -7.731362 ], [ 110.817611, -7.731138 ], [ 110.816195, -7.730809 ], [ 110.816114, -7.73079 ], [ 110.816009, -7.730766 ], [ 110.814066, -7.730323 ], [ 110.813368, -7.730146 ], [ 110.813306, -7.73013 ], [ 110.812081, -7.729819 ], [ 110.810629, -7.729483 ], [ 110.810011, -7.729304 ], [ 110.80994, -7.729286 ], [ 110.809531, -7.729185 ], [ 110.80821, -7.72886 ], [ 110.808156, -7.728665 ], [ 110.808172, -7.72855 ], [ 110.808183, -7.72847 ], [ 110.808212, -7.72826 ], [ 110.808076, -7.728216 ], [ 110.808076, -7.728216 ], [ 110.807373, -7.728037 ], [ 110.806539, -7.727875 ], [ 110.806514, -7.728044 ], [ 110.806507, -7.72809 ], [ 110.806359, -7.729095 ], [ 110.806296, -7.729493 ], [ 110.806284, -7.72957 ], [ 110.806243, -7.729831 ], [ 110.806048, -7.730797 ], [ 110.80597, -7.7307 ], [ 110.80584, -7.7306 ], [ 110.80548, -7.73048 ], [ 110.80538, -7.73045 ], [ 110.80454, -7.730205 ], [ 110.80449, -7.73019 ], [ 110.80327, -7.72982 ], [ 110.80233, -7.72956 ], [ 110.80192, -7.72939 ], [ 110.80192, -7.72939 ], [ 110.801755, -7.72936 ], [ 110.801593, -7.729342 ], [ 110.801443, -7.729294 ], [ 110.8014, -7.72928 ], [ 110.80162, -7.72972 ], [ 110.80168, -7.72993 ], [ 110.8017, -7.73002 ], [ 110.80173, -7.73032 ], [ 110.80167, -7.7308 ], [ 110.80158, -7.7311 ], [ 110.80149, -7.73129 ], [ 110.80138, -7.73149 ], [ 110.80096, -7.73197 ], [ 110.80068, -7.7322 ], [ 110.80041, -7.73235 ], [ 110.8001, -7.73242 ], [ 110.7999, -7.73247 ], [ 110.79925, -7.73295 ], [ 110.79907, -7.73316 ], [ 110.79903, -7.73324 ], [ 110.79917, -7.73395 ], [ 110.79941, -7.7349 ], [ 110.79974, -7.73544 ], [ 110.80055, -7.73614 ], [ 110.80087, -7.73639 ], [ 110.80095, -7.73668 ], [ 110.80095, -7.73724 ], [ 110.80084, -7.7377 ], [ 110.80065, -7.738 ], [ 110.80016, -7.73808 ], [ 110.79968, -7.73825 ], [ 110.79951, -7.73845 ], [ 110.79946, -7.73882 ], [ 110.79945, -7.73918 ], [ 110.79955, -7.73971 ], [ 110.79969, -7.7401 ], [ 110.7997, -7.7403 ], [ 110.79971, -7.74061 ], [ 110.79965, -7.74084 ], [ 110.79942, -7.74124 ], [ 110.79935, -7.74136 ], [ 110.79927, -7.7415 ], [ 110.79921, -7.74168 ], [ 110.79937, -7.74175 ], [ 110.79983, -7.74179 ], [ 110.80007, -7.74195 ], [ 110.80012, -7.74225 ], [ 110.79998, -7.7425 ], [ 110.79971, -7.7428 ], [ 110.79955, -7.74315 ], [ 110.79951, -7.74343 ], [ 110.79953, -7.74364 ], [ 110.79988, -7.74385 ], [ 110.79992, -7.74387 ], [ 110.79997, -7.74395 ], [ 110.80004, -7.7445 ], [ 110.80004, -7.74485 ], [ 110.80005, -7.74518 ], [ 110.80003, -7.74541 ], [ 110.80002, -7.74556 ], [ 110.80002, -7.74572 ], [ 110.80014, -7.74586 ], [ 110.80024, -7.74593 ], [ 110.80057, -7.74619 ], [ 110.80068, -7.74631 ], [ 110.80067, -7.74661 ], [ 110.800496, -7.747291 ], [ 110.80042, -7.74759 ], [ 110.80032, -7.74813 ], [ 110.80032, -7.74823 ], [ 110.800301, -7.748333 ], [ 110.80011, -7.74937 ], [ 110.80003, -7.74983 ], [ 110.79998, -7.75 ], [ 110.79986, -7.7504 ], [ 110.799822, -7.750619 ], [ 110.79982, -7.75063 ], [ 110.79974, -7.75101 ], [ 110.79975, -7.75117 ], [ 110.80025, -7.75152 ], [ 110.80048, -7.75168 ], [ 110.8006, -7.75182 ], [ 110.800589, -7.751909 ], [ 110.80051, -7.75255 ], [ 110.80051, -7.75267 ], [ 110.80059, -7.75284 ], [ 110.80082, -7.75301 ], [ 110.80114, -7.75319 ], [ 110.80161, -7.75344 ], [ 110.80171, -7.75355 ], [ 110.80178, -7.75378 ], [ 110.80175, -7.75424 ], [ 110.8017, -7.75442 ], [ 110.8016, -7.7545 ], [ 110.80139, -7.7545 ], [ 110.80105, -7.75442 ], [ 110.80066, -7.75431 ], [ 110.80026, -7.75428 ], [ 110.80016, -7.75431 ], [ 110.80008, -7.75452 ], [ 110.80009, -7.75494 ], [ 110.80008, -7.7552 ], [ 110.80002, -7.75529 ], [ 110.79922, -7.75565 ], [ 110.79913, -7.75569 ], [ 110.799108, -7.755735 ], [ 110.79908, -7.75579 ], [ 110.79883, -7.75646 ], [ 110.79861, -7.75736 ], [ 110.7986, -7.75772 ], [ 110.798677, -7.758026 ], [ 110.798929, -7.75852 ], [ 110.799188, -7.758764 ], [ 110.799606, -7.758951 ], [ 110.800282, -7.759123 ], [ 110.800901, -7.75921 ], [ 110.801376, -7.759325 ], [ 110.80175, -7.75954 ], [ 110.80201, -7.75982 ], [ 110.80243, -7.76045 ], [ 110.80269, -7.76081 ], [ 110.80288, -7.76084 ], [ 110.80307, -7.76077 ], [ 110.80312, -7.7607 ], [ 110.8033, -7.76033 ], [ 110.80337, -7.76013 ], [ 110.80348, -7.75955 ], [ 110.80351, -7.75897 ], [ 110.80342, -7.75875 ], [ 110.8034, -7.75855 ], [ 110.80348, -7.75836 ], [ 110.80367, -7.75819 ], [ 110.8038, -7.75818 ], [ 110.80414, -7.7582 ], [ 110.80439, -7.75828 ], [ 110.80472, -7.75848 ], [ 110.80501, -7.75874 ], [ 110.80509, -7.75895 ], [ 110.804988, -7.759117 ], [ 110.804959, -7.759163 ], [ 110.804862, -7.759322 ], [ 110.804833, -7.759456 ], [ 110.804814, -7.759571 ], [ 110.804804, -7.759705 ], [ 110.804804, -7.759829 ], [ 110.804909, -7.760308 ], [ 110.805111, -7.760605 ], [ 110.80559, -7.761065 ], [ 110.805802, -7.761074 ], [ 110.806052, -7.761083 ], [ 110.806099, -7.761084 ], [ 110.80617, -7.761078 ], [ 110.806215, -7.761074 ], [ 110.806314, -7.761065 ], [ 110.806365, -7.761061 ], [ 110.80646, -7.761053 ], [ 110.806541, -7.761046 ], [ 110.806723, -7.761046 ], [ 110.806886, -7.761037 ], [ 110.80703, -7.761046 ], [ 110.807155, -7.761113 ], [ 110.807222, -7.76119 ], [ 110.807328, -7.761305 ], [ 110.807424, -7.761401 ], [ 110.80752, -7.761487 ], [ 110.807596, -7.761563 ], [ 110.807702, -7.761669 ], [ 110.807759, -7.761774 ], [ 110.807855, -7.76188 ], [ 110.80799, -7.762052 ], [ 110.808037, -7.762234 ], [ 110.808037, -7.762416 ], [ 110.808028, -7.76255 ], [ 110.808056, -7.762693 ], [ 110.808166, -7.762859 ], [ 110.80815, -7.76294 ], [ 110.80804, -7.76336 ], [ 110.80775, -7.76366 ], [ 110.80756, -7.76407 ], [ 110.80743, -7.76436 ], [ 110.80728, -7.76476 ], [ 110.807, -7.76513 ], [ 110.80673, -7.76557 ], [ 110.80655, -7.76608 ], [ 110.80633, -7.76689 ], [ 110.80608, -7.76783 ], [ 110.806026, -7.768256 ], [ 110.80599, -7.76854 ], [ 110.80605, -7.76937 ], [ 110.80612, -7.76971 ], [ 110.80637, -7.77033 ], [ 110.806778, -7.771013 ], [ 110.80686, -7.77115 ], [ 110.80746, -7.77182 ], [ 110.80768, -7.77212 ], [ 110.80793, -7.77262 ], [ 110.808038, -7.773201 ], [ 110.806917, -7.773121 ], [ 110.80602, -7.773049 ], [ 110.804916, -7.772977 ], [ 110.803697, -7.772737 ], [ 110.803356, -7.772631 ], [ 110.802704, -7.77232 ], [ 110.801967, -7.771914 ], [ 110.801912, -7.771884 ], [ 110.801845, -7.771855 ], [ 110.801778, -7.771874 ], [ 110.801759, -7.771922 ], [ 110.801735, -7.772004 ], [ 110.801581, -7.772042 ], [ 110.801374, -7.772052 ], [ 110.801116, -7.771982 ], [ 110.800904, -7.771864 ], [ 110.800732, -7.771816 ], [ 110.800506, -7.771797 ], [ 110.800045, -7.771692 ], [ 110.799887, -7.771653 ], [ 110.799407, -7.771643 ], [ 110.798845, -7.771662 ], [ 110.798782, -7.771656 ], [ 110.79858, -7.77164 ], [ 110.7977, -7.7716 ], [ 110.79692, -7.77151 ], [ 110.79627, -7.77133 ], [ 110.79563, -7.77114 ], [ 110.79522, -7.77102 ], [ 110.795, -7.77112 ], [ 110.79467, -7.77121 ], [ 110.79422, -7.77123 ], [ 110.79407, -7.77139 ], [ 110.79389, -7.77146 ], [ 110.79353, -7.77137 ], [ 110.79322, -7.7713 ], [ 110.793158, -7.771057 ], [ 110.793157, -7.771055 ], [ 110.79311, -7.77087 ], [ 110.79291, -7.77027 ], [ 110.79268, -7.76979 ], [ 110.79251, -7.769494 ], [ 110.792505, -7.769485 ], [ 110.79233, -7.76918 ], [ 110.79185, -7.76852 ], [ 110.791435, -7.768114 ], [ 110.791434, -7.768113 ], [ 110.79139, -7.76807 ], [ 110.7909, -7.76765 ], [ 110.79026, -7.76731 ], [ 110.7895, -7.76701 ], [ 110.789124, -7.766924 ], [ 110.789121, -7.766923 ], [ 110.7888, -7.76685 ], [ 110.78839, -7.76668 ], [ 110.78814, -7.76635 ], [ 110.78802, -7.76587 ], [ 110.78786, -7.7654 ], [ 110.789036, -7.764093 ], [ 110.789049, -7.764056 ], [ 110.789056, -7.764018 ], [ 110.789058, -7.76398 ], [ 110.789053, -7.763941 ], [ 110.789042, -7.763904 ], [ 110.789025, -7.763869 ], [ 110.789003, -7.763837 ], [ 110.788976, -7.763809 ], [ 110.788945, -7.763786 ], [ 110.788911, -7.763767 ], [ 110.787265, -7.76335 ], [ 110.786968, -7.76323 ], [ 110.786656, -7.763034 ], [ 110.786143, -7.762679 ], [ 110.785767, -7.762492 ], [ 110.785746, -7.762481 ], [ 110.784847, -7.762032 ], [ 110.783667, -7.761443 ], [ 110.783168, -7.761419 ], [ 110.783019, -7.761424 ], [ 110.782846, -7.761424 ], [ 110.782736, -7.761414 ], [ 110.782601, -7.761414 ], [ 110.782117, -7.761155 ], [ 110.781964, -7.760924 ], [ 110.78188, -7.76029 ], [ 110.78169, -7.7597 ], [ 110.78137, -7.75925 ], [ 110.78056, -7.75877 ], [ 110.7796, -7.7582 ], [ 110.779415, -7.758097 ], [ 110.77915, -7.75795 ], [ 110.779, -7.75773 ], [ 110.778997, -7.757629 ], [ 110.77899, -7.75739 ], [ 110.77902, -7.75692 ], [ 110.778983, -7.756744 ], [ 110.77895, -7.75659 ], [ 110.77864, -7.75633 ], [ 110.77779, -7.75602 ], [ 110.77698, -7.75582 ], [ 110.7765, -7.75577 ], [ 110.77589, -7.75576 ], [ 110.77484, -7.75576 ], [ 110.77408, -7.75588 ], [ 110.77324, -7.75599 ], [ 110.77248, -7.75602 ], [ 110.77172, -7.75597 ], [ 110.77074, -7.75584 ], [ 110.76983, -7.75564 ], [ 110.7686, -7.75547 ], [ 110.76747, -7.75521 ], [ 110.76695, -7.75499 ], [ 110.766927, -7.754978 ], [ 110.76644, -7.75473 ], [ 110.766436, -7.754728 ], [ 110.76643, -7.754725 ], [ 110.76634, -7.75468 ], [ 110.76604, -7.75453 ], [ 110.76564, -7.7544 ], [ 110.76542, -7.75438 ], [ 110.76494, -7.75455 ], [ 110.76454, -7.7547 ], [ 110.76417, -7.75476 ], [ 110.76403, -7.75456 ], [ 110.76395, -7.75444 ], [ 110.76375, -7.75418 ], [ 110.76335, -7.75367 ], [ 110.76312, -7.75359 ], [ 110.76289, -7.75356 ], [ 110.76284, -7.75356 ], [ 110.7625, -7.75357 ], [ 110.76197, -7.75358 ], [ 110.76162, -7.75366 ], [ 110.761439, -7.753725 ], [ 110.76101, -7.75388 ], [ 110.76075, -7.75393 ], [ 110.76065, -7.75392 ], [ 110.76043, -7.7539 ], [ 110.7601, -7.75391 ], [ 110.76003, -7.75392 ], [ 110.75998, -7.75388 ], [ 110.75976, -7.75372 ], [ 110.75944, -7.75368 ], [ 110.75931, -7.75369 ], [ 110.75921, -7.75371 ], [ 110.759, -7.75375 ], [ 110.75876, -7.75376 ], [ 110.75858, -7.75377 ], [ 110.75812, -7.75371 ], [ 110.75803, -7.75369 ], [ 110.75816, -7.75307 ], [ 110.75825, -7.75266 ], [ 110.7583, -7.75245 ], [ 110.75831, -7.75234 ], [ 110.75826, -7.75223 ], [ 110.75799, -7.75208 ], [ 110.75731, -7.75188 ], [ 110.75643, -7.75169 ], [ 110.75562, -7.75156 ], [ 110.75529, -7.751499 ], [ 110.75475, -7.7514 ], [ 110.754259, -7.751289 ], [ 110.75382, -7.75119 ], [ 110.75311, -7.75106 ], [ 110.752578, -7.7509 ], [ 110.75248, -7.75087 ], [ 110.75213, -7.75067 ], [ 110.75183, -7.75049 ], [ 110.7516, -7.75032 ], [ 110.75126, -7.75 ], [ 110.751193, -7.749846 ], [ 110.75119, -7.74984 ], [ 110.75114, -7.74946 ], [ 110.75112, -7.74897 ], [ 110.75109, -7.74845 ], [ 110.751068, -7.74831 ], [ 110.75104, -7.74813 ], [ 110.75085, -7.74757 ], [ 110.750789, -7.747263 ], [ 110.750785, -7.747243 ], [ 110.75075, -7.74707 ], [ 110.75071, -7.74654 ], [ 110.75074, -7.74598 ], [ 110.750806, -7.745558 ], [ 110.75082, -7.74547 ], [ 110.75107, -7.74485 ], [ 110.75122, -7.74446 ], [ 110.75116, -7.7437 ], [ 110.75102, -7.74368 ], [ 110.75072, -7.74364 ], [ 110.75042, -7.74358 ], [ 110.75035, -7.74348 ], [ 110.75019, -7.74324 ], [ 110.75008, -7.74308 ], [ 110.75038, -7.74261 ], [ 110.75053, -7.74234 ], [ 110.75017, -7.74108 ], [ 110.75015, -7.74077 ], [ 110.75055, -7.74005 ], [ 110.75076, -7.73999 ], [ 110.75105, -7.74017 ], [ 110.75185, -7.74064 ], [ 110.75225, -7.74039 ], [ 110.75281, -7.74005 ], [ 110.75345, -7.73971 ], [ 110.75486, -7.73878 ], [ 110.75509, -7.73852 ], [ 110.75528, -7.73803 ], [ 110.75562, -7.7372 ], [ 110.75592, -7.73644 ], [ 110.75612, -7.73567 ], [ 110.75636, -7.73546 ], [ 110.75695, -7.73508 ], [ 110.75762, -7.73458 ], [ 110.75839, -7.73434 ], [ 110.75865, -7.73419 ], [ 110.75872, -7.73355 ], [ 110.75841, -7.73311 ], [ 110.75784, -7.73267 ], [ 110.75747, -7.7324 ], [ 110.75735, -7.7322 ], [ 110.75727, -7.73206 ], [ 110.75735, -7.73169 ], [ 110.75749, -7.7313 ], [ 110.75766, -7.73116 ], [ 110.75785, -7.731 ], [ 110.75807, -7.73101 ], [ 110.75862, -7.73135 ], [ 110.75933, -7.73084 ], [ 110.75951, -7.73033 ], [ 110.75948, -7.72997 ], [ 110.75927, -7.72966 ], [ 110.75941, -7.72951 ], [ 110.75961, -7.72896 ], [ 110.75963, -7.7286 ], [ 110.75944, -7.72829 ], [ 110.75939, -7.72802 ], [ 110.75962, -7.72759 ], [ 110.76007, -7.72696 ], [ 110.76042, -7.72683 ], [ 110.76098, -7.72715 ], [ 110.76106, -7.72721 ], [ 110.7614, -7.72743 ], [ 110.76168, -7.72716 ], [ 110.76194, -7.72682 ], [ 110.76222, -7.72651 ], [ 110.76226, -7.72619 ], [ 110.7621, -7.72591 ], [ 110.76176, -7.72556 ], [ 110.76163, -7.72541 ], [ 110.76164, -7.72524 ], [ 110.76177, -7.72511 ], [ 110.76216, -7.7248 ], [ 110.76341, -7.7244 ], [ 110.76362, -7.72413 ], [ 110.76376, -7.72359 ], [ 110.76388, -7.72262 ], [ 110.76394, -7.72167 ], [ 110.76393, -7.72102 ], [ 110.76393, -7.72063 ], [ 110.76362, -7.71978 ], [ 110.76352, -7.71927 ], [ 110.76355, -7.71921 ], [ 110.76366, -7.71886 ], [ 110.76378, -7.71846 ], [ 110.76381, -7.71839 ], [ 110.76426, -7.71746 ], [ 110.76449, -7.71699 ], [ 110.76468, -7.7166 ], [ 110.76523, -7.71621 ], [ 110.76551, -7.71599 ], [ 110.76582, -7.71563 ], [ 110.76611, -7.71533 ], [ 110.76669, -7.71573 ], [ 110.76687, -7.71617 ], [ 110.76705, -7.71652 ], [ 110.76712, -7.71679 ], [ 110.76738, -7.71691 ], [ 110.76765, -7.71687 ], [ 110.7679, -7.71674 ], [ 110.76817, -7.71636 ], [ 110.76839, -7.71611 ], [ 110.76861, -7.71604 ], [ 110.76875, -7.71613 ], [ 110.76896, -7.7163 ], [ 110.76931, -7.71686 ], [ 110.7695, -7.71715 ], [ 110.7697, -7.71734 ], [ 110.77013, -7.71742 ], [ 110.77018, -7.71743 ], [ 110.77035, -7.71747 ], [ 110.77033, -7.71726 ], [ 110.77034, -7.71694 ], [ 110.77044, -7.7165 ], [ 110.77056, -7.71591 ], [ 110.77056, -7.71575 ], [ 110.77054, -7.71565 ], [ 110.77042, -7.71538 ], [ 110.77022, -7.71516 ], [ 110.76977, -7.71452 ], [ 110.76926, -7.71367 ], [ 110.76918, -7.71333 ], [ 110.76919, -7.71309 ], [ 110.76927, -7.71292 ], [ 110.76942, -7.71277 ], [ 110.76957, -7.71261 ], [ 110.76982, -7.71233 ], [ 110.77007, -7.71214 ], [ 110.77023, -7.7121 ], [ 110.77046, -7.71213 ], [ 110.77053, -7.71217 ], [ 110.77066, -7.71227 ], [ 110.7707, -7.7125 ], [ 110.77063, -7.71279 ], [ 110.77038, -7.71326 ], [ 110.7703, -7.71351 ], [ 110.77034, -7.71366 ], [ 110.77044, -7.71376 ], [ 110.77054, -7.71382 ], [ 110.77059, -7.71384 ], [ 110.77092, -7.71385 ], [ 110.77138, -7.7138 ], [ 110.772062, -7.713256 ], [ 110.77207, -7.71325 ], [ 110.77219, -7.71301 ], [ 110.77227, -7.71262 ], [ 110.77224, -7.71243 ], [ 110.77203, -7.71221 ], [ 110.77169, -7.71192 ], [ 110.77138, -7.71168 ], [ 110.77118, -7.71141 ], [ 110.77113, -7.71134 ], [ 110.77106, -7.7113 ], [ 110.77076, -7.71112 ], [ 110.77054, -7.71102 ], [ 110.77012, -7.71092 ], [ 110.76971, -7.71076 ], [ 110.76952, -7.7106 ], [ 110.76933, -7.71033 ], [ 110.76929, -7.71014 ], [ 110.7693, -7.70972 ], [ 110.76936, -7.70929 ], [ 110.76952, -7.70907 ], [ 110.76977, -7.70872 ], [ 110.76983, -7.70851 ], [ 110.76981, -7.70825 ], [ 110.76973, -7.70812 ], [ 110.76954, -7.708 ], [ 110.76873, -7.70754 ], [ 110.76868, -7.70738 ], [ 110.76869, -7.70718 ], [ 110.76879, -7.70663 ], [ 110.76894, -7.70631 ], [ 110.769, -7.70611 ], [ 110.76896, -7.70606 ], [ 110.76878, -7.70587 ], [ 110.76852, -7.70562 ], [ 110.7681, -7.70528 ], [ 110.76806, -7.70522 ], [ 110.76794, -7.70511 ], [ 110.76775, -7.70487 ], [ 110.76757, -7.70483 ], [ 110.76771, -7.70451 ], [ 110.76786, -7.70413 ], [ 110.767912, -7.704007 ], [ 110.768605, -7.704347 ], [ 110.768894, -7.703414 ], [ 110.76905, -7.70272 ], [ 110.768525, -7.702574 ], [ 110.768531, -7.702559 ], [ 110.768232, -7.70245 ], [ 110.76816, -7.702644 ], [ 110.767786, -7.702529 ], [ 110.768658, -7.700239 ], [ 110.768664, -7.700241 ], [ 110.768807, -7.699888 ], [ 110.769533, -7.700164 ], [ 110.76966, -7.69969 ], [ 110.77001, -7.69858 ], [ 110.77035, -7.69786 ], [ 110.77063, -7.69741 ], [ 110.77098, -7.6966 ], [ 110.77147, -7.69523 ], [ 110.771472, -7.695229 ], [ 110.771917, -7.694142 ], [ 110.772703, -7.69416 ], [ 110.774199, -7.694043 ], [ 110.77428, -7.69388 ], [ 110.77427, -7.69371 ], [ 110.774255, -7.693655 ], [ 110.77418, -7.69337 ], [ 110.774121, -7.693255 ], [ 110.774005, -7.692911 ], [ 110.773322, -7.692013 ], [ 110.772667, -7.692026 ], [ 110.77265, -7.69202 ], [ 110.77174, -7.69213 ], [ 110.77097, -7.69226 ], [ 110.77039, -7.6923 ], [ 110.769511, -7.692254 ], [ 110.769156, -7.692168 ], [ 110.769425, -7.691536 ], [ 110.769665, -7.691096 ], [ 110.76986, -7.69061 ], [ 110.76975, -7.69059 ], [ 110.76971, -7.69057 ], [ 110.76922, -7.69006 ], [ 110.76904, -7.68995 ], [ 110.76874, -7.68986 ], [ 110.7682, -7.68995 ], [ 110.76805, -7.68996 ], [ 110.767309, -7.68983 ], [ 110.767185, -7.689569 ], [ 110.767176, -7.689282 ], [ 110.767157, -7.689129 ], [ 110.767195, -7.688975 ], [ 110.767234, -7.688841 ], [ 110.767272, -7.688688 ], [ 110.767311, -7.688545 ], [ 110.767387, -7.68843 ], [ 110.767503, -7.688315 ], [ 110.767608, -7.688258 ], [ 110.767743, -7.6882 ], [ 110.767877, -7.688143 ], [ 110.767954, -7.688105 ], [ 110.768223, -7.688072 ], [ 110.76888, -7.68845 ], [ 110.76941, -7.6888 ], [ 110.76974, -7.68901 ], [ 110.76988, -7.68892 ], [ 110.77001, -7.68875 ], [ 110.7701, -7.68863 ], [ 110.77051, -7.68712 ], [ 110.7704, -7.68651 ], [ 110.770266, -7.686 ], [ 110.77038, -7.685918 ], [ 110.770429, -7.685852 ], [ 110.770453, -7.685792 ], [ 110.770453, -7.685708 ], [ 110.770447, -7.685643 ], [ 110.770399, -7.685577 ], [ 110.770375, -7.685499 ], [ 110.770099, -7.68508 ], [ 110.769919, -7.684864 ], [ 110.769781, -7.684822 ], [ 110.769703, -7.685001 ], [ 110.76946, -7.68494 ], [ 110.76867, -7.68538 ], [ 110.768454, -7.685527 ], [ 110.76846, -7.685215 ], [ 110.768475, -7.684596 ], [ 110.76844, -7.68424 ], [ 110.76849, -7.68417 ], [ 110.76881, -7.68379 ], [ 110.76901, -7.68374 ], [ 110.7693, -7.68374 ], [ 110.769761, -7.683798 ], [ 110.770619, -7.683614 ], [ 110.770792, -7.68355 ], [ 110.771253, -7.683493 ], [ 110.771505, -7.683493 ], [ 110.771756, -7.6835 ], [ 110.772116, -7.683529 ], [ 110.772527, -7.683529 ], [ 110.77329, -7.683522 ], [ 110.77409, -7.683562 ], [ 110.77416, -7.68354 ], [ 110.77436, -7.68344 ], [ 110.7745, -7.68337 ], [ 110.7748, -7.68324 ], [ 110.77533, -7.683 ], [ 110.77555, -7.68287 ], [ 110.77561, -7.68283 ], [ 110.77585, -7.68269 ], [ 110.77617, -7.68252 ], [ 110.77623, -7.68253 ], [ 110.77633, -7.6826 ], [ 110.77693, -7.68177 ], [ 110.77692, -7.68101 ], [ 110.77623, -7.68012 ], [ 110.77601, -7.67946 ], [ 110.77605, -7.67893 ], [ 110.776062, -7.678556 ], [ 110.776062, -7.678434 ], [ 110.777018, -7.67896 ], [ 110.777027, -7.67896 ], [ 110.777495, -7.679152 ], [ 110.77763, -7.67931 ], [ 110.777889, -7.679562 ], [ 110.777954, -7.679828 ], [ 110.777961, -7.679878 ], [ 110.777997, -7.6799 ] ] ] } },
{ "type": "Feature", "properties": { "KAB": "KAB SUKOHARJO", "KEC": "KEC. BULU", "Sumber": "RTRW Kab. Sukoharjo & Verifikasi Desa", "Tahun": "2014", "Label": "Kec. Bulu", "Luas": 4640.0410574999996 }, "geometry": { "type": "Polygon", "coordinates": [ [ [ 110.831836, -7.728129 ], [ 110.831764, -7.728498 ], [ 110.831639, -7.728756 ], [ 110.831471, -7.729134 ], [ 110.831399, -7.72945 ], [ 110.831385, -7.729512 ], [ 110.831332, -7.729914 ], [ 110.831332, -7.730106 ], [ 110.831394, -7.730503 ], [ 110.831535, -7.730879 ], [ 110.831619, -7.731102 ], [ 110.831686, -7.731207 ], [ 110.831817, -7.731413 ], [ 110.83207, -7.73181 ], [ 110.832217, -7.732011 ], [ 110.832674, -7.732634 ], [ 110.832952, -7.732978 ], [ 110.83299, -7.73321 ], [ 110.83277, -7.73362 ], [ 110.83211, -7.73395 ], [ 110.83185, -7.73426 ], [ 110.8318, -7.73469 ], [ 110.83184, -7.73531 ], [ 110.83177, -7.73567 ], [ 110.83168, -7.73594 ], [ 110.83164, -7.73609 ], [ 110.83154, -7.73631 ], [ 110.83153, -7.73694 ], [ 110.83153, -7.73732 ], [ 110.83172, -7.73746 ], [ 110.8321, -7.73741 ], [ 110.832657, -7.737211 ], [ 110.8328, -7.73716 ], [ 110.83363, -7.73661 ], [ 110.83424, -7.73605 ], [ 110.83443, -7.735904 ], [ 110.834698, -7.736387 ], [ 110.835177, -7.737039 ], [ 110.835427, -7.737364 ], [ 110.835763, -7.737958 ], [ 110.836069, -7.738772 ], [ 110.836328, -7.739107 ], [ 110.836559, -7.739251 ], [ 110.836954, -7.739407 ], [ 110.83693, -7.73974 ], [ 110.83687, -7.73995 ], [ 110.836831, -7.740418 ], [ 110.83679, -7.74092 ], [ 110.83678, -7.74118 ], [ 110.83704, -7.74134 ], [ 110.83729, -7.74148 ], [ 110.83751, -7.742 ], [ 110.83774, -7.74251 ], [ 110.83839, -7.74254 ], [ 110.838917, -7.742574 ], [ 110.83955, -7.742242 ], [ 110.839569, -7.742079 ], [ 110.83954, -7.741926 ], [ 110.83954, -7.741849 ], [ 110.839612, -7.741758 ], [ 110.839751, -7.741634 ], [ 110.840073, -7.741359 ], [ 110.84015, -7.741294 ], [ 110.840337, -7.741074 ], [ 110.840462, -7.740983 ], [ 110.840927, -7.740754 ], [ 110.841344, -7.740598 ], [ 110.841427, -7.740567 ], [ 110.84159, -7.74057 ], [ 110.841688, -7.740534 ], [ 110.841875, -7.740411 ], [ 110.842211, -7.740334 ], [ 110.842432, -7.740363 ], [ 110.842516, -7.740413 ], [ 110.842691, -7.740516 ], [ 110.84275, -7.740572 ], [ 110.842753, -7.740575 ], [ 110.842912, -7.740727 ], [ 110.843219, -7.740967 ], [ 110.843526, -7.741091 ], [ 110.843958, -7.741149 ], [ 110.844159, -7.741158 ], [ 110.844325, -7.741128 ], [ 110.844467, -7.741101 ], [ 110.844755, -7.741034 ], [ 110.845091, -7.740919 ], [ 110.845618, -7.740881 ], [ 110.846079, -7.741025 ], [ 110.846143, -7.741053 ], [ 110.846539, -7.741226 ], [ 110.846874, -7.741373 ], [ 110.84724, -7.741533 ], [ 110.848744, -7.742048 ], [ 110.848788, -7.742063 ], [ 110.849927, -7.742453 ], [ 110.850587, -7.74268 ], [ 110.850983, -7.742817 ], [ 110.851204, -7.743066 ], [ 110.851338, -7.743277 ], [ 110.851482, -7.74366 ], [ 110.851549, -7.743918 ], [ 110.851517, -7.744153 ], [ 110.851516, -7.744163 ], [ 110.851501, -7.744272 ], [ 110.851379, -7.744633 ], [ 110.851203, -7.745153 ], [ 110.851203, -7.74553 ], [ 110.851203, -7.74554 ], [ 110.85119, -7.74557 ], [ 110.851103, -7.745746 ], [ 110.851081, -7.745784 ], [ 110.850819, -7.746235 ], [ 110.850223, -7.747192 ], [ 110.850197, -7.747234 ], [ 110.850172, -7.747276 ], [ 110.849877, -7.747757 ], [ 110.849743, -7.748168 ], [ 110.849647, -7.748637 ], [ 110.849599, -7.749192 ], [ 110.849361, -7.75 ], [ 110.849311, -7.750161 ], [ 110.849218, -7.75037 ], [ 110.849125, -7.75075 ], [ 110.848993, -7.751373 ], [ 110.848847, -7.751808 ], [ 110.848804, -7.752005 ], [ 110.848754, -7.752192 ], [ 110.848814, -7.752426 ], [ 110.848866, -7.752857 ], [ 110.848979, -7.753347 ], [ 110.849125, -7.753578 ], [ 110.849399, -7.754112 ], [ 110.849734, -7.75461 ], [ 110.849994, -7.754921 ], [ 110.850219, -7.755117 ], [ 110.850584, -7.755347 ], [ 110.850977, -7.7555 ], [ 110.851361, -7.755534 ], [ 110.851745, -7.75552 ], [ 110.852182, -7.755467 ], [ 110.85253, -7.755374 ], [ 110.852773, -7.755246 ], [ 110.852986, -7.755069 ], [ 110.853109, -7.754905 ], [ 110.853202, -7.754695 ], [ 110.853259, -7.754609 ], [ 110.853517, -7.754172 ], [ 110.853646, -7.75387 ], [ 110.853715, -7.753673 ], [ 110.853898, -7.753029 ], [ 110.853985, -7.75273 ], [ 110.853985, -7.752425 ], [ 110.853926, -7.75191 ], [ 110.853899, -7.751764 ], [ 110.853941, -7.751163 ], [ 110.853976, -7.750643 ], [ 110.854024, -7.750648 ], [ 110.85402, -7.75052 ], [ 110.85403, -7.75 ], [ 110.85433, -7.74923 ], [ 110.85428, -7.74884 ], [ 110.85413, -7.74835 ], [ 110.854209, -7.748106 ], [ 110.8546, -7.747911 ], [ 110.854962, -7.747672 ], [ 110.855252, -7.747481 ], [ 110.855655, -7.747247 ], [ 110.856099, -7.746989 ], [ 110.856404, -7.746811 ], [ 110.85676, -7.746715 ], [ 110.857163, -7.746744 ], [ 110.857374, -7.746805 ], [ 110.857595, -7.746869 ], [ 110.858305, -7.746984 ], [ 110.8589, -7.747032 ], [ 110.858919, -7.747031 ], [ 110.859236, -7.747023 ], [ 110.859581, -7.746931 ], [ 110.859706, -7.746898 ], [ 110.86009, -7.746879 ], [ 110.860388, -7.746975 ], [ 110.860618, -7.747157 ], [ 110.860912, -7.74743 ], [ 110.861054, -7.747561 ], [ 110.861424, -7.747904 ], [ 110.861505, -7.748009 ], [ 110.861847, -7.748452 ], [ 110.862006, -7.748658 ], [ 110.862038, -7.748699 ], [ 110.862078, -7.748773 ], [ 110.862082, -7.748781 ], [ 110.862212, -7.749021 ], [ 110.862508, -7.74957 ], [ 110.862679, -7.750059 ], [ 110.862796, -7.750394 ], [ 110.86323, -7.75157 ], [ 110.863322, -7.751819 ], [ 110.863361, -7.751925 ], [ 110.863566, -7.75235 ], [ 110.863755, -7.752739 ], [ 110.863894, -7.752928 ], [ 110.864062, -7.753157 ], [ 110.86402, -7.75317 ], [ 110.86373, -7.75325 ], [ 110.863554, -7.753526 ], [ 110.86343, -7.75372 ], [ 110.86328, -7.75397 ], [ 110.86323, -7.75416 ], [ 110.86326, -7.7543 ], [ 110.86329, -7.75435 ], [ 110.86341, -7.75448 ], [ 110.8636, -7.75463 ], [ 110.86384, -7.75517 ], [ 110.86387, -7.75533 ], [ 110.86389, -7.75549 ], [ 110.86393, -7.75575 ], [ 110.86404, -7.75606 ], [ 110.86407, -7.75615 ], [ 110.86395, -7.75624 ], [ 110.86362, -7.75629 ], [ 110.863616, -7.756291 ], [ 110.863377, -7.756375 ], [ 110.863333, -7.756456 ], [ 110.863355, -7.756624 ], [ 110.86343, -7.756693 ], [ 110.863584, -7.756773 ], [ 110.863712, -7.75689 ], [ 110.86374, -7.75694 ], [ 110.863757, -7.756971 ], [ 110.863749, -7.757143 ], [ 110.863747, -7.757145 ], [ 110.863748, -7.75715 ], [ 110.863644, -7.757277 ], [ 110.863539, -7.757329 ], [ 110.863207, -7.757408 ], [ 110.863191, -7.757409 ], [ 110.86311, -7.75744 ], [ 110.862714, -7.757611 ], [ 110.862599, -7.75774 ], [ 110.862483, -7.757998 ], [ 110.862376, -7.758258 ], [ 110.86238, -7.758268 ], [ 110.86232, -7.75837 ], [ 110.86218, -7.75857 ], [ 110.86159, -7.75898 ], [ 110.861537, -7.75899 ], [ 110.861336, -7.759293 ], [ 110.860554, -7.759402 ], [ 110.86077, -7.76003 ], [ 110.860868, -7.760171 ], [ 110.861074, -7.760382 ], [ 110.861154, -7.760479 ], [ 110.861207, -7.760617 ], [ 110.861267, -7.760978 ], [ 110.861295, -7.761075 ], [ 110.861351, -7.761195 ], [ 110.861583, -7.76143 ], [ 110.861798, -7.761579 ], [ 110.861931, -7.761757 ], [ 110.86195, -7.761901 ], [ 110.861943, -7.762055 ], [ 110.861994, -7.762209 ], [ 110.862034, -7.762272 ], [ 110.862037, -7.762478 ], [ 110.862364, -7.762481 ], [ 110.862461, -7.762524 ], [ 110.862557, -7.762736 ], [ 110.862628, -7.763068 ], [ 110.862644, -7.763356 ], [ 110.862708, -7.763595 ], [ 110.862652, -7.763899 ], [ 110.862569, -7.764346 ], [ 110.862515, -7.764658 ], [ 110.862778, -7.764701 ], [ 110.862897, -7.764876 ], [ 110.862802, -7.765191 ], [ 110.862457, -7.765157 ], [ 110.862421, -7.765154 ], [ 110.862383, -7.765512 ], [ 110.86275, -7.76555 ], [ 110.8627, -7.76598 ], [ 110.862665, -7.766079 ], [ 110.86249, -7.766221 ], [ 110.862262, -7.766349 ], [ 110.862027, -7.766441 ], [ 110.8618, -7.766493 ], [ 110.861728, -7.766495 ], [ 110.861237, -7.766467 ], [ 110.861057, -7.766429 ], [ 110.860844, -7.766317 ], [ 110.860701, -7.76626 ], [ 110.860584, -7.766247 ], [ 110.860438, -7.766263 ], [ 110.860247, -7.766308 ], [ 110.860135, -7.766347 ], [ 110.860023, -7.766424 ], [ 110.859943, -7.766528 ], [ 110.859916, -7.766589 ], [ 110.859877, -7.766768 ], [ 110.859841, -7.766989 ], [ 110.85989, -7.76701 ], [ 110.85983, -7.76714 ], [ 110.859793, -7.767231 ], [ 110.85979, -7.76724 ], [ 110.85975, -7.76733 ], [ 110.85966, -7.76753 ], [ 110.85954, -7.76767 ], [ 110.85934, -7.76774 ], [ 110.85898, -7.76767 ], [ 110.85863, -7.7676 ], [ 110.85848, -7.7676 ], [ 110.85835, -7.76774 ], [ 110.85827, -7.76793 ], [ 110.85823, -7.76837 ], [ 110.85825, -7.76885 ], [ 110.85829, -7.76903 ], [ 110.8584, -7.76918 ], [ 110.85906, -7.76937 ], [ 110.85914, -7.76943 ], [ 110.85925, -7.76972 ], [ 110.85925, -7.77 ], [ 110.85919, -7.77021 ], [ 110.85907, -7.77038 ], [ 110.85849, -7.77057 ], [ 110.85834, -7.77063 ], [ 110.85817, -7.7708 ], [ 110.85806, -7.77101 ], [ 110.85803, -7.77123 ], [ 110.85812, -7.77206 ], [ 110.85829, -7.77291 ], [ 110.85837, -7.77328 ], [ 110.85836, -7.77357 ], [ 110.85831, -7.77379 ], [ 110.8582, -7.77397 ], [ 110.85799, -7.77416 ], [ 110.85744, -7.77433 ], [ 110.85727, -7.7744 ], [ 110.85718, -7.77451 ], [ 110.85711, -7.77459 ], [ 110.85707, -7.77467 ], [ 110.85702, -7.7753 ], [ 110.85689, -7.77557 ], [ 110.85676, -7.77599 ], [ 110.85678, -7.7763 ], [ 110.85688, -7.77662 ], [ 110.85703, -7.77689 ], [ 110.85754, -7.77764 ], [ 110.85807, -7.77853 ], [ 110.85805, -7.77867 ], [ 110.85795, -7.77876 ], [ 110.85775, -7.77888 ], [ 110.85754, -7.77904 ], [ 110.85752, -7.77921 ], [ 110.85758, -7.77936 ], [ 110.85774, -7.77947 ], [ 110.85816, -7.77982 ], [ 110.85824, -7.78001 ], [ 110.85822, -7.78017 ], [ 110.85806, -7.78032 ], [ 110.85775, -7.7805 ], [ 110.85681, -7.78097 ], [ 110.85672, -7.7811 ], [ 110.85664, -7.78135 ], [ 110.85649, -7.7818 ], [ 110.85631, -7.78206 ], [ 110.85615, -7.7822 ], [ 110.85591, -7.78229 ], [ 110.85539, -7.78248 ], [ 110.85528, -7.78262 ], [ 110.85527, -7.78275 ], [ 110.85536, -7.78287 ], [ 110.85568, -7.78331 ], [ 110.85572, -7.7835 ], [ 110.8557, -7.78376 ], [ 110.85562, -7.78394 ], [ 110.85548, -7.78409 ], [ 110.85527, -7.7842 ], [ 110.85473, -7.78451 ], [ 110.85468, -7.78469 ], [ 110.85472, -7.78482 ], [ 110.85491, -7.78503 ], [ 110.85579, -7.78614 ], [ 110.85616, -7.78682 ], [ 110.85642, -7.78697 ], [ 110.85676, -7.7872 ], [ 110.85711, -7.78753 ], [ 110.85719, -7.78771 ], [ 110.85721, -7.7878 ], [ 110.85741, -7.78846 ], [ 110.85777, -7.7894 ], [ 110.85776, -7.78971 ], [ 110.85768, -7.78996 ], [ 110.85753, -7.79049 ], [ 110.8576, -7.7908 ], [ 110.85781, -7.7914 ], [ 110.85805, -7.79178 ], [ 110.85867, -7.79253 ], [ 110.85884, -7.79254 ], [ 110.85894, -7.7926 ], [ 110.85899, -7.79279 ], [ 110.85896, -7.7929 ], [ 110.85894, -7.79303 ], [ 110.85907, -7.79317 ], [ 110.85921, -7.79335 ], [ 110.85923, -7.79363 ], [ 110.85916, -7.79385 ], [ 110.85907, -7.79413 ], [ 110.85911, -7.7943 ], [ 110.85924, -7.79451 ], [ 110.85941, -7.79465 ], [ 110.85973, -7.79493 ], [ 110.85979, -7.79517 ], [ 110.85992, -7.79584 ], [ 110.86006, -7.79619 ], [ 110.86001, -7.7962 ], [ 110.85972, -7.79637 ], [ 110.85955, -7.79658 ], [ 110.85942, -7.79685 ], [ 110.85943, -7.79699 ], [ 110.8595, -7.79751 ], [ 110.85939, -7.79766 ], [ 110.85908, -7.79794 ], [ 110.85892, -7.79817 ], [ 110.8588, -7.79837 ], [ 110.85862, -7.79844 ], [ 110.85779, -7.79871 ], [ 110.85767, -7.79892 ], [ 110.85732, -7.79968 ], [ 110.85721, -7.80012 ], [ 110.85736, -7.80019 ], [ 110.85762, -7.80032 ], [ 110.85769, -7.80046 ], [ 110.85766, -7.80052 ], [ 110.85752, -7.8006 ], [ 110.85728, -7.80066 ], [ 110.85694, -7.8007 ], [ 110.8564, -7.80077 ], [ 110.85619, -7.80089 ], [ 110.85604, -7.80107 ], [ 110.8559, -7.80135 ], [ 110.85581, -7.80144 ], [ 110.85582, -7.80156 ], [ 110.85637, -7.80192 ], [ 110.85639, -7.80244 ], [ 110.85644, -7.80265 ], [ 110.85645, -7.80295 ], [ 110.8564, -7.80324 ], [ 110.85616, -7.80402 ], [ 110.85612, -7.80475 ], [ 110.85615, -7.80516 ], [ 110.85623, -7.80541 ], [ 110.8563, -7.8057 ], [ 110.8563, -7.806 ], [ 110.8564, -7.80616 ], [ 110.85653, -7.80635 ], [ 110.85663, -7.80647 ], [ 110.85674, -7.8066 ], [ 110.85675, -7.80671 ], [ 110.85679, -7.80711 ], [ 110.85695, -7.80721 ], [ 110.85726, -7.80742 ], [ 110.85736, -7.80764 ], [ 110.85734, -7.80778 ], [ 110.85733, -7.80798 ], [ 110.85751, -7.80843 ], [ 110.85742, -7.80855 ], [ 110.85733, -7.80875 ], [ 110.85739, -7.80892 ], [ 110.85749, -7.80923 ], [ 110.85748, -7.80933 ], [ 110.85743, -7.81001 ], [ 110.8573, -7.81011 ], [ 110.85706, -7.81028 ], [ 110.857, -7.81048 ], [ 110.857, -7.81073 ], [ 110.85699, -7.81137 ], [ 110.85689, -7.81157 ], [ 110.85672, -7.81185 ], [ 110.85666, -7.81187 ], [ 110.8564, -7.812 ], [ 110.85609, -7.8123 ], [ 110.85579, -7.81271 ], [ 110.85523, -7.81304 ], [ 110.85466, -7.8132 ], [ 110.85419, -7.81323 ], [ 110.85366, -7.81317 ], [ 110.85336, -7.81314 ], [ 110.85307, -7.8131 ], [ 110.85275, -7.81311 ], [ 110.85256, -7.8133 ], [ 110.85222, -7.81362 ], [ 110.85209, -7.81369 ], [ 110.85192, -7.81373 ], [ 110.85138, -7.81393 ], [ 110.85087, -7.81445 ], [ 110.85052, -7.81478 ], [ 110.85027, -7.81494 ], [ 110.84996, -7.81516 ], [ 110.84967, -7.81516 ], [ 110.84923, -7.81492 ], [ 110.84836, -7.81435 ], [ 110.84761, -7.81382 ], [ 110.8468, -7.81352 ], [ 110.84605, -7.81332 ], [ 110.84551, -7.81283 ], [ 110.84534, -7.81237 ], [ 110.84537, -7.81139 ], [ 110.84471, -7.81093 ], [ 110.84401, -7.81031 ], [ 110.84345, -7.80952 ], [ 110.84295, -7.80845 ], [ 110.84228, -7.80736 ], [ 110.84209, -7.80707 ], [ 110.84171, -7.80656 ], [ 110.84137, -7.80618 ], [ 110.84111, -7.80582 ], [ 110.84083, -7.80538 ], [ 110.84072, -7.80495 ], [ 110.84066, -7.80446 ], [ 110.84073, -7.80394 ], [ 110.84096, -7.80351 ], [ 110.84121, -7.80321 ], [ 110.84157, -7.8028 ], [ 110.84173, -7.80232 ], [ 110.84177, -7.80188 ], [ 110.84181, -7.80129 ], [ 110.84178, -7.80064 ], [ 110.84172, -7.80041 ], [ 110.84148, -7.80011 ], [ 110.84122, -7.79993 ], [ 110.841, -7.79972 ], [ 110.84058, -7.7996 ], [ 110.84009, -7.79951 ], [ 110.83945, -7.79942 ], [ 110.83894, -7.79939 ], [ 110.83874, -7.79929 ], [ 110.838637, -7.799075 ], [ 110.83863, -7.79906 ], [ 110.83854, -7.79876 ], [ 110.83842, -7.79824 ], [ 110.83834, -7.79804 ], [ 110.83814, -7.79781 ], [ 110.83784, -7.79758 ], [ 110.83769, -7.79748 ], [ 110.8374, -7.79734 ], [ 110.83714, -7.79724 ], [ 110.83675, -7.79717 ], [ 110.8364, -7.79716 ], [ 110.83621, -7.79721 ], [ 110.83593, -7.79727 ], [ 110.83567, -7.79726 ], [ 110.83538, -7.79723 ], [ 110.83528, -7.79719 ], [ 110.83497, -7.79703 ], [ 110.83474, -7.79682 ], [ 110.83443, -7.79644 ], [ 110.83428, -7.79632 ], [ 110.83403, -7.79605 ], [ 110.83373, -7.79576 ], [ 110.83339, -7.79556 ], [ 110.83284, -7.79535 ], [ 110.83262, -7.79533 ], [ 110.83243, -7.79539 ], [ 110.83213, -7.7955 ], [ 110.83175, -7.79556 ], [ 110.83167, -7.79577 ], [ 110.83155, -7.79586 ], [ 110.83114, -7.79607 ], [ 110.83016, -7.79641 ], [ 110.82943, -7.79658 ], [ 110.82875, -7.79681 ], [ 110.82818, -7.79683 ], [ 110.82805, -7.79684 ], [ 110.82731, -7.79672 ], [ 110.82644, -7.79648 ], [ 110.82544, -7.79586 ], [ 110.82481, -7.79539 ], [ 110.82437, -7.79504 ], [ 110.82415, -7.79488 ], [ 110.82373, -7.79465 ], [ 110.82329, -7.79463 ], [ 110.82306, -7.79464 ], [ 110.82283, -7.79464 ], [ 110.82257, -7.79454 ], [ 110.82215, -7.79438 ], [ 110.822, -7.7945 ], [ 110.82184, -7.79459 ], [ 110.82131, -7.79468 ], [ 110.82116, -7.79475 ], [ 110.82089, -7.79474 ], [ 110.82028, -7.79475 ], [ 110.81976, -7.79484 ], [ 110.81945, -7.79476 ], [ 110.81914, -7.79462 ], [ 110.81889, -7.79456 ], [ 110.81836, -7.79464 ], [ 110.8181, -7.79456 ], [ 110.81783, -7.79442 ], [ 110.81764, -7.79426 ], [ 110.81762, -7.79417 ], [ 110.81755, -7.79408 ], [ 110.81739, -7.79397 ], [ 110.81718, -7.79391 ], [ 110.81683, -7.7938 ], [ 110.81669, -7.79368 ], [ 110.81658, -7.7935 ], [ 110.81642, -7.79328 ], [ 110.81622, -7.79328 ], [ 110.81614, -7.79333 ], [ 110.81612, -7.79345 ], [ 110.81609, -7.79369 ], [ 110.81574, -7.79394 ], [ 110.81558, -7.79397 ], [ 110.81538, -7.79407 ], [ 110.81518, -7.79414 ], [ 110.81468, -7.79422 ], [ 110.8146, -7.7941 ], [ 110.81458, -7.79406 ], [ 110.81431, -7.79341 ], [ 110.81422, -7.79322 ], [ 110.81407, -7.79312 ], [ 110.81351, -7.79302 ], [ 110.81308, -7.79296 ], [ 110.8128, -7.79279 ], [ 110.81255, -7.79253 ], [ 110.81251, -7.79237 ], [ 110.81247, -7.79218 ], [ 110.81234, -7.79195 ], [ 110.81216, -7.79178 ], [ 110.8119, -7.79165 ], [ 110.81171, -7.79163 ], [ 110.8116, -7.79172 ], [ 110.81155, -7.79187 ], [ 110.81141, -7.79223 ], [ 110.81087, -7.79263 ], [ 110.81082, -7.79262 ], [ 110.81064, -7.79244 ], [ 110.8104, -7.79218 ], [ 110.81024, -7.792 ], [ 110.81042, -7.7915 ], [ 110.81047, -7.79139 ], [ 110.81008, -7.79111 ], [ 110.80988, -7.79107 ], [ 110.80971, -7.7911 ], [ 110.80954, -7.79122 ], [ 110.80939, -7.79139 ], [ 110.80922, -7.79147 ], [ 110.809, -7.79147 ], [ 110.80875, -7.79137 ], [ 110.80855, -7.7913 ], [ 110.80809, -7.79157 ], [ 110.80792, -7.79166 ], [ 110.80702, -7.79149 ], [ 110.80686, -7.79143 ], [ 110.806778, -7.791316 ], [ 110.80673, -7.79125 ], [ 110.80665, -7.79112 ], [ 110.80646, -7.791 ], [ 110.80636, -7.79103 ], [ 110.80591, -7.79138 ], [ 110.80539, -7.79159 ], [ 110.80509, -7.79158 ], [ 110.80486, -7.79152 ], [ 110.80469, -7.79138 ], [ 110.80458, -7.79129 ], [ 110.80441, -7.79126 ], [ 110.8043, -7.7913 ], [ 110.80397, -7.79183 ], [ 110.80388, -7.79196 ], [ 110.80375, -7.79199 ], [ 110.8037, -7.792 ], [ 110.80362, -7.79197 ], [ 110.80351, -7.79176 ], [ 110.80342, -7.79153 ], [ 110.80334, -7.79143 ], [ 110.80318, -7.79139 ], [ 110.803147, -7.7914 ], [ 110.80308, -7.79142 ], [ 110.803077, -7.791422 ], [ 110.802805, -7.791294 ], [ 110.802707, -7.791248 ], [ 110.802473, -7.791138 ], [ 110.802455, -7.79113 ], [ 110.802348, -7.79115 ], [ 110.801694, -7.791274 ], [ 110.801322, -7.791344 ], [ 110.80143, -7.790758 ], [ 110.801434, -7.790738 ], [ 110.801532, -7.790208 ], [ 110.801596, -7.7899 ], [ 110.801601, -7.789877 ], [ 110.801695, -7.78943 ], [ 110.8016, -7.78932 ], [ 110.80077, -7.78898 ], [ 110.800666, -7.788923 ], [ 110.80066, -7.788919 ], [ 110.79963, -7.78835 ], [ 110.799604, -7.78831 ], [ 110.79937, -7.78795 ], [ 110.798957, -7.78737 ], [ 110.798948, -7.787357 ], [ 110.7989, -7.78729 ], [ 110.79863, -7.78699 ], [ 110.79745, -7.78638 ], [ 110.79724, -7.78628 ], [ 110.796643, -7.785822 ], [ 110.796633, -7.785814 ], [ 110.79638, -7.78562 ], [ 110.79631, -7.78556 ], [ 110.79566, -7.78519 ], [ 110.79526, -7.78538 ], [ 110.79478, -7.7851 ], [ 110.79497, -7.78465 ], [ 110.79496, -7.78456 ], [ 110.7949, -7.78437 ], [ 110.79482, -7.78418 ], [ 110.79444, -7.78393 ], [ 110.7941, -7.7842 ], [ 110.79406, -7.78419 ], [ 110.793926, -7.784111 ], [ 110.793925, -7.78411 ], [ 110.79379, -7.78403 ], [ 110.79352, -7.78393 ], [ 110.79286, -7.78359 ], [ 110.79259, -7.78299 ], [ 110.79244, -7.78269 ], [ 110.792135, -7.782456 ], [ 110.792126, -7.782449 ], [ 110.79197, -7.78233 ], [ 110.79178, -7.78221 ], [ 110.79112, -7.78189 ], [ 110.79084, -7.78164 ], [ 110.79076, -7.78156 ], [ 110.79075, -7.78146 ], [ 110.79071, -7.7813 ], [ 110.790646, -7.78109 ], [ 110.790637, -7.781062 ], [ 110.790628, -7.781031 ], [ 110.79056, -7.78081 ], [ 110.790523, -7.780659 ], [ 110.790523, -7.780658 ], [ 110.790516, -7.780631 ], [ 110.790484, -7.780499 ], [ 110.79047, -7.78044 ], [ 110.79039, -7.78027 ], [ 110.79035, -7.7802 ], [ 110.790305, -7.780121 ], [ 110.790187, -7.780175 ], [ 110.790067, -7.780223 ], [ 110.789945, -7.780266 ], [ 110.78982, -7.780304 ], [ 110.789695, -7.780335 ], [ 110.789567, -7.780361 ], [ 110.789533, -7.780364 ], [ 110.789526, -7.780365 ], [ 110.789484, -7.780363 ], [ 110.789443, -7.780356 ], [ 110.789403, -7.780343 ], [ 110.789366, -7.780324 ], [ 110.789345, -7.78031 ], [ 110.789331, -7.780301 ], [ 110.7893, -7.780273 ], [ 110.789273, -7.780242 ], [ 110.78927, -7.780236 ], [ 110.789251, -7.780206 ], [ 110.789228, -7.780149 ], [ 110.78921, -7.780089 ], [ 110.789198, -7.780028 ], [ 110.789192, -7.779966 ], [ 110.789192, -7.779903 ], [ 110.789198, -7.779841 ], [ 110.789198, -7.779841 ], [ 110.78921, -7.77978 ], [ 110.789231, -7.779733 ], [ 110.789255, -7.779688 ], [ 110.789271, -7.779628 ], [ 110.789281, -7.779567 ], [ 110.789287, -7.779506 ], [ 110.789287, -7.779444 ], [ 110.789282, -7.779382 ], [ 110.78928, -7.779325 ], [ 110.789284, -7.779267 ], [ 110.789293, -7.77921 ], [ 110.789309, -7.779155 ], [ 110.78933, -7.779101 ], [ 110.789335, -7.779043 ], [ 110.789334, -7.778986 ], [ 110.789326, -7.778928 ], [ 110.789313, -7.778872 ], [ 110.789293, -7.778817 ], [ 110.789268, -7.778765 ], [ 110.789238, -7.778715 ], [ 110.789152, -7.778592 ], [ 110.789086, -7.778505 ], [ 110.789062, -7.778473 ], [ 110.789033, -7.778438 ], [ 110.789025, -7.778429 ], [ 110.788966, -7.778357 ], [ 110.788945, -7.778333 ], [ 110.788893, -7.778276 ], [ 110.788866, -7.778246 ], [ 110.788787, -7.778164 ], [ 110.788761, -7.778138 ], [ 110.788652, -7.778035 ], [ 110.788539, -7.777937 ], [ 110.788417, -7.777873 ], [ 110.788298, -7.777803 ], [ 110.788272, -7.777787 ], [ 110.788183, -7.777728 ], [ 110.788071, -7.777647 ], [ 110.787995, -7.7776 ], [ 110.787922, -7.777548 ], [ 110.787854, -7.77749 ], [ 110.787819, -7.777457 ], [ 110.787789, -7.777428 ], [ 110.787744, -7.777382 ], [ 110.787729, -7.777365 ], [ 110.787702, -7.777332 ], [ 110.787666, -7.777278 ], [ 110.787635, -7.777221 ], [ 110.787742, -7.777158 ], [ 110.787846, -7.77709 ], [ 110.787946, -7.777017 ], [ 110.788042, -7.776938 ], [ 110.788145, -7.776825 ], [ 110.788253, -7.776718 ], [ 110.788365, -7.776615 ], [ 110.788482, -7.776517 ], [ 110.788604, -7.776425 ], [ 110.788729, -7.776338 ], [ 110.78891, -7.776265 ], [ 110.789094, -7.776198 ], [ 110.789279, -7.776136 ], [ 110.789467, -7.77608 ], [ 110.789655, -7.776029 ], [ 110.789874, -7.775971 ], [ 110.790091, -7.775908 ], [ 110.790306, -7.775838 ], [ 110.790308, -7.77584 ], [ 110.79037, -7.77566 ], [ 110.7904, -7.77518 ], [ 110.790397, -7.775132 ], [ 110.790396, -7.775122 ], [ 110.790394, -7.775084 ], [ 110.79037, -7.77472 ], [ 110.790405, -7.773949 ], [ 110.79041, -7.77385 ], [ 110.790413, -7.7738 ], [ 110.790413, -7.773793 ], [ 110.79045, -7.77317 ], [ 110.79061, -7.77262 ], [ 110.79084, -7.7723 ], [ 110.791089, -7.772161 ], [ 110.791098, -7.772156 ], [ 110.791157, -7.772123 ], [ 110.79134, -7.77202 ], [ 110.792, -7.77167 ], [ 110.79269, -7.77141 ], [ 110.79322, -7.7713 ], [ 110.79353, -7.77137 ], [ 110.79389, -7.77146 ], [ 110.79407, -7.77139 ], [ 110.79422, -7.77123 ], [ 110.79467, -7.77121 ], [ 110.795, -7.77112 ], [ 110.79522, -7.77102 ], [ 110.79563, -7.77114 ], [ 110.79627, -7.77133 ], [ 110.79692, -7.77151 ], [ 110.7977, -7.7716 ], [ 110.79858, -7.77164 ], [ 110.798782, -7.771656 ], [ 110.798845, -7.771662 ], [ 110.799407, -7.771643 ], [ 110.799887, -7.771653 ], [ 110.800045, -7.771692 ], [ 110.800506, -7.771797 ], [ 110.800732, -7.771816 ], [ 110.800904, -7.771864 ], [ 110.801116, -7.771982 ], [ 110.801374, -7.772052 ], [ 110.801581, -7.772042 ], [ 110.801735, -7.772004 ], [ 110.801759, -7.771922 ], [ 110.801778, -7.771874 ], [ 110.801845, -7.771855 ], [ 110.801912, -7.771884 ], [ 110.801967, -7.771914 ], [ 110.802704, -7.77232 ], [ 110.803356, -7.772631 ], [ 110.803697, -7.772737 ], [ 110.804916, -7.772977 ], [ 110.80602, -7.773049 ], [ 110.806917, -7.773121 ], [ 110.808038, -7.773201 ], [ 110.80793, -7.77262 ], [ 110.80768, -7.77212 ], [ 110.80746, -7.77182 ], [ 110.80686, -7.77115 ], [ 110.806778, -7.771013 ], [ 110.80637, -7.77033 ], [ 110.80612, -7.76971 ], [ 110.80605, -7.76937 ], [ 110.80599, -7.76854 ], [ 110.806026, -7.768256 ], [ 110.80608, -7.76783 ], [ 110.80633, -7.76689 ], [ 110.80655, -7.76608 ], [ 110.80673, -7.76557 ], [ 110.807, -7.76513 ], [ 110.80728, -7.76476 ], [ 110.80743, -7.76436 ], [ 110.80756, -7.76407 ], [ 110.80775, -7.76366 ], [ 110.80804, -7.76336 ], [ 110.80815, -7.76294 ], [ 110.808166, -7.762859 ], [ 110.808056, -7.762693 ], [ 110.808028, -7.76255 ], [ 110.808037, -7.762416 ], [ 110.808037, -7.762234 ], [ 110.80799, -7.762052 ], [ 110.807855, -7.76188 ], [ 110.807759, -7.761774 ], [ 110.807702, -7.761669 ], [ 110.807596, -7.761563 ], [ 110.80752, -7.761487 ], [ 110.807424, -7.761401 ], [ 110.807328, -7.761305 ], [ 110.807222, -7.76119 ], [ 110.807155, -7.761113 ], [ 110.80703, -7.761046 ], [ 110.806886, -7.761037 ], [ 110.806723, -7.761046 ], [ 110.806541, -7.761046 ], [ 110.80646, -7.761053 ], [ 110.806365, -7.761061 ], [ 110.806314, -7.761065 ], [ 110.806215, -7.761074 ], [ 110.80617, -7.761078 ], [ 110.806099, -7.761084 ], [ 110.806052, -7.761083 ], [ 110.805802, -7.761074 ], [ 110.80559, -7.761065 ], [ 110.805111, -7.760605 ], [ 110.804909, -7.760308 ], [ 110.804804, -7.759829 ], [ 110.804804, -7.759705 ], [ 110.804814, -7.759571 ], [ 110.804833, -7.759456 ], [ 110.804862, -7.759322 ], [ 110.804959, -7.759163 ], [ 110.804988, -7.759117 ], [ 110.80509, -7.75895 ], [ 110.80501, -7.75874 ], [ 110.80472, -7.75848 ], [ 110.80439, -7.75828 ], [ 110.80414, -7.7582 ], [ 110.8038, -7.75818 ], [ 110.80367, -7.75819 ], [ 110.80348, -7.75836 ], [ 110.8034, -7.75855 ], [ 110.80342, -7.75875 ], [ 110.80351, -7.75897 ], [ 110.80348, -7.75955 ], [ 110.80337, -7.76013 ], [ 110.8033, -7.76033 ], [ 110.80312, -7.7607 ], [ 110.80307, -7.76077 ], [ 110.80288, -7.76084 ], [ 110.80269, -7.76081 ], [ 110.80243, -7.76045 ], [ 110.80201, -7.75982 ], [ 110.80175, -7.75954 ], [ 110.801376, -7.759325 ], [ 110.800901, -7.75921 ], [ 110.800282, -7.759123 ], [ 110.799606, -7.758951 ], [ 110.799188, -7.758764 ], [ 110.798929, -7.75852 ], [ 110.798677, -7.758026 ], [ 110.7986, -7.75772 ], [ 110.79861, -7.75736 ], [ 110.79883, -7.75646 ], [ 110.79908, -7.75579 ], [ 110.799108, -7.755735 ], [ 110.79913, -7.75569 ], [ 110.79922, -7.75565 ], [ 110.80002, -7.75529 ], [ 110.80008, -7.7552 ], [ 110.80009, -7.75494 ], [ 110.80008, -7.75452 ], [ 110.80016, -7.75431 ], [ 110.80026, -7.75428 ], [ 110.80066, -7.75431 ], [ 110.80105, -7.75442 ], [ 110.80139, -7.7545 ], [ 110.8016, -7.7545 ], [ 110.8017, -7.75442 ], [ 110.80175, -7.75424 ], [ 110.80178, -7.75378 ], [ 110.80171, -7.75355 ], [ 110.80161, -7.75344 ], [ 110.80114, -7.75319 ], [ 110.80082, -7.75301 ], [ 110.80059, -7.75284 ], [ 110.80051, -7.75267 ], [ 110.80051, -7.75255 ], [ 110.800589, -7.751909 ], [ 110.8006, -7.75182 ], [ 110.80048, -7.75168 ], [ 110.80025, -7.75152 ], [ 110.79975, -7.75117 ], [ 110.79974, -7.75101 ], [ 110.79982, -7.75063 ], [ 110.799822, -7.750619 ], [ 110.79986, -7.7504 ], [ 110.79998, -7.75 ], [ 110.80003, -7.74983 ], [ 110.80011, -7.74937 ], [ 110.800301, -7.748333 ], [ 110.80032, -7.74823 ], [ 110.80032, -7.74813 ], [ 110.80042, -7.74759 ], [ 110.800496, -7.747291 ], [ 110.80067, -7.74661 ], [ 110.80068, -7.74631 ], [ 110.80057, -7.74619 ], [ 110.80024, -7.74593 ], [ 110.80014, -7.74586 ], [ 110.80002, -7.74572 ], [ 110.80002, -7.74556 ], [ 110.80003, -7.74541 ], [ 110.80005, -7.74518 ], [ 110.80004, -7.74485 ], [ 110.80004, -7.7445 ], [ 110.79997, -7.74395 ], [ 110.79992, -7.74387 ], [ 110.79988, -7.74385 ], [ 110.79953, -7.74364 ], [ 110.79951, -7.74343 ], [ 110.79955, -7.74315 ], [ 110.79971, -7.7428 ], [ 110.79998, -7.7425 ], [ 110.80012, -7.74225 ], [ 110.80007, -7.74195 ], [ 110.79983, -7.74179 ], [ 110.79937, -7.74175 ], [ 110.79921, -7.74168 ], [ 110.79927, -7.7415 ], [ 110.79935, -7.74136 ], [ 110.79942, -7.74124 ], [ 110.79965, -7.74084 ], [ 110.79971, -7.74061 ], [ 110.7997, -7.7403 ], [ 110.79969, -7.7401 ], [ 110.79955, -7.73971 ], [ 110.79945, -7.73918 ], [ 110.79946, -7.73882 ], [ 110.79951, -7.73845 ], [ 110.79968, -7.73825 ], [ 110.80016, -7.73808 ], [ 110.80065, -7.738 ], [ 110.80084, -7.7377 ], [ 110.80095, -7.73724 ], [ 110.80095, -7.73668 ], [ 110.80087, -7.73639 ], [ 110.80055, -7.73614 ], [ 110.79974, -7.73544 ], [ 110.79941, -7.7349 ], [ 110.79917, -7.73395 ], [ 110.79903, -7.73324 ], [ 110.79907, -7.73316 ], [ 110.79925, -7.73295 ], [ 110.7999, -7.73247 ], [ 110.8001, -7.73242 ], [ 110.80041, -7.73235 ], [ 110.80068, -7.7322 ], [ 110.80096, -7.73197 ], [ 110.80138, -7.73149 ], [ 110.80149, -7.73129 ], [ 110.80158, -7.7311 ], [ 110.80167, -7.7308 ], [ 110.80173, -7.73032 ], [ 110.8017, -7.73002 ], [ 110.80168, -7.72993 ], [ 110.80162, -7.72972 ], [ 110.8014, -7.72928 ], [ 110.801443, -7.729294 ], [ 110.801593, -7.729342 ], [ 110.801755, -7.72936 ], [ 110.80192, -7.72939 ], [ 110.80192, -7.72939 ], [ 110.80233, -7.72956 ], [ 110.80327, -7.72982 ], [ 110.80449, -7.73019 ], [ 110.80454, -7.730205 ], [ 110.80538, -7.73045 ], [ 110.80548, -7.73048 ], [ 110.80584, -7.7306 ], [ 110.80597, -7.7307 ], [ 110.806048, -7.730797 ], [ 110.806243, -7.729831 ], [ 110.806284, -7.72957 ], [ 110.806296, -7.729493 ], [ 110.806359, -7.729095 ], [ 110.806507, -7.72809 ], [ 110.806514, -7.728044 ], [ 110.806539, -7.727875 ], [ 110.807373, -7.728037 ], [ 110.808076, -7.728216 ], [ 110.808076, -7.728216 ], [ 110.808212, -7.72826 ], [ 110.808183, -7.72847 ], [ 110.808172, -7.72855 ], [ 110.808156, -7.728665 ], [ 110.80821, -7.72886 ], [ 110.809531, -7.729185 ], [ 110.80994, -7.729286 ], [ 110.810011, -7.729304 ], [ 110.810629, -7.729483 ], [ 110.812081, -7.729819 ], [ 110.813306, -7.73013 ], [ 110.813368, -7.730146 ], [ 110.814066, -7.730323 ], [ 110.816009, -7.730766 ], [ 110.816114, -7.73079 ], [ 110.816195, -7.730809 ], [ 110.817611, -7.731138 ], [ 110.818668, -7.731362 ], [ 110.818707, -7.73137 ], [ 110.81962, -7.731563 ], [ 110.820694, -7.731815 ], [ 110.820647, -7.731937 ], [ 110.82095, -7.731922 ], [ 110.82163, -7.732135 ], [ 110.821692, -7.732155 ], [ 110.821824, -7.732196 ], [ 110.821974, -7.731437 ], [ 110.8222, -7.73124 ], [ 110.822376, -7.730996 ], [ 110.823955, -7.731235 ], [ 110.824229, -7.730258 ], [ 110.823179, -7.729901 ], [ 110.8235, -7.72947 ], [ 110.823611, -7.729162 ], [ 110.823642, -7.729075 ], [ 110.823767, -7.728727 ], [ 110.82382, -7.72858 ], [ 110.823962, -7.728171 ], [ 110.824069, -7.727861 ], [ 110.82409, -7.7278 ], [ 110.8241, -7.727768 ], [ 110.82413, -7.727801 ], [ 110.824557, -7.727997 ], [ 110.824695, -7.728035 ], [ 110.825027, -7.728127 ], [ 110.825339, -7.728184 ], [ 110.825611, -7.728175 ], [ 110.825751, -7.72817 ], [ 110.825897, -7.728152 ], [ 110.826063, -7.728132 ], [ 110.826342, -7.72807 ], [ 110.826743, -7.727887 ], [ 110.827633, -7.727481 ], [ 110.828325, -7.727194 ], [ 110.828439, -7.727147 ], [ 110.829058, -7.726864 ], [ 110.829557, -7.726673 ], [ 110.829913, -7.72653 ], [ 110.830258, -7.726305 ], [ 110.830484, -7.726195 ], [ 110.830776, -7.726142 ], [ 110.830973, -7.726162 ], [ 110.831184, -7.726195 ], [ 110.8314, -7.726315 ], [ 110.831621, -7.726517 ], [ 110.83164, -7.726535 ], [ 110.831774, -7.72677 ], [ 110.831861, -7.727071 ], [ 110.831887, -7.727195 ], [ 110.831917, -7.727337 ], [ 110.831952, -7.727502 ], [ 110.831904, -7.727761 ], [ 110.831871, -7.727937 ], [ 110.831836, -7.728129 ] ] ] } },
{ "type": "Feature", "properties": { "KAB": "KAB SUKOHARJO", "KEC": "KEC. WERU", "Sumber": "RTRW Kab. Sukoharjo & Verifikasi Desa", "Tahun": "2014", "Label": "Kec. Weru", "Luas": 4560.1162893000001 }, "geometry": { "type": "Polygon", "coordinates": [ [ [ 110.75112, -7.74897 ], [ 110.75114, -7.74946 ], [ 110.75119, -7.74984 ], [ 110.751193, -7.749846 ], [ 110.75126, -7.75 ], [ 110.7516, -7.75032 ], [ 110.75183, -7.75049 ], [ 110.75213, -7.75067 ], [ 110.75248, -7.75087 ], [ 110.752578, -7.7509 ], [ 110.75311, -7.75106 ], [ 110.75382, -7.75119 ], [ 110.754259, -7.751289 ], [ 110.75475, -7.7514 ], [ 110.75529, -7.751499 ], [ 110.75562, -7.75156 ], [ 110.75643, -7.75169 ], [ 110.75731, -7.75188 ], [ 110.75799, -7.75208 ], [ 110.75826, -7.75223 ], [ 110.75831, -7.75234 ], [ 110.7583, -7.75245 ], [ 110.75825, -7.75266 ], [ 110.75816, -7.75307 ], [ 110.75803, -7.75369 ], [ 110.75812, -7.75371 ], [ 110.75858, -7.75377 ], [ 110.75876, -7.75376 ], [ 110.759, -7.75375 ], [ 110.75921, -7.75371 ], [ 110.75931, -7.75369 ], [ 110.75944, -7.75368 ], [ 110.75976, -7.75372 ], [ 110.75998, -7.75388 ], [ 110.76003, -7.75392 ], [ 110.7601, -7.75391 ], [ 110.76043, -7.7539 ], [ 110.76065, -7.75392 ], [ 110.76075, -7.75393 ], [ 110.76101, -7.75388 ], [ 110.761439, -7.753725 ], [ 110.76162, -7.75366 ], [ 110.76197, -7.75358 ], [ 110.7625, -7.75357 ], [ 110.76284, -7.75356 ], [ 110.76289, -7.75356 ], [ 110.76312, -7.75359 ], [ 110.76335, -7.75367 ], [ 110.76375, -7.75418 ], [ 110.76395, -7.75444 ], [ 110.76403, -7.75456 ], [ 110.76417, -7.75476 ], [ 110.76454, -7.7547 ], [ 110.76494, -7.75455 ], [ 110.76542, -7.75438 ], [ 110.76564, -7.7544 ], [ 110.76604, -7.75453 ], [ 110.76634, -7.75468 ], [ 110.76643, -7.754725 ], [ 110.766436, -7.754728 ], [ 110.76644, -7.75473 ], [ 110.766927, -7.754978 ], [ 110.76695, -7.75499 ], [ 110.76747, -7.75521 ], [ 110.7686, -7.75547 ], [ 110.76983, -7.75564 ], [ 110.77074, -7.75584 ], [ 110.77172, -7.75597 ], [ 110.77248, -7.75602 ], [ 110.77324, -7.75599 ], [ 110.77408, -7.75588 ], [ 110.77484, -7.75576 ], [ 110.77589, -7.75576 ], [ 110.7765, -7.75577 ], [ 110.77698, -7.75582 ], [ 110.77779, -7.75602 ], [ 110.77864, -7.75633 ], [ 110.77895, -7.75659 ], [ 110.778983, -7.756744 ], [ 110.77902, -7.75692 ], [ 110.77899, -7.75739 ], [ 110.778997, -7.757629 ], [ 110.779, -7.75773 ], [ 110.77915, -7.75795 ], [ 110.779415, -7.758097 ], [ 110.7796, -7.7582 ], [ 110.78056, -7.75877 ], [ 110.78137, -7.75925 ], [ 110.78169, -7.7597 ], [ 110.78188, -7.76029 ], [ 110.781964, -7.760924 ], [ 110.782117, -7.761155 ], [ 110.782601, -7.761414 ], [ 110.782736, -7.761414 ], [ 110.782846, -7.761424 ], [ 110.783019, -7.761424 ], [ 110.783168, -7.761419 ], [ 110.783667, -7.761443 ], [ 110.784847, -7.762032 ], [ 110.785746, -7.762481 ], [ 110.785767, -7.762492 ], [ 110.786143, -7.762679 ], [ 110.786656, -7.763034 ], [ 110.786968, -7.76323 ], [ 110.787265, -7.76335 ], [ 110.788911, -7.763767 ], [ 110.788945, -7.763786 ], [ 110.788976, -7.763809 ], [ 110.789003, -7.763837 ], [ 110.789025, -7.763869 ], [ 110.789042, -7.763904 ], [ 110.789053, -7.763941 ], [ 110.789058, -7.76398 ], [ 110.789056, -7.764018 ], [ 110.789049, -7.764056 ], [ 110.789036, -7.764093 ], [ 110.78786, -7.7654 ], [ 110.78802, -7.76587 ], [ 110.78814, -7.76635 ], [ 110.78839, -7.76668 ], [ 110.7888, -7.76685 ], [ 110.789121, -7.766923 ], [ 110.789124, -7.766924 ], [ 110.7895, -7.76701 ], [ 110.79026, -7.76731 ], [ 110.7909, -7.76765 ], [ 110.79139, -7.76807 ], [ 110.791434, -7.768113 ], [ 110.791435, -7.768114 ], [ 110.79185, -7.76852 ], [ 110.79233, -7.76918 ], [ 110.792505, -7.769485 ], [ 110.79251, -7.769494 ], [ 110.79268, -7.76979 ], [ 110.79291, -7.77027 ], [ 110.79311, -7.77087 ], [ 110.793157, -7.771055 ], [ 110.793158, -7.771057 ], [ 110.79322, -7.7713 ], [ 110.79269, -7.77141 ], [ 110.792, -7.77167 ], [ 110.79134, -7.77202 ], [ 110.791157, -7.772123 ], [ 110.791098, -7.772156 ], [ 110.791089, -7.772161 ], [ 110.79084, -7.7723 ], [ 110.79061, -7.77262 ], [ 110.79045, -7.77317 ], [ 110.790413, -7.773793 ], [ 110.790413, -7.7738 ], [ 110.79041, -7.77385 ], [ 110.790405, -7.773949 ], [ 110.79037, -7.77472 ], [ 110.790394, -7.775084 ], [ 110.790396, -7.775122 ], [ 110.790397, -7.775132 ], [ 110.7904, -7.77518 ], [ 110.79037, -7.77566 ], [ 110.790308, -7.77584 ], [ 110.790306, -7.775838 ], [ 110.790091, -7.775908 ], [ 110.789874, -7.775971 ], [ 110.789655, -7.776029 ], [ 110.789467, -7.77608 ], [ 110.789279, -7.776136 ], [ 110.789094, -7.776198 ], [ 110.78891, -7.776265 ], [ 110.788729, -7.776338 ], [ 110.788604, -7.776425 ], [ 110.788482, -7.776517 ], [ 110.788365, -7.776615 ], [ 110.788253, -7.776718 ], [ 110.788145, -7.776825 ], [ 110.788042, -7.776938 ], [ 110.787946, -7.777017 ], [ 110.787846, -7.77709 ], [ 110.787742, -7.777158 ], [ 110.787635, -7.777221 ], [ 110.787666, -7.777278 ], [ 110.787702, -7.777332 ], [ 110.787729, -7.777365 ], [ 110.787744, -7.777382 ], [ 110.787789, -7.777428 ], [ 110.787819, -7.777457 ], [ 110.787854, -7.77749 ], [ 110.787922, -7.777548 ], [ 110.787995, -7.7776 ], [ 110.788071, -7.777647 ], [ 110.788183, -7.777728 ], [ 110.788272, -7.777787 ], [ 110.788298, -7.777803 ], [ 110.788417, -7.777873 ], [ 110.788539, -7.777937 ], [ 110.788652, -7.778035 ], [ 110.788761, -7.778138 ], [ 110.788787, -7.778164 ], [ 110.788866, -7.778246 ], [ 110.788893, -7.778276 ], [ 110.788945, -7.778333 ], [ 110.788966, -7.778357 ], [ 110.789025, -7.778429 ], [ 110.789033, -7.778438 ], [ 110.789062, -7.778473 ], [ 110.789086, -7.778505 ], [ 110.789152, -7.778592 ], [ 110.789238, -7.778715 ], [ 110.789268, -7.778765 ], [ 110.789293, -7.778817 ], [ 110.789313, -7.778872 ], [ 110.789326, -7.778928 ], [ 110.789334, -7.778986 ], [ 110.789335, -7.779043 ], [ 110.78933, -7.779101 ], [ 110.789309, -7.779155 ], [ 110.789293, -7.77921 ], [ 110.789284, -7.779267 ], [ 110.78928, -7.779325 ], [ 110.789282, -7.779382 ], [ 110.789287, -7.779444 ], [ 110.789287, -7.779506 ], [ 110.789281, -7.779567 ], [ 110.789271, -7.779628 ], [ 110.789255, -7.779688 ], [ 110.789231, -7.779733 ], [ 110.78921, -7.77978 ], [ 110.789198, -7.779841 ], [ 110.789198, -7.779841 ], [ 110.789192, -7.779903 ], [ 110.789192, -7.779966 ], [ 110.789198, -7.780028 ], [ 110.78921, -7.780089 ], [ 110.789228, -7.780149 ], [ 110.789251, -7.780206 ], [ 110.78927, -7.780236 ], [ 110.789273, -7.780242 ], [ 110.7893, -7.780273 ], [ 110.789331, -7.780301 ], [ 110.789345, -7.78031 ], [ 110.789366, -7.780324 ], [ 110.789403, -7.780343 ], [ 110.789443, -7.780356 ], [ 110.789484, -7.780363 ], [ 110.789526, -7.780365 ], [ 110.789533, -7.780364 ], [ 110.789567, -7.780361 ], [ 110.789695, -7.780335 ], [ 110.78982, -7.780304 ], [ 110.789945, -7.780266 ], [ 110.790067, -7.780223 ], [ 110.790187, -7.780175 ], [ 110.790305, -7.780121 ], [ 110.79035, -7.7802 ], [ 110.79039, -7.78027 ], [ 110.79047, -7.78044 ], [ 110.790484, -7.780499 ], [ 110.790516, -7.780631 ], [ 110.790523, -7.780658 ], [ 110.790523, -7.780659 ], [ 110.79056, -7.78081 ], [ 110.790628, -7.781031 ], [ 110.790637, -7.781062 ], [ 110.790646, -7.78109 ], [ 110.79071, -7.7813 ], [ 110.79075, -7.78146 ], [ 110.79076, -7.78156 ], [ 110.79084, -7.78164 ], [ 110.79112, -7.78189 ], [ 110.79178, -7.78221 ], [ 110.79197, -7.78233 ], [ 110.792126, -7.782449 ], [ 110.792135, -7.782456 ], [ 110.79244, -7.78269 ], [ 110.79259, -7.78299 ], [ 110.79286, -7.78359 ], [ 110.79352, -7.78393 ], [ 110.79379, -7.78403 ], [ 110.793925, -7.78411 ], [ 110.793926, -7.784111 ], [ 110.79406, -7.78419 ], [ 110.7941, -7.7842 ], [ 110.79444, -7.78393 ], [ 110.79482, -7.78418 ], [ 110.7949, -7.78437 ], [ 110.79496, -7.78456 ], [ 110.79497, -7.78465 ], [ 110.79478, -7.7851 ], [ 110.79526, -7.78538 ], [ 110.79566, -7.78519 ], [ 110.79631, -7.78556 ], [ 110.79638, -7.78562 ], [ 110.796633, -7.785814 ], [ 110.796643, -7.785822 ], [ 110.79724, -7.78628 ], [ 110.79745, -7.78638 ], [ 110.79863, -7.78699 ], [ 110.7989, -7.78729 ], [ 110.798948, -7.787357 ], [ 110.798957, -7.78737 ], [ 110.79937, -7.78795 ], [ 110.799604, -7.78831 ], [ 110.79963, -7.78835 ], [ 110.80066, -7.788919 ], [ 110.800666, -7.788923 ], [ 110.80077, -7.78898 ], [ 110.8016, -7.78932 ], [ 110.801695, -7.78943 ], [ 110.801601, -7.789877 ], [ 110.801596, -7.7899 ], [ 110.801532, -7.790208 ], [ 110.801434, -7.790738 ], [ 110.80143, -7.790758 ], [ 110.801322, -7.791344 ], [ 110.801694, -7.791274 ], [ 110.802348, -7.79115 ], [ 110.802455, -7.79113 ], [ 110.802473, -7.791138 ], [ 110.802707, -7.791248 ], [ 110.802805, -7.791294 ], [ 110.803077, -7.791422 ], [ 110.802872, -7.792008 ], [ 110.80272, -7.79241 ], [ 110.802641, -7.792425 ], [ 110.8026, -7.792433 ], [ 110.802582, -7.792436 ], [ 110.80251, -7.79245 ], [ 110.80221, -7.79235 ], [ 110.80199, -7.79227 ], [ 110.80153, -7.79234 ], [ 110.80136, -7.79239 ], [ 110.80113, -7.79247 ], [ 110.80103, -7.7926 ], [ 110.80098, -7.79281 ], [ 110.800983, -7.792822 ], [ 110.80105, -7.79313 ], [ 110.801168, -7.793396 ], [ 110.801199, -7.793466 ], [ 110.80121, -7.79349 ], [ 110.80115, -7.79375 ], [ 110.801186, -7.793818 ], [ 110.801187, -7.79382 ], [ 110.80147, -7.79436 ], [ 110.80153, -7.79449 ], [ 110.80148, -7.79465 ], [ 110.80128, -7.79488 ], [ 110.80099, -7.7951 ], [ 110.80078, -7.79519 ], [ 110.80016, -7.79511 ], [ 110.79991, -7.79503 ], [ 110.79941, -7.79465 ], [ 110.799193, -7.794452 ], [ 110.79918, -7.79444 ], [ 110.798916, -7.794263 ], [ 110.798842, -7.794305 ], [ 110.79877, -7.794352 ], [ 110.798702, -7.794404 ], [ 110.798638, -7.794462 ], [ 110.798579, -7.794523 ], [ 110.798524, -7.794589 ], [ 110.798475, -7.794659 ], [ 110.79843, -7.794732 ], [ 110.798391, -7.794809 ], [ 110.798358, -7.794887 ], [ 110.798343, -7.79493 ], [ 110.798322, -7.79497 ], [ 110.798295, -7.795006 ], [ 110.798263, -7.795038 ], [ 110.798226, -7.795065 ], [ 110.798186, -7.795086 ], [ 110.798144, -7.795101 ], [ 110.798099, -7.795109 ], [ 110.798054, -7.795111 ], [ 110.798009, -7.795106 ], [ 110.79796, -7.795107 ], [ 110.797912, -7.795115 ], [ 110.797865, -7.795129 ], [ 110.79782, -7.795148 ], [ 110.797779, -7.795173 ], [ 110.79774, -7.795204 ], [ 110.797707, -7.795239 ], [ 110.797661, -7.795337 ], [ 110.797621, -7.795437 ], [ 110.797586, -7.795539 ], [ 110.797557, -7.795643 ], [ 110.797533, -7.795749 ], [ 110.797518, -7.795799 ], [ 110.797497, -7.795847 ], [ 110.797469, -7.795892 ], [ 110.797435, -7.795933 ], [ 110.797396, -7.795969 ], [ 110.797353, -7.795999 ], [ 110.797306, -7.796024 ], [ 110.797256, -7.796042 ], [ 110.797205, -7.796053 ], [ 110.797152, -7.796057 ], [ 110.797052, -7.796051 ], [ 110.796952, -7.79605 ], [ 110.796852, -7.796055 ], [ 110.796752, -7.796064 ], [ 110.796624, -7.796079 ], [ 110.796496, -7.796088 ], [ 110.796367, -7.79609 ], [ 110.796239, -7.796087 ], [ 110.79611, -7.796077 ], [ 110.795983, -7.796061 ], [ 110.795856, -7.796039 ], [ 110.795815, -7.796031 ], [ 110.795776, -7.796017 ], [ 110.795741, -7.795996 ], [ 110.795708, -7.79597 ], [ 110.795681, -7.795939 ], [ 110.795659, -7.795904 ], [ 110.795644, -7.795866 ], [ 110.79564, -7.795742 ], [ 110.795642, -7.795618 ], [ 110.795651, -7.795494 ], [ 110.795665, -7.795371 ], [ 110.795686, -7.795248 ], [ 110.795712, -7.795127 ], [ 110.795717, -7.795094 ], [ 110.795716, -7.79506 ], [ 110.79571, -7.795028 ], [ 110.795698, -7.794996 ], [ 110.795682, -7.794968 ], [ 110.795661, -7.794942 ], [ 110.795636, -7.79492 ], [ 110.795607, -7.794902 ], [ 110.795577, -7.794889 ], [ 110.795544, -7.794881 ], [ 110.795511, -7.794879 ], [ 110.795417, -7.794902 ], [ 110.795324, -7.794929 ], [ 110.795269, -7.794948 ], [ 110.795212, -7.794961 ], [ 110.795154, -7.794968 ], [ 110.795096, -7.794968 ], [ 110.795039, -7.794962 ], [ 110.794982, -7.79495 ], [ 110.794927, -7.794931 ], [ 110.794874, -7.794907 ], [ 110.794828, -7.794873 ], [ 110.794778, -7.794844 ], [ 110.794725, -7.794821 ], [ 110.79467, -7.794804 ], [ 110.794614, -7.794794 ], [ 110.794556, -7.79479 ], [ 110.794499, -7.794793 ], [ 110.794442, -7.794803 ], [ 110.794387, -7.79482 ], [ 110.794334, -7.794842 ], [ 110.794275, -7.794861 ], [ 110.794214, -7.794873 ], [ 110.794153, -7.794879 ], [ 110.794091, -7.794879 ], [ 110.79403, -7.794873 ], [ 110.79397, -7.794862 ], [ 110.79391, -7.794844 ], [ 110.793854, -7.79482 ], [ 110.793799, -7.794791 ], [ 110.793748, -7.794756 ], [ 110.793701, -7.794717 ], [ 110.793657, -7.794673 ], [ 110.793627, -7.794647 ], [ 110.793594, -7.794625 ], [ 110.793557, -7.794609 ], [ 110.793518, -7.794598 ], [ 110.793479, -7.794593 ], [ 110.793439, -7.794595 ], [ 110.793399, -7.794602 ], [ 110.793361, -7.794615 ], [ 110.793326, -7.794634 ], [ 110.793273, -7.794677 ], [ 110.793224, -7.794726 ], [ 110.79318, -7.794779 ], [ 110.793142, -7.794836 ], [ 110.79311, -7.794897 ], [ 110.793083, -7.79496 ], [ 110.793063, -7.795026 ], [ 110.79305, -7.795093 ], [ 110.793043, -7.795162 ], [ 110.793043, -7.79523 ], [ 110.79305, -7.795299 ], [ 110.793063, -7.795366 ], [ 110.793088, -7.795406 ], [ 110.793119, -7.795442 ], [ 110.793155, -7.795473 ], [ 110.793195, -7.795499 ], [ 110.793238, -7.795519 ], [ 110.793284, -7.795533 ], [ 110.793331, -7.795541 ], [ 110.793378, -7.795541 ], [ 110.793425, -7.795535 ], [ 110.793471, -7.795523 ], [ 110.793515, -7.795504 ], [ 110.793555, -7.795479 ], [ 110.793592, -7.795449 ], [ 110.793627, -7.795429 ], [ 110.793665, -7.795415 ], [ 110.793705, -7.795408 ], [ 110.793746, -7.795407 ], [ 110.793786, -7.795413 ], [ 110.793824, -7.795426 ], [ 110.79386, -7.795445 ], [ 110.793892, -7.79547 ], [ 110.793919, -7.7955 ], [ 110.793941, -7.795533 ], [ 110.793957, -7.795571 ], [ 110.793967, -7.79561 ], [ 110.79397, -7.79565 ], [ 110.79395, -7.795763 ], [ 110.793923, -7.795874 ], [ 110.793889, -7.795984 ], [ 110.793848, -7.796091 ], [ 110.7938, -7.796196 ], [ 110.793782, -7.796236 ], [ 110.793759, -7.796273 ], [ 110.79373, -7.796306 ], [ 110.793697, -7.796335 ], [ 110.79366, -7.79636 ], [ 110.793621, -7.796379 ], [ 110.793579, -7.796392 ], [ 110.793535, -7.7964 ], [ 110.793491, -7.796401 ], [ 110.793448, -7.796396 ], [ 110.793374, -7.796381 ], [ 110.793301, -7.796361 ], [ 110.793229, -7.796336 ], [ 110.79316, -7.796307 ], [ 110.793072, -7.796275 ], [ 110.792982, -7.796249 ], [ 110.792891, -7.79623 ], [ 110.792798, -7.796218 ], [ 110.792705, -7.796211 ], [ 110.792612, -7.796212 ], [ 110.792519, -7.796218 ], [ 110.792426, -7.796232 ], [ 110.792335, -7.796251 ], [ 110.792245, -7.796277 ], [ 110.792126, -7.796325 ], [ 110.792005, -7.796367 ], [ 110.791882, -7.796403 ], [ 110.791852, -7.796411 ], [ 110.791823, -7.796423 ], [ 110.791798, -7.796441 ], [ 110.791775, -7.796463 ], [ 110.791757, -7.796488 ], [ 110.791744, -7.796516 ], [ 110.791735, -7.796546 ], [ 110.791732, -7.796576 ], [ 110.791734, -7.796607 ], [ 110.791708, -7.796683 ], [ 110.791677, -7.796756 ], [ 110.791641, -7.796826 ], [ 110.7916, -7.796894 ], [ 110.791554, -7.796959 ], [ 110.791513, -7.797003 ], [ 110.791466, -7.797041 ], [ 110.791416, -7.797074 ], [ 110.791362, -7.7971 ], [ 110.791306, -7.797121 ], [ 110.791247, -7.797135 ], [ 110.791188, -7.797141 ], [ 110.791128, -7.797141 ], [ 110.791068, -7.797134 ], [ 110.79101, -7.797121 ], [ 110.790953, -7.7971 ], [ 110.7909, -7.797073 ], [ 110.790849, -7.797041 ], [ 110.790803, -7.797002 ], [ 110.790762, -7.796959 ], [ 110.790717, -7.796917 ], [ 110.790668, -7.79688 ], [ 110.790615, -7.796849 ], [ 110.790559, -7.796824 ], [ 110.7905, -7.796805 ], [ 110.79044, -7.796793 ], [ 110.790379, -7.796787 ], [ 110.790317, -7.796788 ], [ 110.790256, -7.796796 ], [ 110.790196, -7.79681 ], [ 110.790139, -7.796831 ], [ 110.790083, -7.796857 ], [ 110.790031, -7.79689 ], [ 110.789808, -7.797065 ], [ 110.789588, -7.797245 ], [ 110.789541, -7.797281 ], [ 110.78949, -7.797311 ], [ 110.789436, -7.797334 ], [ 110.78938, -7.797351 ], [ 110.789321, -7.797361 ], [ 110.789262, -7.797364 ], [ 110.789204, -7.79736 ], [ 110.789146, -7.797349 ], [ 110.789008, -7.797349 ], [ 110.78887, -7.797356 ], [ 110.788733, -7.797371 ], [ 110.788597, -7.797392 ], [ 110.788463, -7.797421 ], [ 110.78833, -7.797457 ], [ 110.788199, -7.7975 ], [ 110.787865, -7.797629 ], [ 110.787529, -7.797754 ], [ 110.787473, -7.797776 ], [ 110.78742, -7.797802 ], [ 110.787369, -7.797834 ], [ 110.787322, -7.79787 ], [ 110.787278, -7.797911 ], [ 110.787238, -7.797956 ], [ 110.787203, -7.798004 ], [ 110.787173, -7.798055 ], [ 110.787147, -7.798109 ], [ 110.787126, -7.79823 ], [ 110.787099, -7.798349 ], [ 110.787066, -7.798467 ], [ 110.787028, -7.798583 ], [ 110.786985, -7.798698 ], [ 110.786945, -7.79877 ], [ 110.786909, -7.798844 ], [ 110.786877, -7.798921 ], [ 110.786863, -7.798976 ], [ 110.786842, -7.79903 ], [ 110.786815, -7.799082 ], [ 110.786783, -7.79913 ], [ 110.786746, -7.799173 ], [ 110.786703, -7.799213 ], [ 110.786657, -7.799247 ], [ 110.786607, -7.799276 ], [ 110.786553, -7.799299 ], [ 110.786498, -7.799316 ], [ 110.786441, -7.799326 ], [ 110.786312, -7.799371 ], [ 110.786186, -7.799422 ], [ 110.786063, -7.79948 ], [ 110.785942, -7.799544 ], [ 110.785826, -7.799614 ], [ 110.785712, -7.79969 ], [ 110.785603, -7.799772 ], [ 110.785498, -7.799859 ], [ 110.785398, -7.799951 ], [ 110.785303, -7.800048 ], [ 110.785212, -7.80015 ], [ 110.785127, -7.800256 ], [ 110.785048, -7.800366 ], [ 110.784966, -7.800552 ], [ 110.784879, -7.800735 ], [ 110.784788, -7.800916 ], [ 110.784671, -7.801094 ], [ 110.784549, -7.80127 ], [ 110.784422, -7.801443 ], [ 110.784291, -7.801612 ], [ 110.784036, -7.8019 ], [ 110.783776, -7.802185 ], [ 110.783513, -7.802466 ], [ 110.783491, -7.802498 ], [ 110.783473, -7.802534 ], [ 110.783461, -7.802572 ], [ 110.783455, -7.802611 ], [ 110.783454, -7.80265 ], [ 110.783459, -7.80269 ], [ 110.78347, -7.802728 ], [ 110.783478, -7.80275 ], [ 110.783485, -7.802766 ], [ 110.783495, -7.802805 ], [ 110.783501, -7.802845 ], [ 110.783502, -7.802886 ], [ 110.783521, -7.802986 ], [ 110.783545, -7.803086 ], [ 110.783574, -7.803184 ], [ 110.783585, -7.80324 ], [ 110.78359, -7.803298 ], [ 110.783589, -7.803355 ], [ 110.783582, -7.803412 ], [ 110.78357, -7.803468 ], [ 110.783552, -7.803523 ], [ 110.783528, -7.803575 ], [ 110.783499, -7.803625 ], [ 110.783466, -7.803672 ], [ 110.783388, -7.803722 ], [ 110.783308, -7.803767 ], [ 110.783225, -7.803806 ], [ 110.783139, -7.803839 ], [ 110.78305, -7.803866 ], [ 110.782961, -7.803886 ], [ 110.78287, -7.803901 ], [ 110.782778, -7.803909 ], [ 110.782707, -7.803919 ], [ 110.782637, -7.803934 ], [ 110.782569, -7.803955 ], [ 110.782502, -7.803981 ], [ 110.782438, -7.804013 ], [ 110.78245, -7.80404 ], [ 110.78265, -7.80435 ], [ 110.78278, -7.80467 ], [ 110.78294, -7.80514 ], [ 110.783, -7.80543 ], [ 110.78302, -7.80591 ], [ 110.78303, -7.80633 ], [ 110.78308, -7.80698 ], [ 110.78308, -7.80737 ], [ 110.783089, -7.80756 ], [ 110.78311, -7.80803 ], [ 110.78311, -7.8085 ], [ 110.78315, -7.80897 ], [ 110.7832, -7.8096 ], [ 110.78331, -7.8102 ], [ 110.7834, -7.81056 ], [ 110.78352, -7.81093 ], [ 110.78361, -7.81125 ], [ 110.783628, -7.811315 ], [ 110.78372, -7.81164 ], [ 110.78478, -7.81217 ], [ 110.784636, -7.812525 ], [ 110.784636, -7.812526 ], [ 110.78459, -7.81264 ], [ 110.7848, -7.8129 ], [ 110.78583, -7.81334 ], [ 110.78579, -7.81362 ], [ 110.785751, -7.813916 ], [ 110.785748, -7.813937 ], [ 110.78562, -7.814915 ], [ 110.785616, -7.814952 ], [ 110.786106, -7.815214 ], [ 110.785839, -7.81632 ], [ 110.78563, -7.816801 ], [ 110.785463, -7.816698 ], [ 110.7853, -7.81659 ], [ 110.78514, -7.816477 ], [ 110.784971, -7.816368 ], [ 110.784798, -7.816265 ], [ 110.784621, -7.816167 ], [ 110.784441, -7.816076 ], [ 110.784258, -7.815991 ], [ 110.784073, -7.815913 ], [ 110.783884, -7.815841 ], [ 110.783348, -7.815621 ], [ 110.782814, -7.815396 ], [ 110.782283, -7.815165 ], [ 110.782192, -7.815132 ], [ 110.782103, -7.815094 ], [ 110.782016, -7.81505 ], [ 110.781846, -7.814957 ], [ 110.781673, -7.814868 ], [ 110.781498, -7.814785 ], [ 110.781359, -7.814716 ], [ 110.781222, -7.814641 ], [ 110.781089, -7.814561 ], [ 110.780959, -7.814476 ], [ 110.780833, -7.814385 ], [ 110.78071, -7.814289 ], [ 110.780592, -7.814188 ], [ 110.780478, -7.814083 ], [ 110.780369, -7.813972 ], [ 110.780264, -7.813858 ], [ 110.780156, -7.813761 ], [ 110.780044, -7.813667 ], [ 110.779988, -7.813724 ], [ 110.77984, -7.81389 ], [ 110.77952, -7.81423 ], [ 110.77949, -7.81426 ], [ 110.77924, -7.81453 ], [ 110.77886, -7.81494 ], [ 110.77856, -7.81521 ], [ 110.77827, -7.81521 ], [ 110.77805, -7.81507 ], [ 110.7777, -7.81468 ], [ 110.777368, -7.814362 ], [ 110.777327, -7.814322 ], [ 110.77722, -7.81422 ], [ 110.77697, -7.81401 ], [ 110.77667, -7.81391 ], [ 110.77633, -7.81386 ], [ 110.77583, -7.81375 ], [ 110.775591, -7.813694 ], [ 110.775582, -7.813692 ], [ 110.77553, -7.81368 ], [ 110.77538, -7.81351 ], [ 110.77551, -7.81329 ], [ 110.77558, -7.81319 ], [ 110.775567, -7.813106 ], [ 110.775562, -7.813087 ], [ 110.775469, -7.812457 ], [ 110.775472, -7.811862 ], [ 110.775431, -7.811706 ], [ 110.775378, -7.811537 ], [ 110.775329, -7.811367 ], [ 110.775285, -7.811196 ], [ 110.775267, -7.811123 ], [ 110.775255, -7.811048 ], [ 110.775249, -7.810973 ], [ 110.775251, -7.810898 ], [ 110.775259, -7.810823 ], [ 110.774759, -7.810717 ], [ 110.774258, -7.810616 ], [ 110.774243, -7.810399 ], [ 110.774232, -7.810181 ], [ 110.774227, -7.809963 ], [ 110.774203, -7.809882 ], [ 110.774174, -7.809804 ], [ 110.774138, -7.809727 ], [ 110.774097, -7.809654 ], [ 110.774051, -7.809583 ], [ 110.774, -7.809516 ], [ 110.773945, -7.809453 ], [ 110.773885, -7.809394 ], [ 110.77382, -7.80934 ], [ 110.773753, -7.80929 ], [ 110.77364, -7.809216 ], [ 110.77353, -7.809136 ], [ 110.773425, -7.809051 ], [ 110.773323, -7.808962 ], [ 110.773224, -7.808866 ], [ 110.773121, -7.808774 ], [ 110.773015, -7.808686 ], [ 110.772905, -7.808602 ], [ 110.772793, -7.808521 ], [ 110.772713, -7.808468 ], [ 110.77263, -7.80842 ], [ 110.772543, -7.808378 ], [ 110.772454, -7.808342 ], [ 110.772362, -7.808313 ], [ 110.772269, -7.80829 ], [ 110.772174, -7.808273 ], [ 110.772078, -7.808263 ], [ 110.771982, -7.808259 ], [ 110.771886, -7.808262 ], [ 110.771799, -7.808269 ], [ 110.771712, -7.808271 ], [ 110.771625, -7.808266 ], [ 110.771538, -7.808256 ], [ 110.771452, -7.80824 ], [ 110.771368, -7.808219 ], [ 110.770355, -7.807929 ], [ 110.770165, -7.808125 ], [ 110.769743, -7.808496 ], [ 110.769061, -7.809123 ], [ 110.767693, -7.809916 ], [ 110.767635, -7.80994 ], [ 110.767604, -7.809943 ], [ 110.766342, -7.809779 ], [ 110.766013, -7.809777 ], [ 110.764466, -7.809818 ], [ 110.764045, -7.810823 ], [ 110.763596, -7.811922 ], [ 110.763411, -7.812386 ], [ 110.763326, -7.812685 ], [ 110.763364, -7.812746 ], [ 110.76346, -7.81286 ], [ 110.7636, -7.81294 ], [ 110.76394, -7.81305 ], [ 110.76403, -7.81304 ], [ 110.76419, -7.81303 ], [ 110.76461, -7.81302 ], [ 110.7649, -7.8131 ], [ 110.76496, -7.81317 ], [ 110.76502, -7.8133 ], [ 110.765, -7.81345 ], [ 110.764991, -7.813675 ], [ 110.764991, -7.81368 ], [ 110.764922, -7.813653 ], [ 110.764851, -7.813631 ], [ 110.764778, -7.813616 ], [ 110.764704, -7.813606 ], [ 110.76463, -7.813603 ], [ 110.764555, -7.813605 ], [ 110.764505, -7.813605 ], [ 110.764455, -7.813599 ], [ 110.764407, -7.813586 ], [ 110.764361, -7.813567 ], [ 110.764272, -7.81354 ], [ 110.764181, -7.813519 ], [ 110.764089, -7.813505 ], [ 110.763997, -7.813497 ], [ 110.763904, -7.813496 ], [ 110.763811, -7.813502 ], [ 110.763734, -7.81352 ], [ 110.763655, -7.813531 ], [ 110.763576, -7.813536 ], [ 110.763497, -7.813535 ], [ 110.763403, -7.813547 ], [ 110.763105, -7.813789 ], [ 110.763004, -7.814499 ], [ 110.76296, -7.81478 ], [ 110.76288, -7.81507 ], [ 110.76275, -7.8154 ], [ 110.7629, -7.81575 ], [ 110.76294, -7.81614 ], [ 110.76291, -7.81674 ], [ 110.76283, -7.81729 ], [ 110.76279, -7.817565 ], [ 110.762767, -7.817722 ], [ 110.76275, -7.81784 ], [ 110.7628, -7.81811 ], [ 110.7629, -7.81833 ], [ 110.763, -7.8184 ], [ 110.7632, -7.81853 ], [ 110.76371, -7.81886 ], [ 110.76392, -7.819 ], [ 110.76412, -7.81911 ], [ 110.76411, -7.8194 ], [ 110.764042, -7.820453 ], [ 110.764036, -7.82054 ], [ 110.76403, -7.82064 ], [ 110.76402, -7.82101 ], [ 110.76387, -7.82118 ], [ 110.7638, -7.8217 ], [ 110.76372, -7.82207 ], [ 110.76363, -7.82247 ], [ 110.76358, -7.82289 ], [ 110.76354, -7.8237 ], [ 110.763379, -7.824402 ], [ 110.763271, -7.824347 ], [ 110.763159, -7.824298 ], [ 110.763046, -7.824255 ], [ 110.76293, -7.824218 ], [ 110.762813, -7.824187 ], [ 110.762737, -7.824185 ], [ 110.762661, -7.824189 ], [ 110.762586, -7.8242 ], [ 110.762512, -7.824216 ], [ 110.762439, -7.824238 ], [ 110.762368, -7.824265 ], [ 110.7623, -7.824298 ], [ 110.762234, -7.824337 ], [ 110.762172, -7.82438 ], [ 110.762077, -7.824455 ], [ 110.761977, -7.824523 ], [ 110.761837, -7.824587 ], [ 110.7617, -7.824655 ], [ 110.761565, -7.82473 ], [ 110.761433, -7.824809 ], [ 110.761305, -7.824894 ], [ 110.761267, -7.824924 ], [ 110.761225, -7.824949 ], [ 110.76118, -7.824969 ], [ 110.761133, -7.824983 ], [ 110.761085, -7.824992 ], [ 110.761036, -7.824994 ], [ 110.760943, -7.824985 ], [ 110.76085, -7.824971 ], [ 110.760758, -7.824952 ], [ 110.760667, -7.82493 ], [ 110.760613, -7.824921 ], [ 110.760558, -7.824918 ], [ 110.760504, -7.824918 ], [ 110.760449, -7.824924 ], [ 110.760396, -7.824934 ], [ 110.760211, -7.824976 ], [ 110.760028, -7.825025 ], [ 110.759847, -7.82508 ], [ 110.759668, -7.825142 ], [ 110.75961, -7.825163 ], [ 110.759554, -7.82519 ], [ 110.7595, -7.82522 ], [ 110.759449, -7.825256 ], [ 110.759401, -7.825295 ], [ 110.759356, -7.825338 ], [ 110.759292, -7.825412 ], [ 110.759232, -7.82549 ], [ 110.759176, -7.825571 ], [ 110.759124, -7.825654 ], [ 110.759077, -7.82574 ], [ 110.759034, -7.825829 ], [ 110.759009, -7.825863 ], [ 110.75898, -7.825895 ], [ 110.758947, -7.825923 ], [ 110.758911, -7.825946 ], [ 110.758872, -7.825964 ], [ 110.758832, -7.825978 ], [ 110.758789, -7.825986 ], [ 110.758722, -7.825983 ], [ 110.758655, -7.825972 ], [ 110.75859, -7.825954 ], [ 110.758528, -7.825929 ], [ 110.758468, -7.825898 ], [ 110.758257, -7.825811 ], [ 110.758084, -7.82577 ], [ 110.757911, -7.825735 ], [ 110.757736, -7.825706 ], [ 110.757561, -7.825682 ], [ 110.757557, -7.825633 ], [ 110.757559, -7.825584 ], [ 110.757567, -7.825535 ], [ 110.757581, -7.825488 ], [ 110.757601, -7.825443 ], [ 110.757626, -7.825401 ], [ 110.757656, -7.825362 ], [ 110.757691, -7.825328 ], [ 110.757958, -7.825132 ], [ 110.757898, -7.82511 ], [ 110.75767, -7.82503 ], [ 110.75758, -7.82495 ], [ 110.75748, -7.82485 ], [ 110.7573, -7.82479 ], [ 110.757262, -7.824781 ], [ 110.757246, -7.824777 ], [ 110.75697, -7.82471 ], [ 110.75653, -7.82468 ], [ 110.75614, -7.8247 ], [ 110.75573, -7.82474 ], [ 110.75538, -7.82482 ], [ 110.755258, -7.824846 ], [ 110.755245, -7.824848 ], [ 110.75495, -7.82491 ], [ 110.75462, -7.8249 ], [ 110.75433, -7.82482 ], [ 110.75407, -7.82466 ], [ 110.75382, -7.82461 ], [ 110.75361, -7.82463 ], [ 110.753485, -7.824675 ], [ 110.753313, -7.824751 ], [ 110.752995, -7.824727 ], [ 110.752986, -7.824672 ], [ 110.752971, -7.824619 ], [ 110.75295, -7.824567 ], [ 110.752924, -7.824518 ], [ 110.752892, -7.824472 ], [ 110.752856, -7.82443 ], [ 110.752815, -7.824393 ], [ 110.75277, -7.82436 ], [ 110.752722, -7.824332 ], [ 110.752635, -7.824292 ], [ 110.75255, -7.824247 ], [ 110.752468, -7.824198 ], [ 110.752389, -7.824144 ], [ 110.752312, -7.824086 ], [ 110.752239, -7.824023 ], [ 110.752154, -7.823947 ], [ 110.752065, -7.823874 ], [ 110.751974, -7.823804 ], [ 110.75188, -7.823739 ], [ 110.751883, -7.823613 ], [ 110.75188, -7.823566 ], [ 110.751872, -7.823519 ], [ 110.751859, -7.823474 ], [ 110.75184, -7.82343 ], [ 110.751817, -7.823389 ], [ 110.75174, -7.823281 ], [ 110.751669, -7.82317 ], [ 110.751603, -7.823055 ], [ 110.751542, -7.822937 ], [ 110.751487, -7.822817 ], [ 110.751515, -7.822583 ], [ 110.751538, -7.822349 ], [ 110.751557, -7.822114 ], [ 110.751568, -7.821948 ], [ 110.751586, -7.821782 ], [ 110.751609, -7.821617 ], [ 110.751637, -7.821452 ], [ 110.751671, -7.821289 ], [ 110.75171, -7.821127 ], [ 110.751768, -7.820973 ], [ 110.75182, -7.820816 ], [ 110.751866, -7.820657 ], [ 110.751886, -7.820563 ], [ 110.751899, -7.820468 ], [ 110.751904, -7.820372 ], [ 110.751903, -7.820276 ], [ 110.751894, -7.82018 ], [ 110.751878, -7.820086 ], [ 110.751855, -7.819992 ], [ 110.751825, -7.819901 ], [ 110.751631, -7.819987 ], [ 110.751587, -7.819985 ], [ 110.751527, -7.819962 ], [ 110.75146, -7.819924 ], [ 110.751354, -7.819895 ], [ 110.751241, -7.819881 ], [ 110.75113, -7.819881 ], [ 110.751028, -7.819883 ], [ 110.750947, -7.819887 ], [ 110.750826, -7.819868 ], [ 110.750761, -7.819858 ], [ 110.750669, -7.819841 ], [ 110.750602, -7.819816 ], [ 110.750506, -7.819756 ], [ 110.7504, -7.819641 ], [ 110.750354, -7.819615 ], [ 110.750289, -7.81959 ], [ 110.750226, -7.81958 ], [ 110.750172, -7.81958 ], [ 110.750093, -7.819572 ], [ 110.749938, -7.819522 ], [ 110.749679, -7.819386 ], [ 110.749445, -7.81922 ], [ 110.74889, -7.818875 ], [ 110.748264, -7.818516 ], [ 110.748239, -7.818476 ], [ 110.748228, -7.81843 ], [ 110.748207, -7.818352 ], [ 110.748019, -7.818101 ], [ 110.747921, -7.81802 ], [ 110.747714, -7.817913 ], [ 110.747065, -7.817621 ], [ 110.74656, -7.817298 ], [ 110.746472, -7.817296 ], [ 110.746424, -7.817301 ], [ 110.74631, -7.817397 ], [ 110.746266, -7.817433 ], [ 110.746199, -7.817475 ], [ 110.746055, -7.817537 ], [ 110.745949, -7.817542 ], [ 110.745656, -7.817531 ], [ 110.745577, -7.817517 ], [ 110.745201, -7.817222 ], [ 110.744949, -7.81703 ], [ 110.744504, -7.816611 ], [ 110.744079, -7.815751 ], [ 110.744054, -7.81573 ], [ 110.743545, -7.815714 ], [ 110.743501, -7.815691 ], [ 110.743495, -7.815651 ], [ 110.743534, -7.815391 ], [ 110.743601, -7.815159 ], [ 110.743628, -7.815144 ], [ 110.743889, -7.815136 ], [ 110.743902, -7.814931 ], [ 110.743901, -7.814872 ], [ 110.743878, -7.814805 ], [ 110.743745, -7.814633 ], [ 110.743701, -7.814562 ], [ 110.743682, -7.814523 ], [ 110.743651, -7.81443 ], [ 110.743598, -7.814357 ], [ 110.74341, -7.814115 ], [ 110.743396, -7.814071 ], [ 110.743398, -7.814027 ], [ 110.743431, -7.813824 ], [ 110.743423, -7.813801 ], [ 110.74301, -7.813769 ], [ 110.742982, -7.813631 ], [ 110.742943, -7.813548 ], [ 110.742817, -7.813202 ], [ 110.742784, -7.813049 ], [ 110.742777, -7.812932 ], [ 110.742854, -7.812643 ], [ 110.742896, -7.812553 ], [ 110.742963, -7.812423 ], [ 110.743057, -7.812239 ], [ 110.743077, -7.812197 ], [ 110.743113, -7.812141 ], [ 110.743134, -7.812105 ], [ 110.743148, -7.812059 ], [ 110.743171, -7.81198 ], [ 110.743194, -7.811705 ], [ 110.743192, -7.811615 ], [ 110.743206, -7.81158 ], [ 110.743219, -7.811531 ], [ 110.743217, -7.811485 ], [ 110.743213, -7.811458 ], [ 110.743198, -7.811406 ], [ 110.743183, -7.811268 ], [ 110.743148, -7.811065 ], [ 110.743122, -7.810958 ], [ 110.743106, -7.810841 ], [ 110.743097, -7.810418 ], [ 110.743107, -7.810259 ], [ 110.743122, -7.810198 ], [ 110.743141, -7.810085 ], [ 110.743134, -7.809673 ], [ 110.743148, -7.809225 ], [ 110.743152, -7.808837 ], [ 110.743136, -7.808726 ], [ 110.743102, -7.808618 ], [ 110.743088, -7.808584 ], [ 110.743081, -7.808547 ], [ 110.743083, -7.808511 ], [ 110.743096, -7.808467 ], [ 110.743104, -7.808431 ], [ 110.743117, -7.808356 ], [ 110.743135, -7.808329 ], [ 110.743144, -7.808302 ], [ 110.743152, -7.80827 ], [ 110.743152, -7.808228 ], [ 110.743154, -7.808105 ], [ 110.743145, -7.807875 ], [ 110.743122, -7.807791 ], [ 110.743081, -7.807686 ], [ 110.743031, -7.807575 ], [ 110.742982, -7.80751 ], [ 110.742962, -7.807433 ], [ 110.74293, -7.807297 ], [ 110.742922, -7.807257 ], [ 110.742842, -7.807023 ], [ 110.742768, -7.806861 ], [ 110.742736, -7.806833 ], [ 110.74245, -7.80658 ], [ 110.74193, -7.80618 ], [ 110.74113, -7.80568 ], [ 110.74079, -7.80554 ], [ 110.73862, -7.80471 ], [ 110.73773, -7.804498 ], [ 110.737704, -7.804386 ], [ 110.737673, -7.804275 ], [ 110.737637, -7.804165 ], [ 110.737596, -7.804057 ], [ 110.737551, -7.803951 ], [ 110.737479, -7.803812 ], [ 110.737402, -7.803675 ], [ 110.737319, -7.803541 ], [ 110.737232, -7.80341 ], [ 110.737157, -7.803325 ], [ 110.737078, -7.803243 ], [ 110.736994, -7.803166 ], [ 110.736907, -7.803094 ], [ 110.736815, -7.803027 ], [ 110.73672, -7.802965 ], [ 110.736621, -7.802908 ], [ 110.73652, -7.802857 ], [ 110.736502, -7.80285 ], [ 110.736486, -7.802841 ], [ 110.736471, -7.80283 ], [ 110.736459, -7.802817 ], [ 110.736448, -7.802802 ], [ 110.73641, -7.802734 ], [ 110.736369, -7.802667 ], [ 110.736344, -7.802632 ], [ 110.736313, -7.802601 ], [ 110.736278, -7.802576 ], [ 110.73624, -7.802556 ], [ 110.736199, -7.802542 ], [ 110.736174, -7.802534 ], [ 110.73615, -7.802522 ], [ 110.736128, -7.802507 ], [ 110.736108, -7.80249 ], [ 110.735923, -7.802219 ], [ 110.735893, -7.802144 ], [ 110.735869, -7.802067 ], [ 110.735851, -7.801989 ], [ 110.73497, -7.80334 ], [ 110.73332, -7.80138 ], [ 110.73292, -7.80107 ], [ 110.73252, -7.8009 ], [ 110.73204, -7.80087 ], [ 110.731619, -7.80089 ], [ 110.73024, -7.80098 ], [ 110.72919, -7.80095 ], [ 110.72865, -7.80081 ], [ 110.72832, -7.80002 ], [ 110.72834, -7.79944 ], [ 110.728543, -7.798504 ], [ 110.72855, -7.79817 ], [ 110.728557, -7.79812 ], [ 110.728583, -7.79807 ], [ 110.728597, -7.798016 ], [ 110.728608, -7.797969 ], [ 110.728598, -7.797711 ], [ 110.72853, -7.79764 ], [ 110.72821, -7.79747 ], [ 110.72754, -7.79707 ], [ 110.72717, -7.79692 ], [ 110.727145, -7.796909 ], [ 110.727137, -7.796905 ], [ 110.72634, -7.79655 ], [ 110.72541, -7.79583 ], [ 110.724597, -7.794705 ], [ 110.724593, -7.794699 ], [ 110.72455, -7.79464 ], [ 110.72432, -7.7945 ], [ 110.72403, -7.7943 ], [ 110.72093, -7.79359 ], [ 110.719842, -7.793313 ], [ 110.719825, -7.793309 ], [ 110.71936, -7.79319 ], [ 110.71796, -7.79293 ], [ 110.71793, -7.792915 ], [ 110.717925, -7.792913 ], [ 110.71699, -7.79245 ], [ 110.7168, -7.79223 ], [ 110.716792, -7.792036 ], [ 110.716792, -7.792034 ], [ 110.71679, -7.79198 ], [ 110.71681, -7.79171 ], [ 110.71681, -7.7917 ], [ 110.71683, -7.79152 ], [ 110.7169, -7.79141 ], [ 110.71697, -7.79139 ], [ 110.71723, -7.79135 ], [ 110.71726, -7.79123 ], [ 110.71727, -7.79111 ], [ 110.717288, -7.791089 ], [ 110.717289, -7.791088 ], [ 110.71733, -7.79104 ], [ 110.71751, -7.79083 ], [ 110.71762, -7.79067 ], [ 110.71769, -7.79053 ], [ 110.71768, -7.79045 ], [ 110.71758, -7.79037 ], [ 110.71745, -7.79034 ], [ 110.71728, -7.79036 ], [ 110.71725, -7.79037 ], [ 110.71713, -7.79044 ], [ 110.71694, -7.79067 ], [ 110.71658, -7.79111 ], [ 110.716575, -7.791117 ], [ 110.716571, -7.791121 ], [ 110.71624, -7.79154 ], [ 110.71611, -7.7917 ], [ 110.71588, -7.79184 ], [ 110.71559, -7.79196 ], [ 110.715453, -7.791974 ], [ 110.715449, -7.791974 ], [ 110.71509, -7.79201 ], [ 110.71473, -7.79199 ], [ 110.713613, -7.791682 ], [ 110.71357, -7.791663 ], [ 110.713505, -7.791649 ], [ 110.713438, -7.791642 ], [ 110.713371, -7.791642 ], [ 110.713304, -7.791648 ], [ 110.713238, -7.791661 ], [ 110.713174, -7.79168 ], [ 110.713112, -7.791706 ], [ 110.713053, -7.791738 ], [ 110.712997, -7.791775 ], [ 110.712946, -7.791818 ], [ 110.712898, -7.791866 ], [ 110.712657, -7.792861 ], [ 110.712546, -7.792752 ], [ 110.712439, -7.79264 ], [ 110.712336, -7.792524 ], [ 110.712238, -7.792404 ], [ 110.712145, -7.79228 ], [ 110.712057, -7.792153 ], [ 110.711973, -7.792023 ], [ 110.711924, -7.791947 ], [ 110.711871, -7.791874 ], [ 110.711814, -7.791804 ], [ 110.711806, -7.791702 ], [ 110.711803, -7.791599 ], [ 110.711805, -7.791497 ], [ 110.711812, -7.791394 ], [ 110.711813, -7.791361 ], [ 110.711819, -7.791327 ], [ 110.711829, -7.791296 ], [ 110.711845, -7.791266 ], [ 110.711894, -7.791214 ], [ 110.711947, -7.791167 ], [ 110.712004, -7.791123 ], [ 110.712063, -7.791083 ], [ 110.712125, -7.791048 ], [ 110.71219, -7.791017 ], [ 110.712224, -7.791003 ], [ 110.712256, -7.790983 ], [ 110.712285, -7.790959 ], [ 110.71231, -7.790931 ], [ 110.71233, -7.790899 ], [ 110.712346, -7.790865 ], [ 110.712387, -7.790623 ], [ 110.712433, -7.790381 ], [ 110.712482, -7.790141 ], [ 110.713431, -7.790236 ], [ 110.713608, -7.790235 ], [ 110.713784, -7.790228 ], [ 110.71396, -7.790214 ], [ 110.714135, -7.790192 ], [ 110.714309, -7.790164 ], [ 110.714482, -7.790129 ], [ 110.714552, -7.79011 ], [ 110.71462, -7.790085 ], [ 110.714685, -7.790054 ], [ 110.714746, -7.790016 ], [ 110.714804, -7.789973 ], [ 110.714857, -7.789924 ], [ 110.714905, -7.78987 ], [ 110.714947, -7.789811 ], [ 110.714983, -7.789749 ], [ 110.715013, -7.789684 ], [ 110.715037, -7.789616 ], [ 110.715134, -7.789056 ], [ 110.715369, -7.788069 ], [ 110.715393, -7.787991 ], [ 110.715423, -7.787916 ], [ 110.71546, -7.787843 ], [ 110.715502, -7.787774 ], [ 110.71574, -7.787532 ], [ 110.715976, -7.787286 ], [ 110.716208, -7.787039 ], [ 110.716353, -7.786895 ], [ 110.716493, -7.786748 ], [ 110.716629, -7.786596 ], [ 110.716761, -7.786441 ], [ 110.716889, -7.786283 ], [ 110.717012, -7.78612 ], [ 110.717595, -7.785324 ], [ 110.717992, -7.784898 ], [ 110.718384, -7.784468 ], [ 110.718773, -7.784036 ], [ 110.718831, -7.783961 ], [ 110.718883, -7.783881 ], [ 110.718928, -7.783798 ], [ 110.718968, -7.783712 ], [ 110.719, -7.783623 ], [ 110.719021, -7.783577 ], [ 110.719048, -7.783534 ], [ 110.719081, -7.783495 ], [ 110.719119, -7.783461 ], [ 110.719162, -7.783432 ], [ 110.719208, -7.78341 ], [ 110.719256, -7.783395 ], [ 110.719307, -7.783386 ], [ 110.72102, -7.783452 ], [ 110.721046, -7.783457 ], [ 110.721072, -7.783458 ], [ 110.721098, -7.783454 ], [ 110.721124, -7.783446 ], [ 110.721147, -7.783434 ], [ 110.721169, -7.783419 ], [ 110.721187, -7.7834 ], [ 110.721203, -7.783379 ], [ 110.721214, -7.783355 ], [ 110.721277, -7.783123 ], [ 110.721333, -7.78289 ], [ 110.721383, -7.782655 ], [ 110.721427, -7.782419 ], [ 110.721619, -7.781496 ], [ 110.7219, -7.780408 ], [ 110.722106, -7.77963 ], [ 110.722201, -7.779284 ], [ 110.722302, -7.778941 ], [ 110.722409, -7.778599 ], [ 110.722521, -7.778258 ], [ 110.722575, -7.77819 ], [ 110.722776, -7.77804 ], [ 110.72327, -7.77748 ], [ 110.72345, -7.77728 ], [ 110.72365, -7.7771 ], [ 110.72377, -7.77704 ], [ 110.72436, -7.77701 ], [ 110.7246, -7.77704 ], [ 110.72492, -7.77707 ], [ 110.72528, -7.7771 ], [ 110.72578, -7.77711 ], [ 110.72591, -7.77714 ], [ 110.72617, -7.77732 ], [ 110.726579, -7.777747 ], [ 110.72664, -7.776995 ], [ 110.726727, -7.775964 ], [ 110.725448, -7.775793 ], [ 110.725355, -7.775472 ], [ 110.725347, -7.775443 ], [ 110.725344, -7.775414 ], [ 110.725347, -7.775384 ], [ 110.725354, -7.775355 ], [ 110.725366, -7.775328 ], [ 110.725383, -7.775304 ], [ 110.725403, -7.775282 ], [ 110.725427, -7.775264 ], [ 110.725614, -7.775199 ], [ 110.725654, -7.775174 ], [ 110.725689, -7.775143 ], [ 110.72572, -7.775108 ], [ 110.725745, -7.775068 ], [ 110.725765, -7.775025 ], [ 110.725778, -7.77498 ], [ 110.725785, -7.774934 ], [ 110.725785, -7.774887 ], [ 110.725778, -7.77484 ], [ 110.725765, -7.774795 ], [ 110.725745, -7.774753 ], [ 110.72572, -7.774713 ], [ 110.725689, -7.774678 ], [ 110.725613, -7.774633 ], [ 110.725535, -7.774594 ], [ 110.725454, -7.77456 ], [ 110.725426, -7.774546 ], [ 110.7254, -7.774529 ], [ 110.725377, -7.774508 ], [ 110.725349, -7.774479 ], [ 110.725318, -7.774454 ], [ 110.725284, -7.774434 ], [ 110.725248, -7.774417 ], [ 110.72521, -7.774406 ], [ 110.725171, -7.7744 ], [ 110.725058, -7.774374 ], [ 110.724946, -7.774342 ], [ 110.724837, -7.774304 ], [ 110.724817, -7.774295 ], [ 110.724799, -7.774283 ], [ 110.724782, -7.774268 ], [ 110.724769, -7.774251 ], [ 110.724758, -7.774232 ], [ 110.72475, -7.774211 ], [ 110.724746, -7.774189 ], [ 110.724746, -7.774167 ], [ 110.724756, -7.77411 ], [ 110.724768, -7.774053 ], [ 110.724784, -7.773997 ], [ 110.724822, -7.773922 ], [ 110.724865, -7.773848 ], [ 110.724911, -7.773778 ], [ 110.724963, -7.773711 ], [ 110.725018, -7.773646 ], [ 110.725077, -7.773586 ], [ 110.725205, -7.773491 ], [ 110.725331, -7.773393 ], [ 110.725454, -7.773292 ], [ 110.725493, -7.773258 ], [ 110.725527, -7.77322 ], [ 110.725555, -7.773177 ], [ 110.725577, -7.773131 ], [ 110.725592, -7.773082 ], [ 110.725601, -7.773031 ], [ 110.725608, -7.772992 ], [ 110.725621, -7.772954 ], [ 110.725639, -7.772918 ], [ 110.725661, -7.772885 ], [ 110.725719, -7.772823 ], [ 110.725772, -7.772757 ], [ 110.72582, -7.772688 ], [ 110.725863, -7.772615 ], [ 110.725911, -7.772562 ], [ 110.725963, -7.772513 ], [ 110.726019, -7.772468 ], [ 110.726077, -7.772427 ], [ 110.726139, -7.77239 ], [ 110.726178, -7.772364 ], [ 110.726213, -7.772334 ], [ 110.726244, -7.772299 ], [ 110.726271, -7.772261 ], [ 110.726293, -7.77222 ], [ 110.726313, -7.77214 ], [ 110.72634, -7.772061 ], [ 110.726373, -7.771985 ], [ 110.726411, -7.771912 ], [ 110.726456, -7.771842 ], [ 110.726481, -7.771809 ], [ 110.726501, -7.771772 ], [ 110.726516, -7.771734 ], [ 110.726525, -7.771693 ], [ 110.726529, -7.771652 ], [ 110.726528, -7.77161 ], [ 110.726521, -7.771569 ], [ 110.72651, -7.771498 ], [ 110.726502, -7.771426 ], [ 110.726499, -7.771354 ], [ 110.726504, -7.771328 ], [ 110.726512, -7.771304 ], [ 110.726525, -7.771281 ], [ 110.726541, -7.771261 ], [ 110.726561, -7.771244 ], [ 110.726583, -7.77123 ], [ 110.726607, -7.77122 ], [ 110.726633, -7.771215 ], [ 110.726659, -7.771213 ], [ 110.726685, -7.771217 ], [ 110.72671, -7.771224 ], [ 110.726733, -7.771236 ], [ 110.726754, -7.771251 ], [ 110.72679, -7.77127 ], [ 110.726828, -7.771282 ], [ 110.726868, -7.771288 ], [ 110.726909, -7.771288 ], [ 110.726948, -7.771281 ], [ 110.726987, -7.771268 ], [ 110.727056, -7.771067 ], [ 110.726225, -7.770705 ], [ 110.726478, -7.769843 ], [ 110.726472, -7.769825 ], [ 110.726328, -7.769768 ], [ 110.726319, -7.769729 ], [ 110.726502, -7.768997 ], [ 110.726397, -7.768961 ], [ 110.726376, -7.768933 ], [ 110.726359, -7.768901 ], [ 110.726348, -7.768868 ], [ 110.726344, -7.768833 ], [ 110.726345, -7.768797 ], [ 110.726352, -7.768763 ], [ 110.726365, -7.76873 ], [ 110.726384, -7.7687 ], [ 110.726407, -7.768673 ], [ 110.726435, -7.768651 ], [ 110.726466, -7.768634 ], [ 110.726499, -7.768623 ], [ 110.726596, -7.768613 ], [ 110.726693, -7.768609 ], [ 110.726789, -7.76861 ], [ 110.726886, -7.768615 ], [ 110.726982, -7.768626 ], [ 110.727036, -7.768621 ], [ 110.727088, -7.768609 ], [ 110.727139, -7.768592 ], [ 110.727188, -7.76857 ], [ 110.727233, -7.768542 ], [ 110.727276, -7.76851 ], [ 110.727315, -7.768473 ], [ 110.727349, -7.768431 ], [ 110.727378, -7.768387 ], [ 110.727402, -7.768339 ], [ 110.727427, -7.768277 ], [ 110.727457, -7.768218 ], [ 110.727494, -7.768163 ], [ 110.727536, -7.768112 ], [ 110.727584, -7.768065 ], [ 110.727636, -7.768024 ], [ 110.727692, -7.767988 ], [ 110.727751, -7.767959 ], [ 110.727814, -7.767935 ], [ 110.728022, -7.767951 ], [ 110.72823, -7.76797 ], [ 110.728438, -7.767993 ], [ 110.728457, -7.767998 ], [ 110.728478, -7.768 ], [ 110.728498, -7.767999 ], [ 110.728518, -7.767994 ], [ 110.728537, -7.767987 ], [ 110.728554, -7.767976 ], [ 110.72857, -7.767963 ], [ 110.728583, -7.767947 ], [ 110.728594, -7.76793 ], [ 110.728601, -7.767911 ], [ 110.728606, -7.767891 ], [ 110.72862, -7.767842 ], [ 110.728628, -7.767792 ], [ 110.72863, -7.767741 ], [ 110.728627, -7.76769 ], [ 110.728618, -7.76764 ], [ 110.728588, -7.767479 ], [ 110.728551, -7.767319 ], [ 110.728507, -7.767161 ], [ 110.728495, -7.767139 ], [ 110.728488, -7.767115 ], [ 110.728484, -7.767091 ], [ 110.728485, -7.767066 ], [ 110.72849, -7.767041 ], [ 110.728499, -7.767018 ], [ 110.728512, -7.766997 ], [ 110.728529, -7.766978 ], [ 110.728549, -7.766963 ], [ 110.72857, -7.766951 ], [ 110.728594, -7.766943 ], [ 110.728879, -7.766751 ], [ 110.728921, -7.766721 ], [ 110.728958, -7.766686 ], [ 110.728991, -7.766647 ], [ 110.729019, -7.766605 ], [ 110.729042, -7.766559 ], [ 110.72906, -7.766511 ], [ 110.729072, -7.766461 ], [ 110.729077, -7.766411 ], [ 110.729077, -7.766359 ], [ 110.72907, -7.766309 ], [ 110.728919, -7.765864 ], [ 110.728909, -7.765823 ], [ 110.728906, -7.76578 ], [ 110.728909, -7.765738 ], [ 110.72892, -7.765697 ], [ 110.728936, -7.765659 ], [ 110.728959, -7.765623 ], [ 110.729088, -7.765546 ], [ 110.729218, -7.765472 ], [ 110.729301, -7.765421 ], [ 110.72938, -7.765363 ], [ 110.729455, -7.765301 ], [ 110.729525, -7.765233 ], [ 110.729591, -7.765161 ], [ 110.729651, -7.765084 ], [ 110.729706, -7.765004 ], [ 110.729755, -7.76492 ], [ 110.72989, -7.764594 ], [ 110.730022, -7.764267 ], [ 110.73008, -7.764026 ], [ 110.730131, -7.763783 ], [ 110.730176, -7.763539 ], [ 110.730213, -7.763294 ], [ 110.730163, -7.762716 ], [ 110.73017, -7.762663 ], [ 110.730183, -7.762611 ], [ 110.730203, -7.762561 ], [ 110.730229, -7.762514 ], [ 110.730261, -7.762471 ], [ 110.730299, -7.762433 ], [ 110.730341, -7.762399 ], [ 110.730387, -7.762371 ], [ 110.730448, -7.762356 ], [ 110.730511, -7.762346 ], [ 110.730574, -7.762344 ], [ 110.730637, -7.762348 ], [ 110.7307, -7.762358 ], [ 110.730761, -7.762376 ], [ 110.73082, -7.762399 ], [ 110.730876, -7.762429 ], [ 110.730928, -7.762464 ], [ 110.730977, -7.762505 ], [ 110.731109, -7.762735 ], [ 110.731244, -7.762964 ], [ 110.731383, -7.763191 ], [ 110.731406, -7.763212 ], [ 110.731433, -7.763229 ], [ 110.731462, -7.763241 ], [ 110.731493, -7.763248 ], [ 110.731524, -7.763249 ], [ 110.731555, -7.763245 ], [ 110.731585, -7.763236 ], [ 110.731614, -7.763222 ], [ 110.731639, -7.763203 ], [ 110.73166, -7.76318 ], [ 110.731703, -7.763088 ], [ 110.731741, -7.762994 ], [ 110.731774, -7.762898 ], [ 110.731803, -7.762801 ], [ 110.731826, -7.762703 ], [ 110.731837, -7.76266 ], [ 110.731854, -7.762619 ], [ 110.731877, -7.762582 ], [ 110.731905, -7.762548 ], [ 110.731938, -7.762519 ], [ 110.731976, -7.762495 ], [ 110.732016, -7.762477 ], [ 110.732059, -7.762466 ], [ 110.732102, -7.762461 ], [ 110.732147, -7.762462 ], [ 110.732488, -7.762585 ], [ 110.732547, -7.7626 ], [ 110.732607, -7.76261 ], [ 110.732668, -7.762613 ], [ 110.732729, -7.76261 ], [ 110.732789, -7.7626 ], [ 110.732848, -7.762584 ], [ 110.732905, -7.762562 ], [ 110.732959, -7.762534 ], [ 110.73301, -7.762501 ], [ 110.733057, -7.762463 ], [ 110.733125, -7.762417 ], [ 110.733197, -7.762376 ], [ 110.733272, -7.762342 ], [ 110.733349, -7.762313 ], [ 110.733428, -7.762291 ], [ 110.733509, -7.762275 ], [ 110.733591, -7.762266 ], [ 110.733673, -7.762263 ], [ 110.733755, -7.762267 ], [ 110.733837, -7.762278 ], [ 110.733918, -7.762295 ], [ 110.73494, -7.762554 ], [ 110.735239, -7.761369 ], [ 110.735269, -7.761295 ], [ 110.735305, -7.761223 ], [ 110.735346, -7.761155 ], [ 110.735393, -7.761089 ], [ 110.735444, -7.761028 ], [ 110.7355, -7.760971 ], [ 110.735561, -7.760918 ], [ 110.735625, -7.76087 ], [ 110.735693, -7.760828 ], [ 110.736197, -7.76061 ], [ 110.7367, -7.76039 ], [ 110.737001, -7.760259 ], [ 110.737122, -7.760241 ], [ 110.737245, -7.760229 ], [ 110.737367, -7.760225 ], [ 110.73749, -7.760227 ], [ 110.737578, -7.760234 ], [ 110.737667, -7.760234 ], [ 110.737725, -7.760226 ], [ 110.737781, -7.760212 ], [ 110.737836, -7.760192 ], [ 110.737888, -7.760165 ], [ 110.737937, -7.760133 ], [ 110.737981, -7.760095 ], [ 110.738021, -7.760053 ], [ 110.738123, -7.759923 ], [ 110.73822, -7.75979 ], [ 110.738313, -7.759654 ], [ 110.738402, -7.759515 ], [ 110.738487, -7.759374 ], [ 110.738567, -7.75923 ], [ 110.739272, -7.758015 ], [ 110.739335, -7.75793 ], [ 110.73946, -7.75772 ], [ 110.73962, -7.75744 ], [ 110.73973, -7.75728 ], [ 110.73997, -7.75702 ], [ 110.74073, -7.75695 ], [ 110.74099, -7.7571 ], [ 110.74127, -7.75736 ], [ 110.7416, -7.7576 ], [ 110.74175, -7.75762 ], [ 110.74187, -7.75756 ], [ 110.74189, -7.75742 ], [ 110.74184, -7.7572 ], [ 110.741713, -7.757005 ], [ 110.74171, -7.757 ], [ 110.74155, -7.75683 ], [ 110.74133, -7.75665 ], [ 110.74123, -7.75635 ], [ 110.74128, -7.75621 ], [ 110.74136, -7.75615 ], [ 110.74152, -7.75613 ], [ 110.74167, -7.75613 ], [ 110.74184, -7.75612 ], [ 110.74193, -7.75606 ], [ 110.74196, -7.75593 ], [ 110.74192, -7.75581 ], [ 110.7418, -7.75555 ], [ 110.74154, -7.75518 ], [ 110.741634, -7.755028 ], [ 110.741734, -7.754881 ], [ 110.74184, -7.754737 ], [ 110.741951, -7.754598 ], [ 110.742068, -7.754463 ], [ 110.74219, -7.754333 ], [ 110.742317, -7.754208 ], [ 110.74245, -7.754089 ], [ 110.742586, -7.753974 ], [ 110.742728, -7.753865 ], [ 110.742873, -7.753762 ], [ 110.743023, -7.753665 ], [ 110.74327, -7.753553 ], [ 110.743515, -7.753438 ], [ 110.743611, -7.753382 ], [ 110.743704, -7.75332 ], [ 110.743793, -7.753253 ], [ 110.743878, -7.753182 ], [ 110.743959, -7.753106 ], [ 110.744036, -7.753025 ], [ 110.744108, -7.75294 ], [ 110.744175, -7.752852 ], [ 110.744285, -7.752699 ], [ 110.744398, -7.75255 ], [ 110.744516, -7.752403 ], [ 110.744638, -7.75226 ], [ 110.744679, -7.752207 ], [ 110.744714, -7.75215 ], [ 110.744745, -7.752091 ], [ 110.74477, -7.752029 ], [ 110.744789, -7.751965 ], [ 110.744802, -7.751899 ], [ 110.744809, -7.751833 ], [ 110.74481, -7.751766 ], [ 110.744804, -7.751699 ], [ 110.744793, -7.751633 ], [ 110.744775, -7.751569 ], [ 110.744752, -7.751506 ], [ 110.744646, -7.751304 ], [ 110.744546, -7.751098 ], [ 110.744452, -7.75089 ], [ 110.74444, -7.750819 ], [ 110.744432, -7.750748 ], [ 110.744431, -7.750677 ], [ 110.744436, -7.750605 ], [ 110.744447, -7.750535 ], [ 110.744463, -7.750465 ], [ 110.744486, -7.750397 ], [ 110.744513, -7.750331 ], [ 110.744547, -7.750268 ], [ 110.744585, -7.750207 ], [ 110.744772, -7.750009 ], [ 110.744962, -7.749814 ], [ 110.745155, -7.749621 ], [ 110.74522, -7.749572 ], [ 110.745289, -7.749528 ], [ 110.745361, -7.749489 ], [ 110.745436, -7.749455 ], [ 110.745513, -7.749427 ], [ 110.745592, -7.749405 ], [ 110.745672, -7.749389 ], [ 110.745753, -7.749379 ], [ 110.745835, -7.749375 ], [ 110.745917, -7.749377 ], [ 110.746023, -7.749383 ], [ 110.74613, -7.749382 ], [ 110.746236, -7.749374 ], [ 110.746341, -7.749359 ], [ 110.746445, -7.749338 ], [ 110.746548, -7.74931 ], [ 110.746648, -7.749275 ], [ 110.746746, -7.749233 ], [ 110.746841, -7.749186 ], [ 110.746904, -7.749137 ], [ 110.746963, -7.749084 ], [ 110.747018, -7.749026 ], [ 110.747067, -7.748963 ], [ 110.747111, -7.748897 ], [ 110.74715, -7.748827 ], [ 110.747182, -7.748754 ], [ 110.747209, -7.748679 ], [ 110.747229, -7.748602 ], [ 110.747242, -7.748523 ], [ 110.747249, -7.748444 ], [ 110.747262, -7.748243 ], [ 110.747282, -7.748042 ], [ 110.747308, -7.747842 ], [ 110.74734, -7.747642 ], [ 110.747379, -7.747444 ], [ 110.747424, -7.747247 ], [ 110.747475, -7.747052 ], [ 110.747532, -7.746859 ], [ 110.747665, -7.74665 ], [ 110.7478, -7.74643 ], [ 110.74824, -7.74584 ], [ 110.7487, -7.74519 ], [ 110.748913, -7.744897 ], [ 110.74907, -7.74468 ], [ 110.7494, -7.74415 ], [ 110.74972, -7.74367 ], [ 110.75, -7.74326 ], [ 110.75, -7.74318 ], [ 110.75008, -7.74308 ], [ 110.75019, -7.74324 ], [ 110.75035, -7.74348 ], [ 110.75042, -7.74358 ], [ 110.75072, -7.74364 ], [ 110.75102, -7.74368 ], [ 110.75116, -7.7437 ], [ 110.75122, -7.74446 ], [ 110.75107, -7.74485 ], [ 110.75082, -7.74547 ], [ 110.750806, -7.745558 ], [ 110.75074, -7.74598 ], [ 110.75071, -7.74654 ], [ 110.75075, -7.74707 ], [ 110.750785, -7.747243 ], [ 110.750789, -7.747263 ], [ 110.75085, -7.74757 ], [ 110.75104, -7.74813 ], [ 110.751068, -7.74831 ], [ 110.75109, -7.74845 ], [ 110.75112, -7.74897 ] ] ] } },
{ "type": "Feature", "properties": { "KAB": "KAB SUKOHARJO", "KEC": "KEC. NGUTER", "Sumber": "RTRW Kab. Sukoharjo & Verifikasi Desa", "Tahun": "2014", "Label": "Kec. Nguter", "Luas": 5784.6547188000004 }, "geometry": { "type": "Polygon", "coordinates": [ [ [ 110.82599, -7.711194 ], [ 110.826018, -7.711682 ], [ 110.827521, -7.711565 ], [ 110.827651, -7.711546 ], [ 110.827799, -7.711525 ], [ 110.828698, -7.711394 ], [ 110.829694, -7.711247 ], [ 110.829986, -7.711204 ], [ 110.830621, -7.711015 ], [ 110.830731, -7.710725 ], [ 110.830881, -7.710752 ], [ 110.830966, -7.710734 ], [ 110.831034, -7.710626 ], [ 110.831497, -7.71068 ], [ 110.831593, -7.710554 ], [ 110.832102, -7.709885 ], [ 110.832441, -7.709586 ], [ 110.832749, -7.709324 ], [ 110.832995, -7.708628 ], [ 110.833142, -7.708085 ], [ 110.833498, -7.708248 ], [ 110.833707, -7.708329 ], [ 110.833918, -7.708411 ], [ 110.833979, -7.708429 ], [ 110.834377, -7.708818 ], [ 110.834794, -7.708809 ], [ 110.834935, -7.708873 ], [ 110.834935, -7.708872 ], [ 110.835154, -7.708719 ], [ 110.835519, -7.709027 ], [ 110.83567, -7.709162 ], [ 110.836168, -7.709071 ], [ 110.836312, -7.709045 ], [ 110.836566, -7.708895 ], [ 110.836831, -7.708738 ], [ 110.836884, -7.708733 ], [ 110.837478, -7.708684 ], [ 110.837701, -7.708666 ], [ 110.838214, -7.708666 ], [ 110.838835, -7.708666 ], [ 110.838918, -7.708655 ], [ 110.839402, -7.708594 ], [ 110.839954, -7.708504 ], [ 110.840311, -7.70844 ], [ 110.840625, -7.708395 ], [ 110.840938, -7.708504 ], [ 110.841012, -7.708929 ], [ 110.841564, -7.709391 ], [ 110.842459, -7.709934 ], [ 110.842647, -7.710078 ], [ 110.842861, -7.710241 ], [ 110.843309, -7.71064 ], [ 110.843534, -7.710802 ], [ 110.844317, -7.710644 ], [ 110.844692, -7.710568 ], [ 110.844731, -7.710559 ], [ 110.844899, -7.710519 ], [ 110.845093, -7.710473 ], [ 110.845683, -7.710333 ], [ 110.845849, -7.710297 ], [ 110.846339, -7.710197 ], [ 110.846393, -7.710188 ], [ 110.846472, -7.710179 ], [ 110.846968, -7.70999 ], [ 110.847078, -7.709948 ], [ 110.847078, -7.709948 ], [ 110.847078, -7.709948 ], [ 110.847187, -7.70995 ], [ 110.847271, -7.709952 ], [ 110.847593, -7.709985 ], [ 110.847881, -7.710019 ], [ 110.847967, -7.70999 ], [ 110.848106, -7.709938 ], [ 110.848398, -7.709871 ], [ 110.848424, -7.709865 ], [ 110.848442, -7.709861 ], [ 110.848725, -7.709799 ], [ 110.848948, -7.709735 ], [ 110.849124, -7.709684 ], [ 110.849179, -7.70965 ], [ 110.849437, -7.709492 ], [ 110.849474, -7.709469 ], [ 110.849631, -7.709379 ], [ 110.849973, -7.709182 ], [ 110.849977, -7.70918 ], [ 110.850127, -7.709072 ], [ 110.850309, -7.708991 ], [ 110.850449, -7.708907 ], [ 110.850708, -7.708751 ], [ 110.850811, -7.708695 ], [ 110.850924, -7.708634 ], [ 110.850981, -7.708603 ], [ 110.850986, -7.7086 ], [ 110.851155, -7.708483 ], [ 110.851442, -7.708285 ], [ 110.851519, -7.708282 ], [ 110.851817, -7.708191 ], [ 110.851844, -7.708182 ], [ 110.851848, -7.70818 ], [ 110.851884, -7.708164 ], [ 110.851897, -7.708164 ], [ 110.851945, -7.708164 ], [ 110.852236, -7.708082 ], [ 110.852329, -7.708056 ], [ 110.852551, -7.707983 ], [ 110.852645, -7.707947 ], [ 110.852832, -7.707924 ], [ 110.853244, -7.707874 ], [ 110.853457, -7.707848 ], [ 110.85364, -7.707786 ], [ 110.853775, -7.70774 ], [ 110.85397, -7.707639 ], [ 110.854044, -7.7076 ], [ 110.854229, -7.707505 ], [ 110.854434, -7.707476 ], [ 110.854812, -7.707517 ], [ 110.855121, -7.707611 ], [ 110.855352, -7.707718 ], [ 110.855575, -7.707855 ], [ 110.855614, -7.707885 ], [ 110.855733, -7.707977 ], [ 110.855795, -7.707985 ], [ 110.855823, -7.707988 ], [ 110.856014, -7.708013 ], [ 110.856446, -7.707992 ], [ 110.856623, -7.707984 ], [ 110.857288, -7.707956 ], [ 110.857447, -7.707951 ], [ 110.857635, -7.707939 ], [ 110.85766, -7.707966 ], [ 110.85775, -7.707915 ], [ 110.857798, -7.707887 ], [ 110.858128, -7.707698 ], [ 110.858167, -7.70769 ], [ 110.858222, -7.707677 ], [ 110.858477, -7.707663 ], [ 110.858721, -7.707649 ], [ 110.858927, -7.707642 ], [ 110.8598, -7.707637 ], [ 110.860244, -7.707649 ], [ 110.860663, -7.707655 ], [ 110.860771, -7.707656 ], [ 110.861089, -7.707658 ], [ 110.861752, -7.707661 ], [ 110.862013, -7.707679 ], [ 110.862281, -7.707744 ], [ 110.862563, -7.70782 ], [ 110.862612, -7.707831 ], [ 110.862879, -7.707892 ], [ 110.863093, -7.707928 ], [ 110.863196, -7.707952 ], [ 110.863251, -7.707923 ], [ 110.863323, -7.707828 ], [ 110.863482, -7.707694 ], [ 110.863614, -7.70762 ], [ 110.863843, -7.707581 ], [ 110.864056, -7.707544 ], [ 110.864492, -7.707607 ], [ 110.8648, -7.707381 ], [ 110.865318, -7.70702 ], [ 110.865622, -7.706821 ], [ 110.865776, -7.70676 ], [ 110.866144, -7.706613 ], [ 110.866237, -7.706577 ], [ 110.866778, -7.706378 ], [ 110.866872, -7.706333 ], [ 110.867084, -7.706351 ], [ 110.867413, -7.706568 ], [ 110.868059, -7.706919 ], [ 110.868414, -7.707111 ], [ 110.868799, -7.707265 ], [ 110.868907, -7.707291 ], [ 110.869014, -7.707316 ], [ 110.86903, -7.707319 ], [ 110.869167, -7.707292 ], [ 110.869173, -7.707284 ], [ 110.869109, -7.707948 ], [ 110.869103, -7.708004 ], [ 110.868921, -7.709 ], [ 110.868815, -7.709382 ], [ 110.86869, -7.710254 ], [ 110.869112, -7.710369 ], [ 110.86898, -7.710904 ], [ 110.869201, -7.710952 ], [ 110.869353, -7.710985 ], [ 110.869935, -7.711111 ], [ 110.870775, -7.711282 ], [ 110.870827, -7.711314 ], [ 110.870973, -7.711318 ], [ 110.871145, -7.711323 ], [ 110.8712, -7.711343 ], [ 110.871325, -7.711386 ], [ 110.871747, -7.711494 ], [ 110.873127, -7.711728 ], [ 110.873422, -7.711778 ], [ 110.873458, -7.711784 ], [ 110.874968, -7.71204 ], [ 110.875766, -7.712159 ], [ 110.876546, -7.712301 ], [ 110.877572, -7.712519 ], [ 110.878499, -7.712637 ], [ 110.879425, -7.712804 ], [ 110.88016, -7.71293 ], [ 110.880823, -7.712993 ], [ 110.881608, -7.713107 ], [ 110.882655, -7.71319 ], [ 110.883285, -7.713263 ], [ 110.883873, -7.713317 ], [ 110.884119, -7.712923 ], [ 110.884311, -7.712696 ], [ 110.884539, -7.712564 ], [ 110.884635, -7.712468 ], [ 110.884731, -7.712277 ], [ 110.884755, -7.712157 ], [ 110.884755, -7.711978 ], [ 110.884839, -7.711846 ], [ 110.885055, -7.711894 ], [ 110.885343, -7.712086 ], [ 110.885834, -7.712397 ], [ 110.885978, -7.712481 ], [ 110.886134, -7.712588 ], [ 110.886314, -7.7126 ], [ 110.886386, -7.712553 ], [ 110.886506, -7.712481 ], [ 110.886878, -7.712553 ], [ 110.887046, -7.712601 ], [ 110.887202, -7.712529 ], [ 110.887418, -7.712337 ], [ 110.887502, -7.712206 ], [ 110.887646, -7.712122 ], [ 110.888018, -7.712194 ], [ 110.888198, -7.712326 ], [ 110.888282, -7.712362 ], [ 110.888414, -7.712254 ], [ 110.88863, -7.712074 ], [ 110.888786, -7.712039 ], [ 110.888918, -7.712039 ], [ 110.889038, -7.712039 ], [ 110.889277, -7.71217 ], [ 110.889361, -7.712206 ], [ 110.889589, -7.712218 ], [ 110.889757, -7.712218 ], [ 110.889913, -7.712266 ], [ 110.889997, -7.712386 ], [ 110.890129, -7.712553 ], [ 110.890261, -7.712709 ], [ 110.890392, -7.712991 ], [ 110.890705, -7.712949 ], [ 110.891029, -7.712673 ], [ 110.891149, -7.712506 ], [ 110.891317, -7.712422 ], [ 110.891533, -7.712374 ], [ 110.891677, -7.712446 ], [ 110.891749, -7.712506 ], [ 110.891893, -7.712626 ], [ 110.892085, -7.712674 ], [ 110.892264, -7.712722 ], [ 110.89248, -7.712734 ], [ 110.8926, -7.712734 ], [ 110.892732, -7.712638 ], [ 110.892792, -7.712542 ], [ 110.892864, -7.712375 ], [ 110.892972, -7.712171 ], [ 110.89308, -7.71204 ], [ 110.893164, -7.711944 ], [ 110.89332, -7.711896 ], [ 110.893536, -7.711896 ], [ 110.89368, -7.71192 ], [ 110.893944, -7.711992 ], [ 110.894172, -7.71204 ], [ 110.894328, -7.712052 ], [ 110.894472, -7.712052 ], [ 110.894616, -7.712052 ], [ 110.894784, -7.712004 ], [ 110.894976, -7.711909 ], [ 110.895084, -7.711861 ], [ 110.895252, -7.711825 ], [ 110.895384, -7.711729 ], [ 110.895432, -7.711609 ], [ 110.89554, -7.711502 ], [ 110.895684, -7.711394 ], [ 110.895864, -7.711322 ], [ 110.895946, -7.711305 ], [ 110.896032, -7.711286 ], [ 110.896128, -7.711287 ], [ 110.896416, -7.711203 ], [ 110.896572, -7.711179 ], [ 110.896908, -7.711119 ], [ 110.897099, -7.711083 ], [ 110.897207, -7.711047 ], [ 110.897795, -7.711442 ], [ 110.898455, -7.711694 ], [ 110.899799, -7.711754 ], [ 110.902414, -7.711647 ], [ 110.902258, -7.712437 ], [ 110.901987, -7.713654 ], [ 110.902084, -7.715194 ], [ 110.902106, -7.715793 ], [ 110.902116, -7.715943 ], [ 110.902274, -7.716867 ], [ 110.902289, -7.716864 ], [ 110.902428, -7.716829 ], [ 110.902662, -7.716819 ], [ 110.903076, -7.716819 ], [ 110.903532, -7.716862 ], [ 110.90382, -7.716948 ], [ 110.904108, -7.717092 ], [ 110.904415, -7.717217 ], [ 110.904857, -7.717332 ], [ 110.905466, -7.717471 ], [ 110.906296, -7.717672 ], [ 110.907481, -7.717974 ], [ 110.908575, -7.718261 ], [ 110.909046, -7.718429 ], [ 110.90965, -7.718525 ], [ 110.910188, -7.718563 ], [ 110.910005, -7.719291 ], [ 110.909611, -7.721004 ], [ 110.909397, -7.721903 ], [ 110.909102, -7.723014 ], [ 110.90916, -7.723158 ], [ 110.909093, -7.723378 ], [ 110.908858, -7.724004 ], [ 110.90875, -7.724248 ], [ 110.908685, -7.724535 ], [ 110.908527, -7.724751 ], [ 110.908467, -7.7248 ], [ 110.908624, -7.72562 ], [ 110.908639, -7.725615 ], [ 110.90909, -7.725447 ], [ 110.909774, -7.725203 ], [ 110.910792, -7.724788 ], [ 110.911455, -7.724523 ], [ 110.911738, -7.724422 ], [ 110.912515, -7.724096 ], [ 110.912974, -7.723877 ], [ 110.913113, -7.723817 ], [ 110.913249, -7.723452 ], [ 110.913166, -7.722778 ], [ 110.913301, -7.722462 ], [ 110.91355, -7.722289 ], [ 110.914424, -7.722338 ], [ 110.915998, -7.722529 ], [ 110.91618, -7.722625 ], [ 110.916602, -7.72275 ], [ 110.917792, -7.722893 ], [ 110.917706, -7.723152 ], [ 110.918062, -7.723114 ], [ 110.918402, -7.723061 ], [ 110.918831, -7.722998 ], [ 110.918917, -7.722985 ], [ 110.918839, -7.721754 ], [ 110.918762, -7.721371 ], [ 110.918778, -7.721179 ], [ 110.918933, -7.721373 ], [ 110.919094, -7.721351 ], [ 110.919196, -7.721199 ], [ 110.919226, -7.72105 ], [ 110.919232, -7.720894 ], [ 110.91925, -7.720774 ], [ 110.919292, -7.720673 ], [ 110.919346, -7.720601 ], [ 110.919436, -7.720571 ], [ 110.919508, -7.720529 ], [ 110.919574, -7.720475 ], [ 110.919628, -7.720439 ], [ 110.9197, -7.720362 ], [ 110.919748, -7.720278 ], [ 110.91979, -7.720194 ], [ 110.919814, -7.720068 ], [ 110.919826, -7.720003 ], [ 110.91991, -7.719943 ], [ 110.919964, -7.719895 ], [ 110.920036, -7.719871 ], [ 110.920096, -7.719835 ], [ 110.920246, -7.719799 ], [ 110.920384, -7.719757 ], [ 110.920492, -7.719692 ], [ 110.92054, -7.7195 ], [ 110.920612, -7.719333 ], [ 110.920636, -7.719267 ], [ 110.920672, -7.719147 ], [ 110.92069, -7.719081 ], [ 110.920714, -7.719028 ], [ 110.920744, -7.71898 ], [ 110.920804, -7.718944 ], [ 110.920912, -7.718938 ], [ 110.921014, -7.718932 ], [ 110.921116, -7.71892 ], [ 110.921188, -7.718902 ], [ 110.92126, -7.718866 ], [ 110.921296, -7.718842 ], [ 110.921482, -7.718741 ], [ 110.921758, -7.718609 ], [ 110.922046, -7.718483 ], [ 110.922256, -7.718352 ], [ 110.922316, -7.718322 ], [ 110.922388, -7.718148 ], [ 110.922544, -7.718041 ], [ 110.922682, -7.718041 ], [ 110.922897, -7.718053 ], [ 110.923023, -7.718011 ], [ 110.923107, -7.717927 ], [ 110.923137, -7.717688 ], [ 110.92285, -7.717424 ], [ 110.922736, -7.7174 ], [ 110.922526, -7.717221 ], [ 110.921914, -7.716856 ], [ 110.921594, -7.716626 ], [ 110.922201, -7.716565 ], [ 110.923767, -7.716316 ], [ 110.924182, -7.71625 ], [ 110.924557, -7.716209 ], [ 110.924583, -7.715618 ], [ 110.925269, -7.715316 ], [ 110.925669, -7.715253 ], [ 110.926137, -7.715301 ], [ 110.927133, -7.715373 ], [ 110.928368, -7.715463 ], [ 110.928602, -7.715529 ], [ 110.928566, -7.716318 ], [ 110.929544, -7.716325 ], [ 110.930084, -7.716408 ], [ 110.930228, -7.716385 ], [ 110.93045, -7.716432 ], [ 110.930588, -7.716438 ], [ 110.930756, -7.716379 ], [ 110.93087, -7.716319 ], [ 110.931343, -7.716301 ], [ 110.932027, -7.716307 ], [ 110.931901, -7.716594 ], [ 110.932075, -7.716732 ], [ 110.932507, -7.716911 ], [ 110.932687, -7.716977 ], [ 110.932789, -7.716977 ], [ 110.933059, -7.717151 ], [ 110.933053, -7.7176 ], [ 110.933071, -7.718096 ], [ 110.933088, -7.718605 ], [ 110.933496, -7.718614 ], [ 110.934068, -7.718593 ], [ 110.934473, -7.718566 ], [ 110.934651, -7.719479 ], [ 110.934701, -7.71988 ], [ 110.935152, -7.719855 ], [ 110.935803, -7.719837 ], [ 110.936146, -7.719832 ], [ 110.936386, -7.719829 ], [ 110.937183, -7.719819 ], [ 110.937764, -7.719835 ], [ 110.937799, -7.719837 ], [ 110.938031, -7.719848 ], [ 110.938031, -7.719848 ], [ 110.938452, -7.719882 ], [ 110.938699, -7.719906 ], [ 110.938807, -7.719917 ], [ 110.939593, -7.720012 ], [ 110.940123, -7.720055 ], [ 110.940392, -7.720068 ], [ 110.940636, -7.720111 ], [ 110.941036, -7.720137 ], [ 110.94143, -7.720138 ], [ 110.942111, -7.720111 ], [ 110.942673, -7.720091 ], [ 110.943028, -7.720081 ], [ 110.943078, -7.72008 ], [ 110.943408, -7.720071 ], [ 110.943726, -7.720066 ], [ 110.943766, -7.720066 ], [ 110.943893, -7.720064 ], [ 110.944197, -7.720058 ], [ 110.944095, -7.720725 ], [ 110.944059, -7.721006 ], [ 110.943981, -7.721658 ], [ 110.943795, -7.723022 ], [ 110.943777, -7.723285 ], [ 110.943801, -7.723447 ], [ 110.943801, -7.723525 ], [ 110.943759, -7.723597 ], [ 110.943711, -7.723704 ], [ 110.943693, -7.723884 ], [ 110.943669, -7.724069 ], [ 110.943663, -7.72441 ], [ 110.943621, -7.724739 ], [ 110.943537, -7.724997 ], [ 110.943405, -7.725493 ], [ 110.943369, -7.72581 ], [ 110.943381, -7.72596 ], [ 110.943357, -7.726092 ], [ 110.943299, -7.726445 ], [ 110.943147, -7.727557 ], [ 110.943033, -7.728329 ], [ 110.943, -7.728603 ], [ 110.942936, -7.729131 ], [ 110.942786, -7.729987 ], [ 110.942576, -7.731189 ], [ 110.942012, -7.731052 ], [ 110.941913, -7.731594 ], [ 110.942161, -7.731631 ], [ 110.942516, -7.731728 ], [ 110.94239, -7.732619 ], [ 110.942312, -7.733403 ], [ 110.942144, -7.734618 ], [ 110.941962, -7.735697 ], [ 110.941922, -7.736005 ], [ 110.942526, -7.736207 ], [ 110.942501, -7.737799 ], [ 110.942261, -7.737799 ], [ 110.941597, -7.737768 ], [ 110.941467, -7.739146 ], [ 110.941128, -7.741314 ], [ 110.940744, -7.743156 ], [ 110.940302, -7.7453 ], [ 110.940526, -7.745797 ], [ 110.940642, -7.746211 ], [ 110.94079, -7.746737 ], [ 110.940901, -7.74708 ], [ 110.940976, -7.747313 ], [ 110.941073, -7.747613 ], [ 110.941093, -7.747785 ], [ 110.941204, -7.747795 ], [ 110.941247, -7.747799 ], [ 110.941629, -7.747835 ], [ 110.941887, -7.747876 ], [ 110.941871, -7.748003 ], [ 110.941679, -7.748859 ], [ 110.941649, -7.748948 ], [ 110.941577, -7.748978 ], [ 110.941493, -7.748978 ], [ 110.941325, -7.748918 ], [ 110.941103, -7.748829 ], [ 110.940923, -7.748703 ], [ 110.940731, -7.748559 ], [ 110.940575, -7.748505 ], [ 110.940474, -7.748523 ], [ 110.940396, -7.748589 ], [ 110.94039, -7.748703 ], [ 110.940389, -7.74884 ], [ 110.940359, -7.749026 ], [ 110.94027, -7.749118 ], [ 110.940272, -7.74913 ], [ 110.940297, -7.749281 ], [ 110.940344, -7.749604 ], [ 110.94043, -7.750168 ], [ 110.940484, -7.75052 ], [ 110.940531, -7.750868 ], [ 110.940556, -7.751062 ], [ 110.940588, -7.751266 ], [ 110.940628, -7.751572 ], [ 110.940667, -7.751916 ], [ 110.940714, -7.752304 ], [ 110.940746, -7.752591 ], [ 110.94075, -7.752735 ], [ 110.940772, -7.75299 ], [ 110.940851, -7.753611 ], [ 110.940853, -7.753634 ], [ 110.940912, -7.754199 ], [ 110.940922, -7.754316 ], [ 110.940976, -7.754917 ], [ 110.941016, -7.755546 ], [ 110.941021, -7.755738 ], [ 110.941034, -7.756203 ], [ 110.941012, -7.756486 ], [ 110.940973, -7.756856 ], [ 110.940972, -7.756864 ], [ 110.940965, -7.757229 ], [ 110.940893, -7.757782 ], [ 110.940882, -7.757936 ], [ 110.940864, -7.758184 ], [ 110.940777, -7.759108 ], [ 110.940749, -7.759398 ], [ 110.940702, -7.75994 ], [ 110.940666, -7.760227 ], [ 110.940587, -7.760661 ], [ 110.9405, -7.761408 ], [ 110.940439, -7.761983 ], [ 110.940399, -7.762266 ], [ 110.940363, -7.763024 ], [ 110.940316, -7.763971 ], [ 110.940298, -7.764284 ], [ 110.940331, -7.76446 ], [ 110.940349, -7.764542 ], [ 110.940426, -7.764714 ], [ 110.940518, -7.764916 ], [ 110.940683, -7.765343 ], [ 110.940781, -7.765623 ], [ 110.940813, -7.765921 ], [ 110.940809, -7.766326 ], [ 110.940804, -7.766381 ], [ 110.940766, -7.7668 ], [ 110.94077, -7.767113 ], [ 110.940715, -7.767802 ], [ 110.940615, -7.768114 ], [ 110.940554, -7.768391 ], [ 110.940438, -7.768922 ], [ 110.940288, -7.769644 ], [ 110.940283, -7.769669 ], [ 110.940132, -7.77038 ], [ 110.939898, -7.771137 ], [ 110.939721, -7.771701 ], [ 110.939693, -7.771791 ], [ 110.939505, -7.77239 ], [ 110.939493, -7.772447 ], [ 110.939462, -7.772587 ], [ 110.939377, -7.772826 ], [ 110.939333, -7.77295 ], [ 110.939091, -7.773732 ], [ 110.939026, -7.774002 ], [ 110.93889, -7.774411 ], [ 110.938771, -7.77472 ], [ 110.938726, -7.774832 ], [ 110.938419, -7.775603 ], [ 110.938379, -7.775703 ], [ 110.93824, -7.776045 ], [ 110.938098, -7.776364 ], [ 110.938036, -7.776498 ], [ 110.937813, -7.77689 ], [ 110.937688, -7.777161 ], [ 110.937573, -7.777529 ], [ 110.937539, -7.777742 ], [ 110.937525, -7.777917 ], [ 110.937429, -7.77817 ], [ 110.937397, -7.778251 ], [ 110.93726, -7.778601 ], [ 110.937145, -7.778874 ], [ 110.937071, -7.779212 ], [ 110.937037, -7.779298 ], [ 110.936984, -7.779413 ], [ 110.936941, -7.779513 ], [ 110.936852, -7.779695 ], [ 110.93679, -7.779829 ], [ 110.93661, -7.78004 ], [ 110.936444, -7.780233 ], [ 110.936228, -7.78043 ], [ 110.936215, -7.78044 ], [ 110.935986, -7.780155 ], [ 110.935497, -7.779648 ], [ 110.935084, -7.779303 ], [ 110.935333, -7.778595 ], [ 110.935316, -7.77847 ], [ 110.935266, -7.778106 ], [ 110.934876, -7.776973 ], [ 110.934835, -7.776852 ], [ 110.934624, -7.776555 ], [ 110.934528, -7.776469 ], [ 110.934355, -7.77646 ], [ 110.934038, -7.77667 ], [ 110.933395, -7.777235 ], [ 110.933116, -7.777417 ], [ 110.932838, -7.777541 ], [ 110.932579, -7.777646 ], [ 110.932291, -7.777685 ], [ 110.932099, -7.777608 ], [ 110.931984, -7.777436 ], [ 110.931667, -7.776564 ], [ 110.931024, -7.77531 ], [ 110.930285, -7.774113 ], [ 110.929604, -7.773156 ], [ 110.929719, -7.772725 ], [ 110.929767, -7.771988 ], [ 110.92971, -7.771414 ], [ 110.929547, -7.770954 ], [ 110.929374, -7.770858 ], [ 110.92899, -7.770743 ], [ 110.927579, -7.770896 ], [ 110.925726, -7.771021 ], [ 110.925218, -7.77102 ], [ 110.924872, -7.771001 ], [ 110.924565, -7.770934 ], [ 110.923951, -7.770762 ], [ 110.923688, -7.770589 ], [ 110.923586, -7.770522 ], [ 110.923125, -7.770158 ], [ 110.922838, -7.769814 ], [ 110.922766, -7.769672 ], [ 110.922502, -7.769144 ], [ 110.922155, -7.768507 ], [ 110.92208, -7.768368 ], [ 110.921686, -7.767755 ], [ 110.92136, -7.767458 ], [ 110.921053, -7.767229 ], [ 110.920381, -7.766836 ], [ 110.919776, -7.766443 ], [ 110.919268, -7.766032 ], [ 110.918682, -7.765534 ], [ 110.918279, -7.764902 ], [ 110.917895, -7.76427 ], [ 110.917531, -7.763293 ], [ 110.917137, -7.761946 ], [ 110.916946, -7.761292 ], [ 110.916618, -7.760708 ], [ 110.916591, -7.76066 ], [ 110.916341, -7.760421 ], [ 110.915957, -7.760287 ], [ 110.914854, -7.760067 ], [ 110.914038, -7.759827 ], [ 110.913399, -7.759638 ], [ 110.913068, -7.75954 ], [ 110.912483, -7.759214 ], [ 110.912224, -7.758889 ], [ 110.9122, -7.758809 ], [ 110.912128, -7.758563 ], [ 110.911926, -7.758199 ], [ 110.911217, -7.756639 ], [ 110.910794, -7.755854 ], [ 110.910554, -7.75571 ], [ 110.909998, -7.755614 ], [ 110.909431, -7.755671 ], [ 110.908692, -7.755767 ], [ 110.907685, -7.755891 ], [ 110.906754, -7.755824 ], [ 110.906034, -7.755584 ], [ 110.905439, -7.755192 ], [ 110.905093, -7.754818 ], [ 110.904623, -7.753909 ], [ 110.90398, -7.752607 ], [ 110.903462, -7.75207 ], [ 110.903117, -7.751821 ], [ 110.902666, -7.751783 ], [ 110.90231, -7.75186 ], [ 110.902051, -7.751898 ], [ 110.901706, -7.751898 ], [ 110.899345, -7.751476 ], [ 110.897185, -7.751112 ], [ 110.896657, -7.75114 ], [ 110.896331, -7.751111 ], [ 110.895765, -7.750968 ], [ 110.895304, -7.750776 ], [ 110.894959, -7.750699 ], [ 110.894731, -7.750699 ], [ 110.894699, -7.750699 ], [ 110.894411, -7.750843 ], [ 110.894287, -7.751015 ], [ 110.894066, -7.751226 ], [ 110.893768, -7.751436 ], [ 110.893231, -7.751541 ], [ 110.892511, -7.751513 ], [ 110.892205, -7.751509 ], [ 110.891733, -7.751503 ], [ 110.889977, -7.751579 ], [ 110.88876, -7.7518 ], [ 110.888662, -7.751818 ], [ 110.887994, -7.751981 ], [ 110.887541, -7.752092 ], [ 110.887059, -7.75221 ], [ 110.886521, -7.752564 ], [ 110.886438, -7.75265 ], [ 110.886166, -7.752928 ], [ 110.885897, -7.753215 ], [ 110.885638, -7.753636 ], [ 110.885523, -7.754 ], [ 110.885446, -7.754526 ], [ 110.885369, -7.754881 ], [ 110.885119, -7.75512 ], [ 110.88486, -7.755206 ], [ 110.884371, -7.755244 ], [ 110.883958, -7.755196 ], [ 110.883344, -7.75511 ], [ 110.882962, -7.754895 ], [ 110.882883, -7.754851 ], [ 110.88271, -7.754698 ], [ 110.88272, -7.75443 ], [ 110.882931, -7.753894 ], [ 110.883018, -7.753463 ], [ 110.883207, -7.752649 ], [ 110.883258, -7.752429 ], [ 110.883508, -7.751788 ], [ 110.883594, -7.751357 ], [ 110.883594, -7.750993 ], [ 110.883498, -7.750639 ], [ 110.883364, -7.750352 ], [ 110.883115, -7.750055 ], [ 110.88274, -7.749816 ], [ 110.882558, -7.749662 ], [ 110.882491, -7.749404 ], [ 110.882442, -7.749343 ], [ 110.882232, -7.749088 ], [ 110.88193, -7.748857 ], [ 110.881781, -7.748743 ], [ 110.880418, -7.747814 ], [ 110.879987, -7.747492 ], [ 110.879783, -7.74734 ], [ 110.879624, -7.747221 ], [ 110.879353, -7.747019 ], [ 110.879246, -7.746961 ], [ 110.878739, -7.746684 ], [ 110.878259, -7.746483 ], [ 110.877818, -7.746368 ], [ 110.877501, -7.746358 ], [ 110.877175, -7.746377 ], [ 110.876896, -7.746463 ], [ 110.876647, -7.746693 ], [ 110.876585, -7.746895 ], [ 110.876579, -7.746913 ], [ 110.87656, -7.74702 ], [ 110.876531, -7.747181 ], [ 110.876531, -7.747554 ], [ 110.876656, -7.747918 ], [ 110.876915, -7.748521 ], [ 110.877279, -7.749211 ], [ 110.877577, -7.74946 ], [ 110.877865, -7.749661 ], [ 110.878373, -7.749977 ], [ 110.878652, -7.750341 ], [ 110.878747, -7.750609 ], [ 110.878747, -7.750973 ], [ 110.87868, -7.751346 ], [ 110.878478, -7.7517 ], [ 110.878258, -7.752016 ], [ 110.877845, -7.752198 ], [ 110.877422, -7.752332 ], [ 110.877029, -7.752408 ], [ 110.876712, -7.752379 ], [ 110.87629, -7.752197 ], [ 110.875801, -7.751766 ], [ 110.875474, -7.751259 ], [ 110.875177, -7.750771 ], [ 110.874764, -7.750483 ], [ 110.874208, -7.750139 ], [ 110.873574, -7.749842 ], [ 110.873181, -7.749717 ], [ 110.872759, -7.74964 ], [ 110.87248, -7.749698 ], [ 110.872036, -7.74982 ], [ 110.871923, -7.749851 ], [ 110.871415, -7.749956 ], [ 110.87104, -7.750042 ], [ 110.870532, -7.750185 ], [ 110.870148, -7.750386 ], [ 110.86962, -7.750759 ], [ 110.86842, -7.751736 ], [ 110.867498, -7.752616 ], [ 110.867171, -7.753114 ], [ 110.866778, -7.753688 ], [ 110.866595, -7.753889 ], [ 110.866535, -7.753937 ], [ 110.866403, -7.754042 ], [ 110.866173, -7.754157 ], [ 110.865962, -7.754205 ], [ 110.865635, -7.754128 ], [ 110.86504, -7.753888 ], [ 110.864388, -7.753544 ], [ 110.864129, -7.753247 ], [ 110.864062, -7.753157 ], [ 110.863894, -7.752928 ], [ 110.863755, -7.752739 ], [ 110.863566, -7.75235 ], [ 110.863361, -7.751925 ], [ 110.863322, -7.751819 ], [ 110.86323, -7.75157 ], [ 110.862796, -7.750394 ], [ 110.862679, -7.750059 ], [ 110.862508, -7.74957 ], [ 110.862212, -7.749021 ], [ 110.862082, -7.748781 ], [ 110.862078, -7.748773 ], [ 110.862038, -7.748699 ], [ 110.862006, -7.748658 ], [ 110.861847, -7.748452 ], [ 110.861505, -7.748009 ], [ 110.861424, -7.747904 ], [ 110.861054, -7.747561 ], [ 110.860912, -7.74743 ], [ 110.860618, -7.747157 ], [ 110.860388, -7.746975 ], [ 110.86009, -7.746879 ], [ 110.859706, -7.746898 ], [ 110.859581, -7.746931 ], [ 110.859236, -7.747023 ], [ 110.858919, -7.747031 ], [ 110.8589, -7.747032 ], [ 110.858305, -7.746984 ], [ 110.857595, -7.746869 ], [ 110.857374, -7.746805 ], [ 110.857163, -7.746744 ], [ 110.85676, -7.746715 ], [ 110.856404, -7.746811 ], [ 110.856099, -7.746989 ], [ 110.855655, -7.747247 ], [ 110.855252, -7.747481 ], [ 110.854962, -7.747672 ], [ 110.8546, -7.747911 ], [ 110.854209, -7.748106 ], [ 110.85413, -7.74835 ], [ 110.85428, -7.74884 ], [ 110.85433, -7.74923 ], [ 110.85403, -7.75 ], [ 110.85402, -7.75052 ], [ 110.854024, -7.750648 ], [ 110.853976, -7.750643 ], [ 110.853941, -7.751163 ], [ 110.853899, -7.751764 ], [ 110.853926, -7.75191 ], [ 110.853985, -7.752425 ], [ 110.853985, -7.75273 ], [ 110.853898, -7.753029 ], [ 110.853715, -7.753673 ], [ 110.853646, -7.75387 ], [ 110.853517, -7.754172 ], [ 110.853259, -7.754609 ], [ 110.853202, -7.754695 ], [ 110.853109, -7.754905 ], [ 110.852986, -7.755069 ], [ 110.852773, -7.755246 ], [ 110.85253, -7.755374 ], [ 110.852182, -7.755467 ], [ 110.851745, -7.75552 ], [ 110.851361, -7.755534 ], [ 110.850977, -7.7555 ], [ 110.850584, -7.755347 ], [ 110.850219, -7.755117 ], [ 110.849994, -7.754921 ], [ 110.849734, -7.75461 ], [ 110.849399, -7.754112 ], [ 110.849125, -7.753578 ], [ 110.848979, -7.753347 ], [ 110.848866, -7.752857 ], [ 110.848814, -7.752426 ], [ 110.848754, -7.752192 ], [ 110.848804, -7.752005 ], [ 110.848847, -7.751808 ], [ 110.848993, -7.751373 ], [ 110.849125, -7.75075 ], [ 110.849218, -7.75037 ], [ 110.849311, -7.750161 ], [ 110.849361, -7.75 ], [ 110.849599, -7.749192 ], [ 110.849647, -7.748637 ], [ 110.849743, -7.748168 ], [ 110.849877, -7.747757 ], [ 110.850172, -7.747276 ], [ 110.850197, -7.747234 ], [ 110.850223, -7.747192 ], [ 110.850819, -7.746235 ], [ 110.851081, -7.745784 ], [ 110.851103, -7.745746 ], [ 110.85119, -7.74557 ], [ 110.851203, -7.74554 ], [ 110.851203, -7.74553 ], [ 110.851203, -7.745153 ], [ 110.851379, -7.744633 ], [ 110.851501, -7.744272 ], [ 110.851516, -7.744163 ], [ 110.851517, -7.744153 ], [ 110.851549, -7.743918 ], [ 110.851482, -7.74366 ], [ 110.851338, -7.743277 ], [ 110.851204, -7.743066 ], [ 110.850983, -7.742817 ], [ 110.850587, -7.74268 ], [ 110.849927, -7.742453 ], [ 110.848788, -7.742063 ], [ 110.848744, -7.742048 ], [ 110.84724, -7.741533 ], [ 110.846874, -7.741373 ], [ 110.846539, -7.741226 ], [ 110.846143, -7.741053 ], [ 110.846079, -7.741025 ], [ 110.845618, -7.740881 ], [ 110.845091, -7.740919 ], [ 110.844755, -7.741034 ], [ 110.844467, -7.741101 ], [ 110.844325, -7.741128 ], [ 110.844159, -7.741158 ], [ 110.843958, -7.741149 ], [ 110.843526, -7.741091 ], [ 110.843219, -7.740967 ], [ 110.842912, -7.740727 ], [ 110.842753, -7.740575 ], [ 110.84275, -7.740572 ], [ 110.842691, -7.740516 ], [ 110.842516, -7.740413 ], [ 110.842432, -7.740363 ], [ 110.842211, -7.740334 ], [ 110.841875, -7.740411 ], [ 110.841688, -7.740534 ], [ 110.84159, -7.74057 ], [ 110.841427, -7.740567 ], [ 110.841344, -7.740598 ], [ 110.840927, -7.740754 ], [ 110.840462, -7.740983 ], [ 110.840337, -7.741074 ], [ 110.84015, -7.741294 ], [ 110.840073, -7.741359 ], [ 110.839751, -7.741634 ], [ 110.839612, -7.741758 ], [ 110.83954, -7.741849 ], [ 110.83954, -7.741926 ], [ 110.839569, -7.742079 ], [ 110.83955, -7.742242 ], [ 110.838917, -7.742574 ], [ 110.83839, -7.74254 ], [ 110.83774, -7.74251 ], [ 110.83751, -7.742 ], [ 110.83729, -7.74148 ], [ 110.83704, -7.74134 ], [ 110.83678, -7.74118 ], [ 110.83679, -7.74092 ], [ 110.836831, -7.740418 ], [ 110.83687, -7.73995 ], [ 110.83693, -7.73974 ], [ 110.836954, -7.739407 ], [ 110.836559, -7.739251 ], [ 110.836328, -7.739107 ], [ 110.836069, -7.738772 ], [ 110.835763, -7.737958 ], [ 110.835427, -7.737364 ], [ 110.835177, -7.737039 ], [ 110.834698, -7.736387 ], [ 110.83443, -7.735904 ], [ 110.83424, -7.73605 ], [ 110.83363, -7.73661 ], [ 110.8328, -7.73716 ], [ 110.832657, -7.737211 ], [ 110.8321, -7.73741 ], [ 110.83172, -7.73746 ], [ 110.83153, -7.73732 ], [ 110.83153, -7.73694 ], [ 110.83154, -7.73631 ], [ 110.83164, -7.73609 ], [ 110.83168, -7.73594 ], [ 110.83177, -7.73567 ], [ 110.83184, -7.73531 ], [ 110.8318, -7.73469 ], [ 110.83185, -7.73426 ], [ 110.83211, -7.73395 ], [ 110.83277, -7.73362 ], [ 110.83299, -7.73321 ], [ 110.832952, -7.732978 ], [ 110.832674, -7.732634 ], [ 110.832217, -7.732011 ], [ 110.83207, -7.73181 ], [ 110.831817, -7.731413 ], [ 110.831686, -7.731207 ], [ 110.831619, -7.731102 ], [ 110.831535, -7.730879 ], [ 110.831394, -7.730503 ], [ 110.831332, -7.730106 ], [ 110.831332, -7.729914 ], [ 110.831385, -7.729512 ], [ 110.831399, -7.72945 ], [ 110.831471, -7.729134 ], [ 110.831639, -7.728756 ], [ 110.831764, -7.728498 ], [ 110.831836, -7.728129 ], [ 110.831871, -7.727937 ], [ 110.831904, -7.727761 ], [ 110.831952, -7.727502 ], [ 110.831917, -7.727337 ], [ 110.831887, -7.727195 ], [ 110.831861, -7.727071 ], [ 110.831774, -7.72677 ], [ 110.83164, -7.726535 ], [ 110.831621, -7.726517 ], [ 110.8314, -7.726315 ], [ 110.831184, -7.726195 ], [ 110.830973, -7.726162 ], [ 110.830776, -7.726142 ], [ 110.830484, -7.726195 ], [ 110.830258, -7.726305 ], [ 110.829913, -7.72653 ], [ 110.829557, -7.726673 ], [ 110.829058, -7.726864 ], [ 110.828439, -7.727147 ], [ 110.828325, -7.727194 ], [ 110.827633, -7.727481 ], [ 110.826743, -7.727887 ], [ 110.826342, -7.72807 ], [ 110.826063, -7.728132 ], [ 110.825897, -7.728152 ], [ 110.825751, -7.72817 ], [ 110.825611, -7.728175 ], [ 110.825339, -7.728184 ], [ 110.825027, -7.728127 ], [ 110.824695, -7.728035 ], [ 110.824557, -7.727997 ], [ 110.82413, -7.727801 ], [ 110.8241, -7.727768 ], [ 110.82407, -7.727734 ], [ 110.823947, -7.7276 ], [ 110.823862, -7.727466 ], [ 110.823689, -7.727192 ], [ 110.823683, -7.727183 ], [ 110.823684, -7.726599 ], [ 110.823809, -7.726192 ], [ 110.824025, -7.725843 ], [ 110.824615, -7.725283 ], [ 110.825095, -7.72479 ], [ 110.825556, -7.724221 ], [ 110.825674, -7.723983 ], [ 110.825763, -7.723804 ], [ 110.825941, -7.723245 ], [ 110.825948, -7.723018 ], [ 110.825955, -7.722804 ], [ 110.825783, -7.722158 ], [ 110.825514, -7.721827 ], [ 110.825149, -7.721555 ], [ 110.824742, -7.721305 ], [ 110.823864, -7.720965 ], [ 110.823451, -7.72084 ], [ 110.823377, -7.720818 ], [ 110.823168, -7.720754 ], [ 110.822693, -7.720553 ], [ 110.822526, -7.72047 ], [ 110.822327, -7.720371 ], [ 110.822267, -7.720341 ], [ 110.821992, -7.720203 ], [ 110.821374, -7.719911 ], [ 110.820966, -7.719729 ], [ 110.820789, -7.719715 ], [ 110.820721, -7.71971 ], [ 110.818951, -7.718972 ], [ 110.817684, -7.718445 ], [ 110.817094, -7.718081 ], [ 110.816667, -7.717588 ], [ 110.816475, -7.717171 ], [ 110.816453, -7.716965 ], [ 110.816432, -7.716764 ], [ 110.816536, -7.715806 ], [ 110.816582, -7.71539 ], [ 110.816731, -7.714304 ], [ 110.816693, -7.714079 ], [ 110.816578, -7.713828 ], [ 110.816491, -7.713639 ], [ 110.816415, -7.713547 ], [ 110.816141, -7.713217 ], [ 110.815916, -7.713083 ], [ 110.815642, -7.713073 ], [ 110.815359, -7.713102 ], [ 110.8151, -7.713212 ], [ 110.815004, -7.713292 ], [ 110.81491, -7.71337 ], [ 110.814901, -7.713375 ], [ 110.814891, -7.713334 ], [ 110.814862, -7.713217 ], [ 110.814858, -7.713201 ], [ 110.814855, -7.713187 ], [ 110.814805, -7.712984 ], [ 110.814799, -7.712961 ], [ 110.814779, -7.712881 ], [ 110.814829, -7.712842 ], [ 110.815071, -7.712655 ], [ 110.815346, -7.712396 ], [ 110.815533, -7.712221 ], [ 110.81558, -7.712157 ], [ 110.815761, -7.711922 ], [ 110.815864, -7.711814 ], [ 110.815908, -7.71178 ], [ 110.815923, -7.711768 ], [ 110.81618, -7.711515 ], [ 110.816513, -7.711072 ], [ 110.816676, -7.710882 ], [ 110.816791, -7.710747 ], [ 110.816865, -7.710666 ], [ 110.817324, -7.710159 ], [ 110.817457, -7.710005 ], [ 110.817572, -7.709862 ], [ 110.817653, -7.709761 ], [ 110.81766, -7.709744 ], [ 110.817694, -7.709671 ], [ 110.817769, -7.709598 ], [ 110.817849, -7.709508 ], [ 110.817924, -7.709436 ], [ 110.817951, -7.709408 ], [ 110.818028, -7.709326 ], [ 110.818194, -7.709149 ], [ 110.818365, -7.708965 ], [ 110.81863, -7.708667 ], [ 110.819319, -7.707826 ], [ 110.819373, -7.70776 ], [ 110.819376, -7.707756 ], [ 110.819614, -7.707464 ], [ 110.819658, -7.70741 ], [ 110.819697, -7.707383 ], [ 110.819698, -7.707383 ], [ 110.819893, -7.707157 ], [ 110.820107, -7.70694 ], [ 110.820265, -7.706768 ], [ 110.820399, -7.706586 ], [ 110.820666, -7.706225 ], [ 110.82087, -7.705981 ], [ 110.82097, -7.705864 ], [ 110.821416, -7.705376 ], [ 110.821954, -7.704788 ], [ 110.821956, -7.704789 ], [ 110.822684, -7.705105 ], [ 110.822802, -7.705161 ], [ 110.823054, -7.705283 ], [ 110.823683, -7.705584 ], [ 110.823712, -7.705614 ], [ 110.82391, -7.705811 ], [ 110.82392, -7.705827 ], [ 110.823941, -7.70586 ], [ 110.823944, -7.705866 ], [ 110.824071, -7.705978 ], [ 110.824186, -7.706068 ], [ 110.824359, -7.706203 ], [ 110.82444, -7.706333 ], [ 110.824402, -7.706519 ], [ 110.824373, -7.706697 ], [ 110.824387, -7.706908 ], [ 110.824391, -7.706964 ], [ 110.824391, -7.706965 ], [ 110.824391, -7.706965 ], [ 110.824392, -7.706965 ], [ 110.824394, -7.706966 ], [ 110.82457, -7.707021 ], [ 110.82446, -7.707214 ], [ 110.824477, -7.707257 ], [ 110.824514, -7.707349 ], [ 110.824721, -7.7076 ], [ 110.824939, -7.707864 ], [ 110.824976, -7.707909 ], [ 110.825143, -7.708113 ], [ 110.825303, -7.70831 ], [ 110.82539, -7.708416 ], [ 110.825626, -7.70876 ], [ 110.825645, -7.70879 ], [ 110.82566, -7.708813 ], [ 110.825844, -7.709104 ], [ 110.825869, -7.70922 ], [ 110.825948, -7.709593 ], [ 110.825949, -7.709679 ], [ 110.825952, -7.709909 ], [ 110.825963, -7.710714 ], [ 110.825971, -7.710866 ], [ 110.825984, -7.711079 ], [ 110.82599, -7.711194 ] ] ] } }
]
}
